2026-01-12 16:20:36,895 - app - INFO - Initializing database...
2026-01-12 16:20:36,897 - app - INFO - Starting background scraper (interval: 30 min)...
2026-01-12 16:20:36,897 - app - INFO - Application startup complete
2026-01-12 16:20:36,898 - jobs - INFO - Starting scrape #1...
2026-01-12 16:21:37,527 - jobs - INFO - Fetched 25 articles from sources
2026-01-12 16:21:38,467 - jobs - INFO - Scrape #1 complete: 2 added, 23 duplicates, 2 clickbait filtered
2026-01-12 16:21:38,468 - jobs - INFO - Next scrape in 30 minutes...
2026-01-12 16:22:38,591 - app - INFO - Initializing database...
2026-01-12 16:22:38,596 - app - INFO - Starting background scraper (interval: 30 min)...
2026-01-12 16:22:38,597 - app - INFO - Application startup complete
2026-01-12 16:22:38,598 - jobs - INFO - Starting scrape #1...
2026-01-12 16:23:41,278 - jobs - INFO - Fetched 25 articles from sources
2026-01-12 16:23:42,385 - jobs - INFO - Scrape #1 complete: 0 added, 25 duplicates, 0 clickbait filtered
2026-01-12 16:23:42,385 - jobs - INFO - Next scrape in 30 minutes...
2026-01-13 10:06:36,718 - app - INFO - Initializing database...
2026-01-13 10:06:36,726 - app - INFO - Starting background scraper (interval: 30 min)...
2026-01-13 10:06:36,727 - app - INFO - Application startup complete
2026-01-13 10:06:36,727 - jobs - INFO - Starting scrape #1...
2026-01-13 10:08:24,086 - jobs - INFO - Fetched 28 articles from sources
2026-01-13 10:08:25,318 - jobs - INFO - Scrape #1 complete: 27 added, 1 duplicates, 27 clickbait filtered
2026-01-13 10:08:25,318 - jobs - INFO - Next scrape in 30 minutes...
2026-01-13 10:09:50,028 - app - INFO - Initializing database...
2026-01-13 10:09:50,030 - app - INFO - Starting background scraper (interval: 30 min)...
2026-01-13 10:09:50,030 - app - INFO - Application startup complete
2026-01-13 10:09:50,035 - jobs - INFO - Starting scrape #1...
2026-01-13 10:11:06,916 - jobs - INFO - Fetched 28 articles from sources
2026-01-13 10:11:08,025 - jobs - INFO - Scrape #1 complete: 1 added, 27 duplicates, 1 clickbait filtered
2026-01-13 10:11:08,026 - jobs - INFO - Next scrape in 30 minutes...
2026-01-13 10:13:16,439 - app - INFO - Initializing database...
2026-01-13 10:13:16,442 - app - INFO - Starting background scraper (interval: 30 min)...
2026-01-13 10:13:16,442 - app - INFO - Application startup complete
2026-01-13 10:13:16,444 - jobs - INFO - Starting scrape #1...
2026-01-13 10:14:39,961 - jobs - INFO - Fetched 28 articles from sources
2026-01-13 10:14:41,162 - jobs - INFO - Scrape #1 complete: 1 added, 27 duplicates, 1 clickbait filtered
2026-01-13 10:14:41,162 - jobs - INFO - Next scrape in 30 minutes...
2026-01-13 10:21:19,603 - passlib.handlers.bcrypt - WARNING - (trapped) error reading bcrypt version
Traceback (most recent call last):
  File "D:\smartnews\.venv\Lib\site-packages\passlib\handlers\bcrypt.py", line 620, in _load_backend_mixin
    version = _bcrypt.__about__.__version__
              ^^^^^^^^^^^^^^^^^
AttributeError: module 'bcrypt' has no attribute '__about__'
2026-01-13 10:21:19,625 - app - ERROR - Global error: password cannot be longer than 72 bytes, truncate manually if necessary (e.g. my_password[:72])
Traceback (most recent call last):
  File "D:\smartnews\.venv\Lib\site-packages\starlette\middleware\errors.py", line 164, in __call__
    await self.app(scope, receive, _send)
  File "D:\smartnews\.venv\Lib\site-packages\starlette\middleware\cors.py", line 85, in __call__
    await self.app(scope, receive, send)
  File "D:\smartnews\.venv\Lib\site-packages\starlette\middleware\exceptions.py", line 63, in __call__
    await wrap_app_handling_exceptions(self.app, conn)(scope, receive, send)
  File "D:\smartnews\.venv\Lib\site-packages\starlette\_exception_handler.py", line 53, in wrapped_app
    raise exc
  File "D:\smartnews\.venv\Lib\site-packages\starlette\_exception_handler.py", line 42, in wrapped_app
    await app(scope, receive, sender)
  File "D:\smartnews\.venv\Lib\site-packages\fastapi\middleware\asyncexitstack.py", line 18, in __call__
    await self.app(scope, receive, send)
  File "D:\smartnews\.venv\Lib\site-packages\starlette\routing.py", line 716, in __call__
    await self.middleware_stack(scope, receive, send)
  File "D:\smartnews\.venv\Lib\site-packages\starlette\routing.py", line 736, in app
    await route.handle(scope, receive, send)
  File "D:\smartnews\.venv\Lib\site-packages\starlette\routing.py", line 290, in handle
    await self.app(scope, receive, send)
  File "D:\smartnews\.venv\Lib\site-packages\fastapi\routing.py", line 115, in app
    await wrap_app_handling_exceptions(app, request)(scope, receive, send)
  File "D:\smartnews\.venv\Lib\site-packages\starlette\_exception_handler.py", line 53, in wrapped_app
    raise exc
  File "D:\smartnews\.venv\Lib\site-packages\starlette\_exception_handler.py", line 42, in wrapped_app
    await app(scope, receive, sender)
  File "D:\smartnews\.venv\Lib\site-packages\fastapi\routing.py", line 101, in app
    response = await f(request)
               ^^^^^^^^^^^^^^^^
  File "D:\smartnews\.venv\Lib\site-packages\fastapi\routing.py", line 355, in app
    raw_response = await run_endpoint_function(
                   ^^^^^^^^^^^^^^^^^^^^^^^^^^^^
    ...<3 lines>...
    )
    ^
  File "D:\smartnews\.venv\Lib\site-packages\fastapi\routing.py", line 243, in run_endpoint_function
    return await dependant.call(**values)
           ^^^^^^^^^^^^^^^^^^^^^^^^^^^^^^
  File "D:\smartnews\.venv\Lib\site-packages\slowapi\extension.py", line 734, in async_wrapper
    response = await func(*args, **kwargs)  # type: ignore
               ^^^^^^^^^^^^^^^^^^^^^^^^^^^
  File "D:\smartnews\backend\app.py", line 113, in signup
    hashed_password = get_password_hash(user_data.password)
  File "D:\smartnews\backend\auth.py", line 19, in get_password_hash
    return pwd_context.hash(password)
           ~~~~~~~~~~~~~~~~^^^^^^^^^^
  File "D:\smartnews\.venv\Lib\site-packages\passlib\context.py", line 2258, in hash
    return record.hash(secret, **kwds)
           ~~~~~~~~~~~^^^^^^^^^^^^^^^^
  File "D:\smartnews\.venv\Lib\site-packages\passlib\utils\handlers.py", line 779, in hash
    self.checksum = self._calc_checksum(secret)
                    ~~~~~~~~~~~~~~~~~~~^^^^^^^^
  File "D:\smartnews\.venv\Lib\site-packages\passlib\handlers\bcrypt.py", line 591, in _calc_checksum
    self._stub_requires_backend()
    ~~~~~~~~~~~~~~~~~~~~~~~~~~~^^
  File "D:\smartnews\.venv\Lib\site-packages\passlib\utils\handlers.py", line 2254, in _stub_requires_backend
    cls.set_backend()
    ~~~~~~~~~~~~~~~^^
  File "D:\smartnews\.venv\Lib\site-packages\passlib\utils\handlers.py", line 2156, in set_backend
    return owner.set_backend(name, dryrun=dryrun)
           ~~~~~~~~~~~~~~~~~^^^^^^^^^^^^^^^^^^^^^
  File "D:\smartnews\.venv\Lib\site-packages\passlib\utils\handlers.py", line 2163, in set_backend
    return cls.set_backend(name, dryrun=dryrun)
           ~~~~~~~~~~~~~~~^^^^^^^^^^^^^^^^^^^^^
  File "D:\smartnews\.venv\Lib\site-packages\passlib\utils\handlers.py", line 2188, in set_backend
    cls._set_backend(name, dryrun)
    ~~~~~~~~~~~~~~~~^^^^^^^^^^^^^^
  File "D:\smartnews\.venv\Lib\site-packages\passlib\utils\handlers.py", line 2311, in _set_backend
    super(SubclassBackendMixin, cls)._set_backend(name, dryrun)
    ~~~~~~~~~~~~~~~~~~~~~~~~~~~~~~~~~~~~~~~~~~~~~^^^^^^^^^^^^^^
  File "D:\smartnews\.venv\Lib\site-packages\passlib\utils\handlers.py", line 2224, in _set_backend
    ok = loader(**kwds)
  File "D:\smartnews\.venv\Lib\site-packages\passlib\handlers\bcrypt.py", line 626, in _load_backend_mixin
    return mixin_cls._finalize_backend_mixin(name, dryrun)
           ~~~~~~~~~~~~~~~~~~~~~~~~~~~~~~~~~^^^^^^^^^^^^^^
  File "D:\smartnews\.venv\Lib\site-packages\passlib\handlers\bcrypt.py", line 421, in _finalize_backend_mixin
    if detect_wrap_bug(IDENT_2A):
       ~~~~~~~~~~~~~~~^^^^^^^^^^
  File "D:\smartnews\.venv\Lib\site-packages\passlib\handlers\bcrypt.py", line 380, in detect_wrap_bug
    if verify(secret, bug_hash):
       ~~~~~~^^^^^^^^^^^^^^^^^^
  File "D:\smartnews\.venv\Lib\site-packages\passlib\utils\handlers.py", line 792, in verify
    return consteq(self._calc_checksum(secret), chk)
                   ~~~~~~~~~~~~~~~~~~~^^^^^^^^
  File "D:\smartnews\.venv\Lib\site-packages\passlib\handlers\bcrypt.py", line 655, in _calc_checksum
    hash = _bcrypt.hashpw(secret, config)
ValueError: password cannot be longer than 72 bytes, truncate manually if necessary (e.g. my_password[:72])
2026-01-13 10:31:22,270 - app - INFO - Initializing database...
2026-01-13 10:31:22,272 - app - INFO - Starting background scraper (interval: 30 min)...
2026-01-13 10:31:22,272 - app - INFO - Application startup complete
2026-01-13 10:31:22,274 - jobs - INFO - Starting scrape #1...
2026-01-13 10:34:05,765 - jobs - INFO - Fetched 66 articles from sources
2026-01-13 10:34:09,534 - jobs - INFO - Scrape #1 complete: 40 added, 26 duplicates, 40 clickbait filtered
2026-01-13 10:34:09,535 - jobs - INFO - Next scrape in 30 minutes...
2026-02-06 21:56:32 - app.core.logging - INFO - setup_logging:70 - Logging system initialized
2026-02-06 21:56:49 - app.core.logging - INFO - setup_logging:70 - Logging system initialized
2026-02-06 21:57:00 - app.core.logging - INFO - setup_logging:70 - Logging system initialized
2026-02-06 21:57:01 - app.core.security - INFO - dispatch:32 - GET / - testclient
2026-02-06 21:57:01 - app.core.security - INFO - dispatch:40 - Response: 200 - 0.002s
2026-02-06 21:57:01 - httpx - INFO - _send_single_request:1025 - HTTP Request: GET http://testserver/ "HTTP/1.1 200 OK"
2026-02-06 21:57:01 - app.core.security - INFO - dispatch:32 - GET /health - testclient
2026-02-06 21:57:01 - app.core.security - INFO - dispatch:40 - Response: 200 - 0.004s
2026-02-06 21:57:01 - httpx - INFO - _send_single_request:1025 - HTTP Request: GET http://testserver/health "HTTP/1.1 200 OK"
2026-02-06 21:57:01 - app.core.security - INFO - dispatch:32 - GET /news/stats - testclient
2026-02-06 21:57:01 - app.core.security - INFO - dispatch:40 - Response: 200 - 0.022s
2026-02-06 21:57:01 - httpx - INFO - _send_single_request:1025 - HTTP Request: GET http://testserver/news/stats "HTTP/1.1 200 OK"
2026-02-06 21:57:01 - app.core.security - INFO - dispatch:32 - GET /news/quick-feed - testclient
2026-02-06 21:57:01 - app.core.security - INFO - dispatch:40 - Response: 200 - 0.020s
2026-02-06 21:57:01 - httpx - INFO - _send_single_request:1025 - HTTP Request: GET http://testserver/news/quick-feed "HTTP/1.1 200 OK"
2026-02-06 21:57:09 - app.core.logging - INFO - setup_logging:70 - Logging system initialized
2026-02-06 21:57:11 - uvicorn.error - INFO - serve:76 - Started server process [13860]
2026-02-06 21:57:11 - uvicorn.error - INFO - startup:48 - Waiting for application startup.
2026-02-06 21:57:11 - jobs - INFO - init_db:15 - Initializing database...
2026-02-06 21:57:11 - jobs - INFO - run_scraper_loop:25 - Starting Newsroom Ingestion Cycle #1 at 2026-02-06 21:57:11.308004
2026-02-06 21:57:11 - jobs - INFO - run_scraper_loop:30 - Scraping source: Reuters
2026-02-06 21:57:11 - app.services.scraper_v2 - INFO - get_links:108 - Scraping feed: https://www.reuters.com/world/
2026-02-06 21:57:11 - uvicorn.error - INFO - startup:62 - Application startup complete.
2026-02-06 21:57:15 - app.services.scraper_v2 - INFO - get_links:108 - Scraping feed: https://www.reuters.com/business/
2026-02-06 21:57:18 - app.services.scraper_v2 - INFO - get_links:108 - Scraping feed: https://www.reuters.com/technology/
2026-02-06 21:57:21 - app.services.scraper_v2 - INFO - get_links:108 - Scraping feed: https://www.reuters.com/science/
2026-02-06 21:57:24 - jobs - INFO - run_scraper_loop:30 - Scraping source: Associated Press
2026-02-06 21:57:24 - app.services.scraper_v2 - INFO - get_links:108 - Scraping feed: https://apnews.com/hub/politics
2026-02-06 21:58:04 - app.services.scraper_v2 - INFO - get_links:108 - Scraping feed: https://apnews.com/hub/business
2026-02-06 21:58:34 - app.services.scraper_v2 - INFO - get_links:108 - Scraping feed: https://apnews.com/hub/science
2026-02-06 21:59:12 - app.services.scraper_v2 - INFO - get_links:108 - Scraping feed: https://apnews.com/hub/health
2026-02-06 21:59:46 - jobs - INFO - run_scraper_loop:30 - Scraping source: Bloomberg
2026-02-06 21:59:46 - app.services.scraper_v2 - INFO - get_links:108 - Scraping feed: https://www.bloomberg.com/technology
2026-02-06 21:59:46 - uvicorn.error - INFO - shutdown:265 - Shutting down
2026-02-06 21:59:46 - uvicorn.error - INFO - shutdown:67 - Waiting for application shutdown.
2026-02-06 21:59:46 - uvicorn.error - INFO - shutdown:78 - Application shutdown complete.
2026-02-06 21:59:46 - uvicorn.error - INFO - serve:86 - Finished server process [13860]
2026-02-06 21:59:46 - app.services.scraper_v2 - INFO - get_links:108 - Scraping feed: https://www.bloomberg.com/markets
2026-02-06 21:59:47 - app.services.scraper_v2 - INFO - get_links:108 - Scraping feed: https://www.bloomberg.com/politics
2026-02-06 21:59:49 - app.core.logging - INFO - setup_logging:70 - Logging system initialized
2026-02-06 21:59:51 - uvicorn.error - INFO - serve:76 - Started server process [21224]
2026-02-06 21:59:51 - uvicorn.error - INFO - startup:48 - Waiting for application startup.
2026-02-06 21:59:51 - jobs - INFO - init_db:15 - Initializing database...
2026-02-06 21:59:51 - jobs - INFO - run_scraper_loop:25 - Starting Newsroom Ingestion Cycle #1 at 2026-02-06 21:59:51.502275
2026-02-06 21:59:51 - jobs - INFO - run_scraper_loop:30 - Scraping source: Reuters
2026-02-06 21:59:51 - app.services.scraper_v2 - INFO - get_links:108 - Scraping feed: https://www.reuters.com/world/
2026-02-06 21:59:51 - uvicorn.error - INFO - startup:62 - Application startup complete.
2026-02-06 21:59:53 - app.services.scraper_v2 - INFO - get_links:108 - Scraping feed: https://www.reuters.com/business/
2026-02-06 21:59:55 - app.services.scraper_v2 - INFO - get_links:108 - Scraping feed: https://www.reuters.com/technology/
2026-02-06 21:59:57 - app.services.scraper_v2 - INFO - get_links:108 - Scraping feed: https://www.reuters.com/science/
2026-02-06 21:59:59 - jobs - INFO - run_scraper_loop:30 - Scraping source: Associated Press
2026-02-06 21:59:59 - app.services.scraper_v2 - INFO - get_links:108 - Scraping feed: https://apnews.com/hub/politics
2026-02-06 22:00:34 - app.services.scraper_v2 - INFO - get_links:108 - Scraping feed: https://apnews.com/hub/business
2026-02-06 22:01:01 - app.services.scraper_v2 - INFO - get_links:108 - Scraping feed: https://apnews.com/hub/science
2026-02-06 22:01:32 - app.services.scraper_v2 - INFO - get_links:108 - Scraping feed: https://apnews.com/hub/health
2026-02-06 22:02:07 - jobs - INFO - run_scraper_loop:30 - Scraping source: Bloomberg
2026-02-06 22:02:07 - app.services.scraper_v2 - INFO - get_links:108 - Scraping feed: https://www.bloomberg.com/technology
2026-02-06 22:02:07 - app.services.scraper_v2 - INFO - get_links:108 - Scraping feed: https://www.bloomberg.com/markets
2026-02-06 22:02:08 - app.services.scraper_v2 - INFO - get_links:108 - Scraping feed: https://www.bloomberg.com/politics
2026-02-06 22:02:09 - jobs - INFO - run_scraper_loop:30 - Scraping source: VentureBeat AI
2026-02-06 22:02:09 - app.services.scraper_v2 - INFO - get_links:108 - Scraping feed: https://venturebeat.com/category/ai/
2026-02-06 22:02:19 - jobs - INFO - run_scraper_loop:30 - Scraping source: AI News
2026-02-06 22:02:19 - app.services.scraper_v2 - INFO - get_links:108 - Scraping feed: https://www.artificialintelligence-news.com/
2026-02-06 22:02:19 - uvicorn.error - INFO - shutdown:265 - Shutting down
2026-02-06 22:02:19 - uvicorn.error - INFO - shutdown:67 - Waiting for application shutdown.
2026-02-06 22:02:19 - uvicorn.error - INFO - shutdown:78 - Application shutdown complete.
2026-02-06 22:02:19 - uvicorn.error - INFO - serve:86 - Finished server process [21224]
2026-02-06 22:02:21 - app.services.scraper_v2 - ERROR - get_links:127 - Failed to scrape feed https://www.artificialintelligence-news.com/: ('Connection aborted.', RemoteDisconnected('Remote end closed connection without response'))
2026-02-06 22:02:49 - app.core.logging - INFO - setup_logging:70 - Logging system initialized
2026-02-06 22:02:50 - uvicorn.error - INFO - serve:76 - Started server process [16776]
2026-02-06 22:02:50 - uvicorn.error - INFO - startup:48 - Waiting for application startup.
2026-02-06 22:02:50 - jobs - INFO - init_db:15 - Initializing database...
2026-02-06 22:02:50 - jobs - INFO - run_scraper_loop:25 - Starting Newsroom Ingestion Cycle #1 at 2026-02-06 22:02:50.789631
2026-02-06 22:02:50 - jobs - INFO - run_scraper_loop:30 - Scraping source: Reuters
2026-02-06 22:02:50 - app.services.scraper_v2 - INFO - get_links:108 - Scraping feed: https://www.reuters.com/world/
2026-02-06 22:02:50 - uvicorn.error - ERROR - send:136 - Traceback (most recent call last):
  File "C:\Users\binod\AppData\Local\Programs\Python\Python314\Lib\asyncio\runners.py", line 127, in run
    return self._loop.run_until_complete(task)
           ~~~~~~~~~~~~~~~~~~~~~~~~~~~~~^^^^^^
  File "C:\Users\binod\AppData\Local\Programs\Python\Python314\Lib\asyncio\base_events.py", line 719, in run_until_complete
    return future.result()
           ~~~~~~~~~~~~~^^
  File "D:\smartnews\.venv\Lib\site-packages\uvicorn\server.py", line 78, in serve
    await self.startup(sockets=sockets)
  File "D:\smartnews\.venv\Lib\site-packages\uvicorn\server.py", line 89, in startup
    await self.lifespan.startup()
  File "D:\smartnews\.venv\Lib\site-packages\uvicorn\lifespan\on.py", line 56, in startup
    await self.startup_event.wait()
  File "C:\Users\binod\AppData\Local\Programs\Python\Python314\Lib\asyncio\locks.py", line 213, in wait
    await fut
asyncio.exceptions.CancelledError

During handling of the above exception, another exception occurred:

Traceback (most recent call last):
  File "C:\Users\binod\AppData\Local\Programs\Python\Python314\Lib\asyncio\runners.py", line 204, in run
    return runner.run(main)
           ~~~~~~~~~~^^^^^^
  File "C:\Users\binod\AppData\Local\Programs\Python\Python314\Lib\asyncio\runners.py", line 132, in run
    raise KeyboardInterrupt()
KeyboardInterrupt

During handling of the above exception, another exception occurred:

Traceback (most recent call last):
  File "D:\smartnews\.venv\Lib\site-packages\starlette\routing.py", line 701, in lifespan
    await receive()
  File "D:\smartnews\.venv\Lib\site-packages\uvicorn\middleware\message_logger.py", line 62, in inner_receive
    message = await receive()
              ^^^^^^^^^^^^^^^
  File "D:\smartnews\.venv\Lib\site-packages\uvicorn\lifespan\on.py", line 139, in receive
    return await self.receive_queue.get()
           ^^^^^^^^^^^^^^^^^^^^^^^^^^^^^^
  File "C:\Users\binod\AppData\Local\Programs\Python\Python314\Lib\asyncio\queues.py", line 186, in get
    await getter
asyncio.exceptions.CancelledError

2026-02-06 22:02:55 - app.services.scraper_v2 - INFO - get_links:108 - Scraping feed: https://www.reuters.com/business/
2026-02-06 22:02:56 - app.services.scraper_v2 - INFO - get_links:108 - Scraping feed: https://www.reuters.com/technology/
2026-02-06 22:02:59 - app.services.scraper_v2 - INFO - get_links:108 - Scraping feed: https://www.reuters.com/science/
2026-02-06 22:02:59 - app.core.logging - INFO - setup_logging:70 - Logging system initialized
2026-02-06 22:03:00 - app.core.security - INFO - dispatch:32 - GET / - testclient
2026-02-06 22:03:00 - app.core.security - INFO - dispatch:40 - Response: 200 - 0.002s
2026-02-06 22:03:00 - httpx - INFO - _send_single_request:1025 - HTTP Request: GET http://testserver/ "HTTP/1.1 200 OK"
2026-02-06 22:03:00 - app.core.security - INFO - dispatch:32 - GET /health - testclient
2026-02-06 22:03:00 - app.core.security - INFO - dispatch:40 - Response: 200 - 0.003s
2026-02-06 22:03:00 - httpx - INFO - _send_single_request:1025 - HTTP Request: GET http://testserver/health "HTTP/1.1 200 OK"
2026-02-06 22:03:00 - app.core.security - INFO - dispatch:32 - GET /news/stats - testclient
2026-02-06 22:03:00 - app.core.security - INFO - dispatch:40 - Response: 200 - 0.032s
2026-02-06 22:03:00 - httpx - INFO - _send_single_request:1025 - HTTP Request: GET http://testserver/news/stats "HTTP/1.1 200 OK"
2026-02-06 22:03:00 - app.core.security - INFO - dispatch:32 - GET /news/quick-feed - testclient
2026-02-06 22:03:00 - app.core.security - INFO - dispatch:40 - Response: 200 - 0.027s
2026-02-06 22:03:00 - httpx - INFO - _send_single_request:1025 - HTTP Request: GET http://testserver/news/quick-feed "HTTP/1.1 200 OK"
2026-02-06 22:03:03 - app.core.logging - INFO - setup_logging:70 - Logging system initialized
2026-02-06 22:03:04 - uvicorn.error - INFO - serve:76 - Started server process [7184]
2026-02-06 22:03:04 - uvicorn.error - INFO - startup:48 - Waiting for application startup.
2026-02-06 22:03:04 - jobs - INFO - init_db:15 - Initializing database...
2026-02-06 22:03:04 - jobs - INFO - run_scraper_loop:25 - Starting Newsroom Ingestion Cycle #1 at 2026-02-06 22:03:04.886530
2026-02-06 22:03:04 - jobs - INFO - run_scraper_loop:30 - Scraping source: Reuters
2026-02-06 22:03:04 - app.services.scraper_v2 - INFO - get_links:108 - Scraping feed: https://www.reuters.com/world/
2026-02-06 22:03:04 - uvicorn.error - INFO - startup:62 - Application startup complete.
2026-02-06 22:03:07 - app.services.scraper_v2 - INFO - get_links:108 - Scraping feed: https://www.reuters.com/business/
2026-02-06 22:03:10 - app.services.scraper_v2 - INFO - get_links:108 - Scraping feed: https://www.reuters.com/technology/
2026-02-06 22:03:13 - app.services.scraper_v2 - INFO - get_links:108 - Scraping feed: https://www.reuters.com/science/
2026-02-06 22:03:15 - jobs - INFO - run_scraper_loop:30 - Scraping source: Associated Press
2026-02-06 22:03:15 - app.services.scraper_v2 - INFO - get_links:108 - Scraping feed: https://apnews.com/hub/politics
2026-02-06 22:03:23 - app.core.logging - INFO - setup_logging:70 - Logging system initialized
2026-02-06 22:03:24 - app.core.security - INFO - dispatch:32 - GET /api/v1/scraper/status - testclient
2026-02-06 22:03:24 - app.core.security - INFO - dispatch:40 - Response: 404 - 0.001s
2026-02-06 22:03:24 - httpx - INFO - _send_single_request:1025 - HTTP Request: GET http://testserver/api/v1/scraper/status "HTTP/1.1 404 Not Found"
2026-02-06 22:03:24 - app.core.security - INFO - dispatch:32 - POST /api/v1/scraper/scrape - testclient
2026-02-06 22:03:24 - app.core.security - INFO - dispatch:40 - Response: 404 - 0.001s
2026-02-06 22:03:24 - httpx - INFO - _send_single_request:1025 - HTTP Request: POST http://testserver/api/v1/scraper/scrape?max_articles=5 "HTTP/1.1 404 Not Found"
2026-02-06 22:03:40 - app.core.logging - INFO - setup_logging:70 - Logging system initialized
2026-02-06 22:03:41 - app.core.security - INFO - dispatch:32 - GET /api/v1/scraper/status - testclient
2026-02-06 22:03:41 - app.core.security - INFO - dispatch:40 - Response: 200 - 0.030s
2026-02-06 22:03:41 - httpx - INFO - _send_single_request:1025 - HTTP Request: GET http://testserver/api/v1/scraper/status "HTTP/1.1 200 OK"
2026-02-06 22:03:41 - app.core.security - INFO - dispatch:32 - POST /api/v1/scraper/scrape - testclient
2026-02-06 22:03:41 - app.api.v1.endpoints.scraper - INFO - trigger_scraping:41 - Manual scraping triggered for 5 articles
2026-02-06 22:03:41 - app.api.v1.endpoints.scraper - INFO - run_scraping_task:136 - Starting background scraping for 5 articles
2026-02-06 22:03:41 - app.scraper.scraper - INFO - scrape_all:191 - Starting news scraping for up to 5 articles
2026-02-06 22:03:41 - app.scraper.scraper - INFO - scrape_all:205 - Scraping BBC...
2026-02-06 22:03:42 - app.scraper.scraper - INFO - scrape_all:207 - Found 21 URLs from BBC
2026-02-06 22:03:42 - app.scraper.scraper - INFO - scrape_all:205 - Scraping CNN...
2026-02-06 22:03:47 - app.scraper.scraper - INFO - scrape_all:207 - Found 20 URLs from CNN
2026-02-06 22:03:47 - app.scraper.scraper - INFO - scrape_all:205 - Scraping Times of India...
2026-02-06 22:03:48 - app.scraper.scraper - INFO - scrape_all:207 - Found 0 URLs from Times of India
2026-02-06 22:03:48 - app.scraper.scraper - INFO - scrape_all:205 - Scraping The Verge...
2026-02-06 22:03:48 - app.scraper.scraper - INFO - scrape_all:207 - Found 0 URLs from The Verge
2026-02-06 22:03:48 - app.scraper.scraper - INFO - scrape_all:205 - Scraping Hacker News...
2026-02-06 22:03:52 - app.services.scraper_v2 - INFO - get_links:108 - Scraping feed: https://apnews.com/hub/business
2026-02-06 22:03:52 - uvicorn.error - INFO - shutdown:265 - Shutting down
2026-02-06 22:03:52 - uvicorn.error - INFO - shutdown:67 - Waiting for application shutdown.
2026-02-06 22:03:52 - uvicorn.error - INFO - shutdown:78 - Application shutdown complete.
2026-02-06 22:03:52 - uvicorn.error - INFO - serve:86 - Finished server process [7184]
2026-02-06 22:04:26 - app.services.scraper_v2 - INFO - get_links:108 - Scraping feed: https://apnews.com/hub/science
2026-02-06 22:04:51 - app.scraper.scraper - INFO - scrape_all:207 - Found 50 URLs from Hacker News
2026-02-06 22:04:51 - app.scraper.scraper - INFO - scrape_all:214 - Total unique URLs found: 91
2026-02-06 22:04:51 - app.scraper.scraper - INFO - scrape_all:220 - Processing article 1/5
2026-02-06 22:05:00 - app.services.scraper_v2 - INFO - get_links:108 - Scraping feed: https://apnews.com/hub/health
2026-02-06 22:05:15 - app.scraper.scraper - INFO - scrape_all:236 - Successfully scraped 4 articles
2026-02-06 22:05:15 - app.api.v1.endpoints.scraper - INFO - run_scraping_task:173 - Background scraping completed. Saved 4 new articles out of 4 scraped
2026-02-06 22:05:15 - app.core.security - INFO - dispatch:40 - Response: 200 - 93.977s
2026-02-06 22:05:15 - httpx - INFO - _send_single_request:1025 - HTTP Request: POST http://testserver/api/v1/scraper/scrape?max_articles=5 "HTTP/1.1 200 OK"
2026-02-06 22:05:41 - app.core.logging - INFO - setup_logging:70 - Logging system initialized
2026-02-06 22:05:42 - uvicorn.error - INFO - serve:76 - Started server process [20312]
2026-02-06 22:05:42 - uvicorn.error - INFO - startup:48 - Waiting for application startup.
2026-02-06 22:05:42 - jobs - INFO - init_db:15 - Initializing database...
2026-02-06 22:05:42 - jobs - INFO - run_scraper_loop:25 - Starting Newsroom Ingestion Cycle #1 at 2026-02-06 22:05:42.951456
2026-02-06 22:05:42 - jobs - INFO - run_scraper_loop:30 - Scraping source: Reuters
2026-02-06 22:05:42 - app.services.scraper_v2 - INFO - get_links:108 - Scraping feed: https://www.reuters.com/world/
2026-02-06 22:05:42 - uvicorn.error - INFO - startup:62 - Application startup complete.
2026-02-06 22:05:46 - app.services.scraper_v2 - INFO - get_links:108 - Scraping feed: https://www.reuters.com/business/
2026-02-06 22:05:49 - app.services.scraper_v2 - INFO - get_links:108 - Scraping feed: https://www.reuters.com/technology/
2026-02-06 22:05:52 - app.services.scraper_v2 - INFO - get_links:108 - Scraping feed: https://www.reuters.com/science/
2026-02-06 22:05:53 - jobs - INFO - run_scraper_loop:30 - Scraping source: Associated Press
2026-02-06 22:05:53 - app.services.scraper_v2 - INFO - get_links:108 - Scraping feed: https://apnews.com/hub/politics
2026-02-06 22:06:41 - app.services.scraper_v2 - INFO - get_links:108 - Scraping feed: https://apnews.com/hub/business
2026-02-06 22:07:12 - app.services.scraper_v2 - INFO - get_links:108 - Scraping feed: https://apnews.com/hub/science
2026-02-06 22:07:42 - app.core.logging - INFO - setup_logging:70 - Logging system initialized
2026-02-06 22:07:44 - app.services.scraper_v2 - INFO - get_links:108 - Scraping feed: https://apnews.com/hub/health
2026-02-06 22:08:06 - sentence_transformers.SentenceTransformer - INFO - __init__:219 - Use pytorch device_name: cpu
2026-02-06 22:08:06 - sentence_transformers.SentenceTransformer - INFO - __init__:227 - Load pretrained SentenceTransformer: all-MiniLM-L6-v2
2026-02-06 22:08:07 - httpx - INFO - _send_single_request:1025 - HTTP Request: HEAD https://huggingface.co/sentence-transformers/all-MiniLM-L6-v2/resolve/main/modules.json "HTTP/1.1 307 Temporary Redirect"
2026-02-06 22:08:07 - httpx - INFO - _send_single_request:1025 - HTTP Request: HEAD https://huggingface.co/api/resolve-cache/models/sentence-transformers/all-MiniLM-L6-v2/c9745ed1d9f207416be6d2e6f8de32d1f16199bf/modules.json "HTTP/1.1 200 OK"
2026-02-06 22:08:08 - httpx - INFO - _send_single_request:1025 - HTTP Request: HEAD https://huggingface.co/sentence-transformers/all-MiniLM-L6-v2/resolve/main/config_sentence_transformers.json "HTTP/1.1 307 Temporary Redirect"
2026-02-06 22:08:08 - httpx - INFO - _send_single_request:1025 - HTTP Request: HEAD https://huggingface.co/api/resolve-cache/models/sentence-transformers/all-MiniLM-L6-v2/c9745ed1d9f207416be6d2e6f8de32d1f16199bf/config_sentence_transformers.json "HTTP/1.1 200 OK"
2026-02-06 22:08:08 - httpx - INFO - _send_single_request:1025 - HTTP Request: HEAD https://huggingface.co/sentence-transformers/all-MiniLM-L6-v2/resolve/main/config_sentence_transformers.json "HTTP/1.1 307 Temporary Redirect"
2026-02-06 22:08:08 - httpx - INFO - _send_single_request:1025 - HTTP Request: HEAD https://huggingface.co/api/resolve-cache/models/sentence-transformers/all-MiniLM-L6-v2/c9745ed1d9f207416be6d2e6f8de32d1f16199bf/config_sentence_transformers.json "HTTP/1.1 200 OK"
2026-02-06 22:08:09 - httpx - INFO - _send_single_request:1025 - HTTP Request: HEAD https://huggingface.co/sentence-transformers/all-MiniLM-L6-v2/resolve/main/README.md "HTTP/1.1 307 Temporary Redirect"
2026-02-06 22:08:09 - httpx - INFO - _send_single_request:1025 - HTTP Request: HEAD https://huggingface.co/api/resolve-cache/models/sentence-transformers/all-MiniLM-L6-v2/c9745ed1d9f207416be6d2e6f8de32d1f16199bf/README.md "HTTP/1.1 200 OK"
2026-02-06 22:08:09 - httpx - INFO - _send_single_request:1025 - HTTP Request: HEAD https://huggingface.co/sentence-transformers/all-MiniLM-L6-v2/resolve/main/modules.json "HTTP/1.1 307 Temporary Redirect"
2026-02-06 22:08:09 - httpx - INFO - _send_single_request:1025 - HTTP Request: HEAD https://huggingface.co/api/resolve-cache/models/sentence-transformers/all-MiniLM-L6-v2/c9745ed1d9f207416be6d2e6f8de32d1f16199bf/modules.json "HTTP/1.1 200 OK"
2026-02-06 22:08:10 - httpx - INFO - _send_single_request:1025 - HTTP Request: HEAD https://huggingface.co/sentence-transformers/all-MiniLM-L6-v2/resolve/main/sentence_bert_config.json "HTTP/1.1 307 Temporary Redirect"
2026-02-06 22:08:10 - httpx - INFO - _send_single_request:1025 - HTTP Request: HEAD https://huggingface.co/api/resolve-cache/models/sentence-transformers/all-MiniLM-L6-v2/c9745ed1d9f207416be6d2e6f8de32d1f16199bf/sentence_bert_config.json "HTTP/1.1 200 OK"
2026-02-06 22:08:10 - httpx - INFO - _send_single_request:1025 - HTTP Request: HEAD https://huggingface.co/sentence-transformers/all-MiniLM-L6-v2/resolve/main/adapter_config.json "HTTP/1.1 404 Not Found"
2026-02-06 22:08:11 - httpx - INFO - _send_single_request:1025 - HTTP Request: HEAD https://huggingface.co/sentence-transformers/all-MiniLM-L6-v2/resolve/main/config.json "HTTP/1.1 307 Temporary Redirect"
2026-02-06 22:08:11 - httpx - INFO - _send_single_request:1025 - HTTP Request: HEAD https://huggingface.co/api/resolve-cache/models/sentence-transformers/all-MiniLM-L6-v2/c9745ed1d9f207416be6d2e6f8de32d1f16199bf/config.json "HTTP/1.1 200 OK"
2026-02-06 22:08:11 - httpx - INFO - _send_single_request:1025 - HTTP Request: HEAD https://huggingface.co/sentence-transformers/all-MiniLM-L6-v2/resolve/main/config.json "HTTP/1.1 307 Temporary Redirect"
2026-02-06 22:08:11 - httpx - INFO - _send_single_request:1025 - HTTP Request: HEAD https://huggingface.co/api/resolve-cache/models/sentence-transformers/all-MiniLM-L6-v2/c9745ed1d9f207416be6d2e6f8de32d1f16199bf/config.json "HTTP/1.1 200 OK"
2026-02-06 22:08:11 - httpx - INFO - _send_single_request:1025 - HTTP Request: HEAD https://huggingface.co/sentence-transformers/all-MiniLM-L6-v2/resolve/main/tokenizer_config.json "HTTP/1.1 307 Temporary Redirect"
2026-02-06 22:08:11 - httpx - INFO - _send_single_request:1025 - HTTP Request: HEAD https://huggingface.co/api/resolve-cache/models/sentence-transformers/all-MiniLM-L6-v2/c9745ed1d9f207416be6d2e6f8de32d1f16199bf/tokenizer_config.json "HTTP/1.1 200 OK"
2026-02-06 22:08:12 - httpx - INFO - _send_single_request:1025 - HTTP Request: GET https://huggingface.co/api/models/sentence-transformers/all-MiniLM-L6-v2/tree/main/additional_chat_templates?recursive=false&expand=false "HTTP/1.1 404 Not Found"
2026-02-06 22:08:12 - httpx - INFO - _send_single_request:1025 - HTTP Request: GET https://huggingface.co/api/models/sentence-transformers/all-MiniLM-L6-v2/tree/main?recursive=true&expand=false "HTTP/1.1 200 OK"
2026-02-06 22:08:12 - httpx - INFO - _send_single_request:1025 - HTTP Request: HEAD https://huggingface.co/sentence-transformers/all-MiniLM-L6-v2/resolve/main/1_Pooling/config.json "HTTP/1.1 307 Temporary Redirect"
2026-02-06 22:08:13 - httpx - INFO - _send_single_request:1025 - HTTP Request: HEAD https://huggingface.co/api/resolve-cache/models/sentence-transformers/all-MiniLM-L6-v2/c9745ed1d9f207416be6d2e6f8de32d1f16199bf/1_Pooling%2Fconfig.json "HTTP/1.1 200 OK"
2026-02-06 22:08:13 - httpx - INFO - _send_single_request:1025 - HTTP Request: GET https://huggingface.co/api/models/sentence-transformers/all-MiniLM-L6-v2 "HTTP/1.1 200 OK"
2026-02-06 22:08:13 - app.services.deduplicator - INFO - __init__:20 - Deduplicator loaded on cpu
2026-02-06 22:08:13 - uvicorn.error - INFO - _serve:84 - Started server process [20124]
2026-02-06 22:08:13 - uvicorn.error - INFO - startup:48 - Waiting for application startup.
2026-02-06 22:08:13 - jobs - INFO - init_db:15 - Initializing database...
2026-02-06 22:08:13 - jobs - INFO - run_scraper_loop:25 - Starting Newsroom Ingestion Cycle #1 at 2026-02-06 22:08:13.377758
2026-02-06 22:08:13 - jobs - INFO - run_scraper_loop:30 - Scraping source: Reuters
2026-02-06 22:08:13 - app.services.scraper_v2 - INFO - get_links:108 - Scraping feed: https://www.reuters.com/world/
2026-02-06 22:08:13 - uvicorn.error - INFO - startup:62 - Application startup complete.
2026-02-06 22:08:15 - app.services.scraper_v2 - INFO - get_links:108 - Scraping feed: https://www.reuters.com/business/
2026-02-06 22:08:16 - jobs - INFO - run_scraper_loop:30 - Scraping source: Bloomberg
2026-02-06 22:08:16 - app.services.scraper_v2 - INFO - get_links:108 - Scraping feed: https://www.bloomberg.com/technology
2026-02-06 22:08:16 - app.services.scraper_v2 - INFO - get_links:108 - Scraping feed: https://www.bloomberg.com/markets
2026-02-06 22:08:17 - app.services.scraper_v2 - INFO - get_links:108 - Scraping feed: https://www.bloomberg.com/politics
2026-02-06 22:08:18 - jobs - INFO - run_scraper_loop:30 - Scraping source: VentureBeat AI
2026-02-06 22:08:18 - app.services.scraper_v2 - INFO - get_links:108 - Scraping feed: https://venturebeat.com/category/ai/
2026-02-06 22:08:18 - app.services.scraper_v2 - INFO - get_links:108 - Scraping feed: https://www.reuters.com/technology/
2026-02-06 22:08:20 - app.services.scraper_v2 - INFO - get_links:108 - Scraping feed: https://www.reuters.com/science/
2026-02-06 22:08:22 - jobs - INFO - run_scraper_loop:30 - Scraping source: Associated Press
2026-02-06 22:08:22 - app.services.scraper_v2 - INFO - get_links:108 - Scraping feed: https://apnews.com/hub/politics
2026-02-06 22:08:26 - jobs - INFO - run_scraper_loop:30 - Scraping source: AI News
2026-02-06 22:08:26 - app.services.scraper_v2 - INFO - get_links:108 - Scraping feed: https://www.artificialintelligence-news.com/
2026-02-06 22:08:27 - app.services.scraper_v2 - ERROR - get_links:127 - Failed to scrape feed https://www.artificialintelligence-news.com/: ('Connection aborted.', RemoteDisconnected('Remote end closed connection without response'))
2026-02-06 22:08:27 - jobs - INFO - run_scraper_loop:30 - Scraping source: Sifted
2026-02-06 22:08:27 - app.services.scraper_v2 - INFO - get_links:108 - Scraping feed: https://sifted.eu/sections/artificial-intelligence/
2026-02-06 22:08:28 - app.services.scraper_v2 - INFO - get_links:108 - Scraping feed: https://sifted.eu/sections/startups/
2026-02-06 22:08:28 - jobs - INFO - run_scraper_loop:30 - Scraping source: Nature
2026-02-06 22:08:28 - app.services.scraper_v2 - INFO - get_links:108 - Scraping feed: https://www.nature.com/nature/articles?type=news
2026-02-06 22:08:32 - jobs - INFO - run_scraper_loop:30 - Scraping source: New Scientist
2026-02-06 22:08:32 - app.services.scraper_v2 - INFO - get_links:108 - Scraping feed: https://www.newscientist.com/section/news/
2026-02-06 22:08:44 - app.services.scraper_v2 - INFO - get_links:108 - Scraping feed: https://apnews.com/hub/business
2026-02-06 22:08:49 - app.services.scraper_v2 - INFO - get_links:108 - Scraping feed: https://www.newscientist.com/subject/environment/
2026-02-06 22:08:55 - app.core.security - INFO - dispatch:32 - GET /api/v1/scraper/status - 127.0.0.1
2026-02-06 22:08:55 - app.core.security - INFO - dispatch:40 - Response: 200 - 0.033s
2026-02-06 22:08:55 - uvicorn.access - INFO - send:483 - 127.0.0.1:54580 - "GET /api/v1/scraper/status HTTP/1.1" 200
2026-02-06 22:09:07 - app.core.security - INFO - dispatch:32 - GET /api/v1/scraper/status - 127.0.0.1
2026-02-06 22:09:07 - app.core.security - INFO - dispatch:40 - Response: 200 - 0.023s
2026-02-06 22:09:07 - uvicorn.access - INFO - send:483 - 127.0.0.1:54613 - "GET /api/v1/scraper/status HTTP/1.1" 200
2026-02-06 22:09:10 - app.services.scraper_v2 - INFO - get_links:108 - Scraping feed: https://apnews.com/hub/science
2026-02-06 22:09:24 - jobs - INFO - run_scraper_loop:30 - Scraping source: EdSurge
2026-02-06 22:09:24 - app.services.scraper_v2 - INFO - get_links:108 - Scraping feed: https://www.edsurge.com/news
2026-02-06 22:09:34 - app.services.scraper_v2 - INFO - get_links:108 - Scraping feed: https://apnews.com/hub/health
2026-02-06 22:09:53 - jobs - INFO - run_scraper_loop:30 - Scraping source: Inside Higher Ed
2026-02-06 22:09:53 - app.services.scraper_v2 - INFO - get_links:108 - Scraping feed: https://www.insidehighered.com/news
2026-02-06 22:10:01 - jobs - INFO - run_scraper_loop:30 - Scraping source: Bloomberg
2026-02-06 22:10:01 - app.services.scraper_v2 - INFO - get_links:108 - Scraping feed: https://www.bloomberg.com/technology
2026-02-06 22:10:01 - app.core.security - INFO - dispatch:32 - GET /api/v1/articles - 127.0.0.1
2026-02-06 22:10:01 - app.core.security - INFO - dispatch:32 - GET /api/v1/trending - 127.0.0.1
2026-02-06 22:10:01 - app.core.security - INFO - dispatch:40 - Response: 307 - 0.002s
2026-02-06 22:10:01 - uvicorn.access - INFO - send:483 - 127.0.0.1:61373 - "GET /api/v1/articles?limit=20 HTTP/1.1" 307
2026-02-06 22:10:01 - app.core.security - INFO - dispatch:40 - Response: 404 - 0.002s
2026-02-06 22:10:01 - uvicorn.access - INFO - send:483 - 127.0.0.1:61374 - "GET /api/v1/trending HTTP/1.1" 404
2026-02-06 22:10:02 - app.core.security - INFO - dispatch:32 - GET /api/v1/articles/ - 127.0.0.1
2026-02-06 22:10:02 - app.core.security - INFO - dispatch:32 - GET /api/v1/articles - 127.0.0.1
2026-02-06 22:10:02 - app.core.security - INFO - dispatch:32 - GET /api/v1/articles - 127.0.0.1
2026-02-06 22:10:02 - app.core.security - INFO - dispatch:32 - GET /api/v1/articles - 127.0.0.1
2026-02-06 22:10:02 - app.core.security - INFO - dispatch:32 - GET /api/v1/articles - 127.0.0.1
2026-02-06 22:10:02 - app.core.security - INFO - dispatch:32 - GET /api/v1/articles - 127.0.0.1
2026-02-06 22:10:02 - app.core.security - INFO - dispatch:32 - GET /api/v1/articles - 127.0.0.1
2026-02-06 22:10:02 - app.core.security - INFO - dispatch:32 - GET /api/v1/articles - 127.0.0.1
2026-02-06 22:10:02 - app.core.security - INFO - dispatch:32 - GET /api/v1/articles - 127.0.0.1
2026-02-06 22:10:02 - app.core.security - INFO - dispatch:32 - GET /api/v1/articles - 127.0.0.1
2026-02-06 22:10:02 - app.core.security - INFO - dispatch:32 - GET /api/v1/articles - 127.0.0.1
2026-02-06 22:10:02 - app.core.security - INFO - dispatch:32 - GET /api/v1/articles - 127.0.0.1
2026-02-06 22:10:02 - app.core.security - INFO - dispatch:40 - Response: 307 - 0.046s
2026-02-06 22:10:02 - app.core.security - INFO - dispatch:40 - Response: 307 - 0.046s
2026-02-06 22:10:02 - app.core.security - INFO - dispatch:40 - Response: 307 - 0.048s
2026-02-06 22:10:02 - app.core.security - INFO - dispatch:40 - Response: 307 - 0.048s
2026-02-06 22:10:02 - uvicorn.access - INFO - send:483 - 127.0.0.1:61377 - "GET /api/v1/articles?category=World&limit=20 HTTP/1.1" 307
2026-02-06 22:10:02 - app.core.security - INFO - dispatch:40 - Response: 307 - 0.048s
2026-02-06 22:10:02 - app.core.security - INFO - dispatch:40 - Response: 307 - 0.048s
2026-02-06 22:10:02 - app.core.security - INFO - dispatch:40 - Response: 307 - 0.048s
2026-02-06 22:10:02 - app.core.security - INFO - dispatch:40 - Response: 307 - 0.048s
2026-02-06 22:10:02 - app.core.security - INFO - dispatch:40 - Response: 307 - 0.048s
2026-02-06 22:10:02 - app.core.security - INFO - dispatch:40 - Response: 307 - 0.048s
2026-02-06 22:10:02 - app.core.security - INFO - dispatch:40 - Response: 307 - 0.048s
2026-02-06 22:10:02 - uvicorn.access - INFO - send:483 - 127.0.0.1:61378 - "GET /api/v1/articles?category=Business&limit=20 HTTP/1.1" 307
2026-02-06 22:10:02 - uvicorn.access - INFO - send:483 - 127.0.0.1:61379 - "GET /api/v1/articles?category=Technology&limit=20 HTTP/1.1" 307
2026-02-06 22:10:02 - uvicorn.access - INFO - send:483 - 127.0.0.1:61380 - "GET /api/v1/articles?category=AI+%26+Startups&limit=20 HTTP/1.1" 307
2026-02-06 22:10:02 - uvicorn.access - INFO - send:483 - 127.0.0.1:61382 - "GET /api/v1/articles?category=Health&limit=20 HTTP/1.1" 307
2026-02-06 22:10:02 - uvicorn.access - INFO - send:483 - 127.0.0.1:61386 - "GET /api/v1/articles?category=Environment&limit=20 HTTP/1.1" 307
2026-02-06 22:10:02 - uvicorn.access - INFO - send:483 - 127.0.0.1:61385 - "GET /api/v1/articles?category=Sports&limit=20 HTTP/1.1" 307
2026-02-06 22:10:02 - uvicorn.access - INFO - send:483 - 127.0.0.1:61383 - "GET /api/v1/articles?category=Politics&limit=20 HTTP/1.1" 307
2026-02-06 22:10:02 - uvicorn.access - INFO - send:483 - 127.0.0.1:61387 - "GET /api/v1/articles?category=Education&limit=20 HTTP/1.1" 307
2026-02-06 22:10:02 - uvicorn.access - INFO - send:483 - 127.0.0.1:61381 - "GET /api/v1/articles?category=Science&limit=20 HTTP/1.1" 307
2026-02-06 22:10:02 - uvicorn.access - INFO - send:483 - 127.0.0.1:61384 - "GET /api/v1/articles?category=Culture&limit=20 HTTP/1.1" 307
2026-02-06 22:10:02 - app.core.security - INFO - dispatch:40 - Response: 200 - 0.077s
2026-02-06 22:10:02 - uvicorn.access - INFO - send:483 - 127.0.0.1:61375 - "GET /api/v1/articles/?limit=20 HTTP/1.1" 200
2026-02-06 22:10:02 - app.core.security - INFO - dispatch:32 - GET /api/v1/articles/ - 127.0.0.1
2026-02-06 22:10:02 - app.core.security - INFO - dispatch:32 - GET /api/v1/articles/ - 127.0.0.1
2026-02-06 22:10:02 - app.core.security - INFO - dispatch:40 - Response: 200 - 0.028s
2026-02-06 22:10:02 - uvicorn.access - INFO - send:483 - 127.0.0.1:61373 - "GET /api/v1/articles/?category=World&limit=20 HTTP/1.1" 200
2026-02-06 22:10:02 - app.core.security - INFO - dispatch:32 - GET /api/v1/articles/ - 127.0.0.1
2026-02-06 22:10:02 - app.core.security - INFO - dispatch:32 - GET /api/v1/articles/ - 127.0.0.1
2026-02-06 22:10:02 - app.core.security - INFO - dispatch:32 - GET /api/v1/articles/ - 127.0.0.1
2026-02-06 22:10:02 - app.core.security - INFO - dispatch:32 - GET /api/v1/articles/ - 127.0.0.1
2026-02-06 22:10:02 - app.core.security - INFO - dispatch:32 - GET /api/v1/articles/ - 127.0.0.1
2026-02-06 22:10:02 - app.core.security - INFO - dispatch:32 - GET /api/v1/articles/ - 127.0.0.1
2026-02-06 22:10:02 - app.core.security - INFO - dispatch:32 - GET /api/v1/articles/ - 127.0.0.1
2026-02-06 22:10:02 - app.core.security - INFO - dispatch:32 - GET /api/v1/articles/ - 127.0.0.1
2026-02-06 22:10:02 - app.core.security - INFO - dispatch:32 - GET /api/v1/articles/ - 127.0.0.1
2026-02-06 22:10:02 - app.core.security - INFO - dispatch:40 - Response: 200 - 0.046s
2026-02-06 22:10:02 - uvicorn.access - INFO - send:483 - 127.0.0.1:61374 - "GET /api/v1/articles/?category=Business&limit=20 HTTP/1.1" 200
2026-02-06 22:10:02 - app.core.security - INFO - dispatch:40 - Response: 200 - 0.093s
2026-02-06 22:10:02 - uvicorn.access - INFO - send:483 - 127.0.0.1:61388 - "GET /api/v1/articles/?category=Technology&limit=20 HTTP/1.1" 200
2026-02-06 22:10:02 - app.core.security - INFO - dispatch:40 - Response: 200 - 0.107s
2026-02-06 22:10:02 - uvicorn.access - INFO - send:483 - 127.0.0.1:61396 - "GET /api/v1/articles/?category=Culture&limit=20 HTTP/1.1" 200
2026-02-06 22:10:02 - app.core.security - INFO - dispatch:40 - Response: 200 - 0.114s
2026-02-06 22:10:02 - uvicorn.access - INFO - send:483 - 127.0.0.1:61392 - "GET /api/v1/articles/?category=Sports&limit=20 HTTP/1.1" 200
2026-02-06 22:10:02 - app.core.security - INFO - dispatch:40 - Response: 200 - 0.140s
2026-02-06 22:10:02 - app.services.scraper_v2 - INFO - get_links:108 - Scraping feed: https://www.bloomberg.com/markets
2026-02-06 22:10:02 - uvicorn.access - INFO - send:483 - 127.0.0.1:61390 - "GET /api/v1/articles/?category=Health&limit=20 HTTP/1.1" 200
2026-02-06 22:10:02 - app.core.security - INFO - dispatch:40 - Response: 200 - 0.215s
2026-02-06 22:10:02 - app.core.security - INFO - dispatch:40 - Response: 200 - 0.215s
2026-02-06 22:10:02 - app.core.security - INFO - dispatch:40 - Response: 200 - 0.215s
2026-02-06 22:10:02 - uvicorn.access - INFO - send:483 - 127.0.0.1:61395 - "GET /api/v1/articles/?category=Science&limit=20 HTTP/1.1" 200
2026-02-06 22:10:02 - uvicorn.access - INFO - send:483 - 127.0.0.1:61393 - "GET /api/v1/articles/?category=Politics&limit=20 HTTP/1.1" 200
2026-02-06 22:10:02 - app.core.security - INFO - dispatch:40 - Response: 200 - 0.216s
2026-02-06 22:10:02 - uvicorn.access - INFO - send:483 - 127.0.0.1:61394 - "GET /api/v1/articles/?category=Education&limit=20 HTTP/1.1" 200
2026-02-06 22:10:02 - app.core.security - INFO - dispatch:40 - Response: 200 - 0.217s
2026-02-06 22:10:02 - uvicorn.access - INFO - send:483 - 127.0.0.1:61391 - "GET /api/v1/articles/?category=Environment&limit=20 HTTP/1.1" 200
2026-02-06 22:10:02 - uvicorn.access - INFO - send:483 - 127.0.0.1:61389 - "GET /api/v1/articles/?category=AI+%26+Startups&limit=20 HTTP/1.1" 200
2026-02-06 22:10:03 - app.services.scraper_v2 - INFO - get_links:108 - Scraping feed: https://www.bloomberg.com/politics
2026-02-06 22:10:03 - jobs - INFO - run_scraper_loop:30 - Scraping source: VentureBeat AI
2026-02-06 22:10:03 - app.services.scraper_v2 - INFO - get_links:108 - Scraping feed: https://venturebeat.com/category/ai/
2026-02-06 22:10:13 - jobs - INFO - run_scraper_loop:30 - Scraping source: AI News
2026-02-06 22:10:13 - app.services.scraper_v2 - INFO - get_links:108 - Scraping feed: https://www.artificialintelligence-news.com/
2026-02-06 22:10:14 - app.services.scraper_v2 - ERROR - get_links:127 - Failed to scrape feed https://www.artificialintelligence-news.com/: ('Connection aborted.', RemoteDisconnected('Remote end closed connection without response'))
2026-02-06 22:10:14 - jobs - INFO - run_scraper_loop:30 - Scraping source: Sifted
2026-02-06 22:10:14 - app.services.scraper_v2 - INFO - get_links:108 - Scraping feed: https://sifted.eu/sections/artificial-intelligence/
2026-02-06 22:10:15 - app.services.scraper_v2 - INFO - get_links:108 - Scraping feed: https://sifted.eu/sections/startups/
2026-02-06 22:10:15 - jobs - INFO - run_scraper_loop:30 - Scraping source: The Guardian Environment
2026-02-06 22:10:15 - app.services.scraper_v2 - INFO - get_links:108 - Scraping feed: https://www.theguardian.com/environment
2026-02-06 22:10:16 - jobs - INFO - run_scraper_loop:30 - Scraping source: Nature
2026-02-06 22:10:16 - app.services.scraper_v2 - INFO - get_links:108 - Scraping feed: https://www.nature.com/nature/articles?type=news
2026-02-06 22:10:18 - jobs - INFO - run_scraper_loop:30 - Scraping source: New Scientist
2026-02-06 22:10:18 - app.services.scraper_v2 - INFO - get_links:108 - Scraping feed: https://www.newscientist.com/section/news/
2026-02-06 22:10:22 - app.core.security - INFO - dispatch:32 - POST /api/v1/auth/signup - 127.0.0.1
2026-02-06 22:10:22 - app.main - ERROR - add_process_time_and_error_handling:83 - Global Request Crash: name 'models' is not defined
  + Exception Group Traceback (most recent call last):
  |   File "C:\Users\binod\AppData\Local\Programs\Python\Python314\Lib\site-packages\starlette\_utils.py", line 79, in collapse_excgroups
  |     yield
  |   File "C:\Users\binod\AppData\Local\Programs\Python\Python314\Lib\site-packages\starlette\middleware\base.py", line 192, in __call__
  |     async with anyio.create_task_group() as task_group:
  |                ~~~~~~~~~~~~~~~~~~~~~~~^^
  |   File "C:\Users\binod\AppData\Local\Programs\Python\Python314\Lib\site-packages\anyio\_backends\_asyncio.py", line 783, in __aexit__
  |     raise BaseExceptionGroup(
  |         "unhandled errors in a TaskGroup", self._exceptions
  |     ) from None
  | ExceptionGroup: unhandled errors in a TaskGroup (1 sub-exception)
  +-+---------------- 1 ----------------
    | Traceback (most recent call last):
    |   File "D:\smartnews\backend\app\main.py", line 78, in add_process_time_and_error_handling
    |     response = await call_next(request)
    |                ^^^^^^^^^^^^^^^^^^^^^^^^
    |   File "C:\Users\binod\AppData\Local\Programs\Python\Python314\Lib\site-packages\starlette\middleware\base.py", line 168, in call_next
    |     raise app_exc from app_exc.__cause__ or app_exc.__context__
    |   File "C:\Users\binod\AppData\Local\Programs\Python\Python314\Lib\site-packages\starlette\middleware\base.py", line 144, in coro
    |     await self.app(scope, receive_or_disconnect, send_no_error)
    |   File "C:\Users\binod\AppData\Local\Programs\Python\Python314\Lib\site-packages\starlette\middleware\cors.py", line 85, in __call__
    |     await self.app(scope, receive, send)
    |   File "C:\Users\binod\AppData\Local\Programs\Python\Python314\Lib\site-packages\starlette\middleware\base.py", line 191, in __call__
    |     with recv_stream, send_stream, collapse_excgroups():
    |                                    ~~~~~~~~~~~~~~~~~~^^
    |   File "C:\Users\binod\AppData\Local\Programs\Python\Python314\Lib\contextlib.py", line 162, in __exit__
    |     self.gen.throw(value)
    |     ~~~~~~~~~~~~~~^^^^^^^
    |   File "C:\Users\binod\AppData\Local\Programs\Python\Python314\Lib\site-packages\starlette\_utils.py", line 85, in collapse_excgroups
    |     raise exc
    |   File "C:\Users\binod\AppData\Local\Programs\Python\Python314\Lib\site-packages\starlette\middleware\base.py", line 193, in __call__
    |     response = await self.dispatch_func(request, call_next)
    |                ^^^^^^^^^^^^^^^^^^^^^^^^^^^^^^^^^^^^^^^^^^^^
    |   File "D:\smartnews\backend\app\core\security.py", line 34, in dispatch
    |     response = await call_next(request)
    |                ^^^^^^^^^^^^^^^^^^^^^^^^
    |   File "C:\Users\binod\AppData\Local\Programs\Python\Python314\Lib\site-packages\starlette\middleware\base.py", line 168, in call_next
    |     raise app_exc from app_exc.__cause__ or app_exc.__context__
    |   File "C:\Users\binod\AppData\Local\Programs\Python\Python314\Lib\site-packages\starlette\middleware\base.py", line 144, in coro
    |     await self.app(scope, receive_or_disconnect, send_no_error)
    |   File "C:\Users\binod\AppData\Local\Programs\Python\Python314\Lib\site-packages\starlette\middleware\base.py", line 191, in __call__
    |     with recv_stream, send_stream, collapse_excgroups():
    |                                    ~~~~~~~~~~~~~~~~~~^^
    |   File "C:\Users\binod\AppData\Local\Programs\Python\Python314\Lib\contextlib.py", line 162, in __exit__
    |     self.gen.throw(value)
    |     ~~~~~~~~~~~~~~^^^^^^^
    |   File "C:\Users\binod\AppData\Local\Programs\Python\Python314\Lib\site-packages\starlette\_utils.py", line 85, in collapse_excgroups
    |     raise exc
    |   File "C:\Users\binod\AppData\Local\Programs\Python\Python314\Lib\site-packages\starlette\middleware\base.py", line 193, in __call__
    |     response = await self.dispatch_func(request, call_next)
    |                ^^^^^^^^^^^^^^^^^^^^^^^^^^^^^^^^^^^^^^^^^^^^
    |   File "D:\smartnews\backend\app\core\security.py", line 9, in dispatch
    |     response = await call_next(request)
    |                ^^^^^^^^^^^^^^^^^^^^^^^^
    |   File "C:\Users\binod\AppData\Local\Programs\Python\Python314\Lib\site-packages\starlette\middleware\base.py", line 168, in call_next
    |     raise app_exc from app_exc.__cause__ or app_exc.__context__
    |   File "C:\Users\binod\AppData\Local\Programs\Python\Python314\Lib\site-packages\starlette\middleware\base.py", line 144, in coro
    |     await self.app(scope, receive_or_disconnect, send_no_error)
    |   File "C:\Users\binod\AppData\Local\Programs\Python\Python314\Lib\site-packages\starlette\middleware\base.py", line 191, in __call__
    |     with recv_stream, send_stream, collapse_excgroups():
    |                                    ~~~~~~~~~~~~~~~~~~^^
    |   File "C:\Users\binod\AppData\Local\Programs\Python\Python314\Lib\contextlib.py", line 162, in __exit__
    |     self.gen.throw(value)
    |     ~~~~~~~~~~~~~~^^^^^^^
    |   File "C:\Users\binod\AppData\Local\Programs\Python\Python314\Lib\site-packages\starlette\_utils.py", line 85, in collapse_excgroups
    |     raise exc
    |   File "C:\Users\binod\AppData\Local\Programs\Python\Python314\Lib\site-packages\starlette\middleware\base.py", line 193, in __call__
    |     response = await self.dispatch_func(request, call_next)
    |                ^^^^^^^^^^^^^^^^^^^^^^^^^^^^^^^^^^^^^^^^^^^^
    |   File "C:\Users\binod\AppData\Local\Programs\Python\Python314\Lib\site-packages\slowapi\middleware.py", line 136, in dispatch
    |     response = await call_next(request)
    |                ^^^^^^^^^^^^^^^^^^^^^^^^
    |   File "C:\Users\binod\AppData\Local\Programs\Python\Python314\Lib\site-packages\starlette\middleware\base.py", line 168, in call_next
    |     raise app_exc from app_exc.__cause__ or app_exc.__context__
    |   File "C:\Users\binod\AppData\Local\Programs\Python\Python314\Lib\site-packages\starlette\middleware\base.py", line 144, in coro
    |     await self.app(scope, receive_or_disconnect, send_no_error)
    |   File "C:\Users\binod\AppData\Local\Programs\Python\Python314\Lib\site-packages\starlette\middleware\exceptions.py", line 63, in __call__
    |     await wrap_app_handling_exceptions(self.app, conn)(scope, receive, send)
    |   File "C:\Users\binod\AppData\Local\Programs\Python\Python314\Lib\site-packages\starlette\_exception_handler.py", line 53, in wrapped_app
    |     raise exc
    |   File "C:\Users\binod\AppData\Local\Programs\Python\Python314\Lib\site-packages\starlette\_exception_handler.py", line 42, in wrapped_app
    |     await app(scope, receive, sender)
    |   File "C:\Users\binod\AppData\Local\Programs\Python\Python314\Lib\site-packages\fastapi\middleware\asyncexitstack.py", line 18, in __call__
    |     await self.app(scope, receive, send)
    |   File "C:\Users\binod\AppData\Local\Programs\Python\Python314\Lib\site-packages\starlette\routing.py", line 716, in __call__
    |     await self.middleware_stack(scope, receive, send)
    |   File "C:\Users\binod\AppData\Local\Programs\Python\Python314\Lib\site-packages\starlette\routing.py", line 736, in app
    |     await route.handle(scope, receive, send)
    |   File "C:\Users\binod\AppData\Local\Programs\Python\Python314\Lib\site-packages\starlette\routing.py", line 290, in handle
    |     await self.app(scope, receive, send)
    |   File "C:\Users\binod\AppData\Local\Programs\Python\Python314\Lib\site-packages\fastapi\routing.py", line 115, in app
    |     await wrap_app_handling_exceptions(app, request)(scope, receive, send)
    |   File "C:\Users\binod\AppData\Local\Programs\Python\Python314\Lib\site-packages\starlette\_exception_handler.py", line 53, in wrapped_app
    |     raise exc
    |   File "C:\Users\binod\AppData\Local\Programs\Python\Python314\Lib\site-packages\starlette\_exception_handler.py", line 42, in wrapped_app
    |     await app(scope, receive, sender)
    |   File "C:\Users\binod\AppData\Local\Programs\Python\Python314\Lib\site-packages\fastapi\routing.py", line 101, in app
    |     response = await f(request)
    |                ^^^^^^^^^^^^^^^^
    |   File "C:\Users\binod\AppData\Local\Programs\Python\Python314\Lib\site-packages\fastapi\routing.py", line 355, in app
    |     raw_response = await run_endpoint_function(
    |                    ^^^^^^^^^^^^^^^^^^^^^^^^^^^^
    |     ...<3 lines>...
    |     )
    |     ^
    |   File "C:\Users\binod\AppData\Local\Programs\Python\Python314\Lib\site-packages\fastapi\routing.py", line 245, in run_endpoint_function
    |     return await run_in_threadpool(dependant.call, **values)
    |            ^^^^^^^^^^^^^^^^^^^^^^^^^^^^^^^^^^^^^^^^^^^^^^^^^
    |   File "C:\Users\binod\AppData\Local\Programs\Python\Python314\Lib\site-packages\starlette\concurrency.py", line 32, in run_in_threadpool
    |     return await anyio.to_thread.run_sync(func)
    |            ^^^^^^^^^^^^^^^^^^^^^^^^^^^^^^^^^^^^
    |   File "C:\Users\binod\AppData\Local\Programs\Python\Python314\Lib\site-packages\anyio\to_thread.py", line 63, in run_sync
    |     return await get_async_backend().run_sync_in_worker_thread(
    |            ^^^^^^^^^^^^^^^^^^^^^^^^^^^^^^^^^^^^^^^^^^^^^^^^^^^^
    |         func, args, abandon_on_cancel=abandon_on_cancel, limiter=limiter
    |         ^^^^^^^^^^^^^^^^^^^^^^^^^^^^^^^^^^^^^^^^^^^^^^^^^^^^^^^^^^^^^^^^
    |     )
    |     ^
    |   File "C:\Users\binod\AppData\Local\Programs\Python\Python314\Lib\site-packages\anyio\_backends\_asyncio.py", line 2502, in run_sync_in_worker_thread
    |     return await future
    |            ^^^^^^^^^^^^
    |   File "C:\Users\binod\AppData\Local\Programs\Python\Python314\Lib\site-packages\anyio\_backends\_asyncio.py", line 986, in run
    |     result = context.run(func, *args)
    |   File "D:\smartnews\backend\app\api\v1\endpoints\auth.py", line 42, in signup
    |     user = db.query(models.User).filter(models.User.username == username).first()
    |                     ^^^^^^
    | NameError: name 'models' is not defined
    +------------------------------------

The above exception was the direct cause of the following exception:

Traceback (most recent call last):
  File "D:\smartnews\backend\app\main.py", line 78, in add_process_time_and_error_handling
    response = await call_next(request)
               ^^^^^^^^^^^^^^^^^^^^^^^^
  File "C:\Users\binod\AppData\Local\Programs\Python\Python314\Lib\site-packages\starlette\middleware\base.py", line 168, in call_next
    raise app_exc from app_exc.__cause__ or app_exc.__context__
  File "C:\Users\binod\AppData\Local\Programs\Python\Python314\Lib\site-packages\starlette\middleware\base.py", line 144, in coro
    await self.app(scope, receive_or_disconnect, send_no_error)
  File "C:\Users\binod\AppData\Local\Programs\Python\Python314\Lib\site-packages\starlette\middleware\cors.py", line 85, in __call__
    await self.app(scope, receive, send)
  File "C:\Users\binod\AppData\Local\Programs\Python\Python314\Lib\site-packages\starlette\middleware\base.py", line 191, in __call__
    with recv_stream, send_stream, collapse_excgroups():
                                   ~~~~~~~~~~~~~~~~~~^^
  File "C:\Users\binod\AppData\Local\Programs\Python\Python314\Lib\contextlib.py", line 162, in __exit__
    self.gen.throw(value)
    ~~~~~~~~~~~~~~^^^^^^^
  File "C:\Users\binod\AppData\Local\Programs\Python\Python314\Lib\site-packages\starlette\_utils.py", line 85, in collapse_excgroups
    raise exc
  File "C:\Users\binod\AppData\Local\Programs\Python\Python314\Lib\site-packages\starlette\middleware\base.py", line 193, in __call__
    response = await self.dispatch_func(request, call_next)
               ^^^^^^^^^^^^^^^^^^^^^^^^^^^^^^^^^^^^^^^^^^^^
  File "D:\smartnews\backend\app\core\security.py", line 34, in dispatch
    response = await call_next(request)
               ^^^^^^^^^^^^^^^^^^^^^^^^
  File "C:\Users\binod\AppData\Local\Programs\Python\Python314\Lib\site-packages\starlette\middleware\base.py", line 168, in call_next
    raise app_exc from app_exc.__cause__ or app_exc.__context__
  File "C:\Users\binod\AppData\Local\Programs\Python\Python314\Lib\site-packages\starlette\middleware\base.py", line 144, in coro
    await self.app(scope, receive_or_disconnect, send_no_error)
  File "C:\Users\binod\AppData\Local\Programs\Python\Python314\Lib\site-packages\starlette\middleware\base.py", line 191, in __call__
    with recv_stream, send_stream, collapse_excgroups():
                                   ~~~~~~~~~~~~~~~~~~^^
  File "C:\Users\binod\AppData\Local\Programs\Python\Python314\Lib\contextlib.py", line 162, in __exit__
    self.gen.throw(value)
    ~~~~~~~~~~~~~~^^^^^^^
  File "C:\Users\binod\AppData\Local\Programs\Python\Python314\Lib\site-packages\starlette\_utils.py", line 85, in collapse_excgroups
    raise exc
  File "C:\Users\binod\AppData\Local\Programs\Python\Python314\Lib\site-packages\starlette\middleware\base.py", line 193, in __call__
    response = await self.dispatch_func(request, call_next)
               ^^^^^^^^^^^^^^^^^^^^^^^^^^^^^^^^^^^^^^^^^^^^
  File "D:\smartnews\backend\app\core\security.py", line 9, in dispatch
    response = await call_next(request)
               ^^^^^^^^^^^^^^^^^^^^^^^^
  File "C:\Users\binod\AppData\Local\Programs\Python\Python314\Lib\site-packages\starlette\middleware\base.py", line 168, in call_next
    raise app_exc from app_exc.__cause__ or app_exc.__context__
  File "C:\Users\binod\AppData\Local\Programs\Python\Python314\Lib\site-packages\starlette\middleware\base.py", line 144, in coro
    await self.app(scope, receive_or_disconnect, send_no_error)
  File "C:\Users\binod\AppData\Local\Programs\Python\Python314\Lib\site-packages\starlette\middleware\base.py", line 191, in __call__
    with recv_stream, send_stream, collapse_excgroups():
                                   ~~~~~~~~~~~~~~~~~~^^
  File "C:\Users\binod\AppData\Local\Programs\Python\Python314\Lib\contextlib.py", line 162, in __exit__
    self.gen.throw(value)
    ~~~~~~~~~~~~~~^^^^^^^
  File "C:\Users\binod\AppData\Local\Programs\Python\Python314\Lib\site-packages\starlette\_utils.py", line 85, in collapse_excgroups
    raise exc
  File "C:\Users\binod\AppData\Local\Programs\Python\Python314\Lib\site-packages\starlette\middleware\base.py", line 193, in __call__
    response = await self.dispatch_func(request, call_next)
               ^^^^^^^^^^^^^^^^^^^^^^^^^^^^^^^^^^^^^^^^^^^^
  File "C:\Users\binod\AppData\Local\Programs\Python\Python314\Lib\site-packages\slowapi\middleware.py", line 136, in dispatch
    response = await call_next(request)
               ^^^^^^^^^^^^^^^^^^^^^^^^
  File "C:\Users\binod\AppData\Local\Programs\Python\Python314\Lib\site-packages\starlette\middleware\base.py", line 168, in call_next
    raise app_exc from app_exc.__cause__ or app_exc.__context__
  File "C:\Users\binod\AppData\Local\Programs\Python\Python314\Lib\site-packages\starlette\middleware\base.py", line 144, in coro
    await self.app(scope, receive_or_disconnect, send_no_error)
  File "C:\Users\binod\AppData\Local\Programs\Python\Python314\Lib\site-packages\starlette\middleware\exceptions.py", line 63, in __call__
    await wrap_app_handling_exceptions(self.app, conn)(scope, receive, send)
  File "C:\Users\binod\AppData\Local\Programs\Python\Python314\Lib\site-packages\starlette\_exception_handler.py", line 53, in wrapped_app
    raise exc
  File "C:\Users\binod\AppData\Local\Programs\Python\Python314\Lib\site-packages\starlette\_exception_handler.py", line 42, in wrapped_app
    await app(scope, receive, sender)
  File "C:\Users\binod\AppData\Local\Programs\Python\Python314\Lib\site-packages\fastapi\middleware\asyncexitstack.py", line 18, in __call__
    await self.app(scope, receive, send)
  File "C:\Users\binod\AppData\Local\Programs\Python\Python314\Lib\site-packages\starlette\routing.py", line 716, in __call__
    await self.middleware_stack(scope, receive, send)
  File "C:\Users\binod\AppData\Local\Programs\Python\Python314\Lib\site-packages\starlette\routing.py", line 736, in app
    await route.handle(scope, receive, send)
  File "C:\Users\binod\AppData\Local\Programs\Python\Python314\Lib\site-packages\starlette\routing.py", line 290, in handle
    await self.app(scope, receive, send)
  File "C:\Users\binod\AppData\Local\Programs\Python\Python314\Lib\site-packages\fastapi\routing.py", line 115, in app
    await wrap_app_handling_exceptions(app, request)(scope, receive, send)
  File "C:\Users\binod\AppData\Local\Programs\Python\Python314\Lib\site-packages\starlette\_exception_handler.py", line 53, in wrapped_app
    raise exc
  File "C:\Users\binod\AppData\Local\Programs\Python\Python314\Lib\site-packages\starlette\_exception_handler.py", line 42, in wrapped_app
    await app(scope, receive, sender)
  File "C:\Users\binod\AppData\Local\Programs\Python\Python314\Lib\site-packages\fastapi\routing.py", line 101, in app
    response = await f(request)
               ^^^^^^^^^^^^^^^^
  File "C:\Users\binod\AppData\Local\Programs\Python\Python314\Lib\site-packages\fastapi\routing.py", line 355, in app
    raw_response = await run_endpoint_function(
                   ^^^^^^^^^^^^^^^^^^^^^^^^^^^^
    ...<3 lines>...
    )
    ^
  File "C:\Users\binod\AppData\Local\Programs\Python\Python314\Lib\site-packages\fastapi\routing.py", line 245, in run_endpoint_function
    return await run_in_threadpool(dependant.call, **values)
           ^^^^^^^^^^^^^^^^^^^^^^^^^^^^^^^^^^^^^^^^^^^^^^^^^
  File "C:\Users\binod\AppData\Local\Programs\Python\Python314\Lib\site-packages\starlette\concurrency.py", line 32, in run_in_threadpool
    return await anyio.to_thread.run_sync(func)
           ^^^^^^^^^^^^^^^^^^^^^^^^^^^^^^^^^^^^
  File "C:\Users\binod\AppData\Local\Programs\Python\Python314\Lib\site-packages\anyio\to_thread.py", line 63, in run_sync
    return await get_async_backend().run_sync_in_worker_thread(
           ^^^^^^^^^^^^^^^^^^^^^^^^^^^^^^^^^^^^^^^^^^^^^^^^^^^^
        func, args, abandon_on_cancel=abandon_on_cancel, limiter=limiter
        ^^^^^^^^^^^^^^^^^^^^^^^^^^^^^^^^^^^^^^^^^^^^^^^^^^^^^^^^^^^^^^^^
    )
    ^
  File "C:\Users\binod\AppData\Local\Programs\Python\Python314\Lib\site-packages\anyio\_backends\_asyncio.py", line 2502, in run_sync_in_worker_thread
    return await future
           ^^^^^^^^^^^^
  File "C:\Users\binod\AppData\Local\Programs\Python\Python314\Lib\site-packages\anyio\_backends\_asyncio.py", line 986, in run
    result = context.run(func, *args)
  File "D:\smartnews\backend\app\api\v1\endpoints\auth.py", line 42, in signup
    user = db.query(models.User).filter(models.User.username == username).first()
                    ^^^^^^
NameError: name 'models' is not defined
2026-02-06 22:10:22 - uvicorn.access - INFO - send:483 - 127.0.0.1:61489 - "POST /api/v1/auth/signup?username=testuser&password=testpassword HTTP/1.1" 500
2026-02-06 22:10:22 - app.core.security - INFO - dispatch:32 - POST /api/v1/auth/login/access-token - 127.0.0.1
2026-02-06 22:10:22 - app.core.security - INFO - dispatch:40 - Response: 400 - 0.006s
2026-02-06 22:10:22 - uvicorn.access - INFO - send:483 - 127.0.0.1:61490 - "POST /api/v1/auth/login/access-token HTTP/1.1" 400
2026-02-06 22:10:36 - app.services.scraper_v2 - INFO - get_links:108 - Scraping feed: https://www.newscientist.com/subject/environment/
2026-02-06 22:10:40 - jobs - INFO - run_scraper_loop:30 - Scraping source: Grist
2026-02-06 22:10:40 - app.services.scraper_v2 - INFO - get_links:108 - Scraping feed: https://grist.org/news/
2026-02-06 22:10:40 - uvicorn.error - INFO - shutdown:264 - Shutting down
2026-02-06 22:10:40 - uvicorn.error - INFO - shutdown:67 - Waiting for application shutdown.
2026-02-06 22:10:40 - uvicorn.error - INFO - shutdown:76 - Application shutdown complete.
2026-02-06 22:10:40 - uvicorn.error - INFO - _serve:94 - Finished server process [20124]
2026-02-06 22:10:41 - jobs - INFO - run_scraper_loop:30 - Scraping source: Mongabay
2026-02-06 22:10:41 - app.services.scraper_v2 - INFO - get_links:108 - Scraping feed: https://news.mongabay.com/
2026-02-06 22:10:41 - uvicorn.error - INFO - shutdown:265 - Shutting down
2026-02-06 22:10:41 - uvicorn.error - INFO - shutdown:67 - Waiting for application shutdown.
2026-02-06 22:10:41 - uvicorn.error - INFO - shutdown:78 - Application shutdown complete.
2026-02-06 22:10:41 - uvicorn.error - INFO - serve:86 - Finished server process [20312]
2026-02-06 22:10:43 - app.core.logging - INFO - setup_logging:70 - Logging system initialized
2026-02-06 22:10:45 - uvicorn.error - INFO - serve:76 - Started server process [11152]
2026-02-06 22:10:45 - uvicorn.error - INFO - startup:48 - Waiting for application startup.
2026-02-06 22:10:45 - jobs - INFO - init_db:15 - Initializing database...
2026-02-06 22:10:45 - jobs - INFO - run_scraper_loop:25 - Starting Newsroom Ingestion Cycle #1 at 2026-02-06 22:10:45.212426
2026-02-06 22:10:45 - jobs - INFO - run_scraper_loop:30 - Scraping source: Reuters
2026-02-06 22:10:45 - app.services.scraper_v2 - INFO - get_links:108 - Scraping feed: https://www.reuters.com/world/
2026-02-06 22:10:45 - uvicorn.error - ERROR - send:136 - Traceback (most recent call last):
  File "C:\Users\binod\AppData\Local\Programs\Python\Python314\Lib\asyncio\runners.py", line 127, in run
    return self._loop.run_until_complete(task)
           ~~~~~~~~~~~~~~~~~~~~~~~~~~~~~^^^^^^
  File "C:\Users\binod\AppData\Local\Programs\Python\Python314\Lib\asyncio\base_events.py", line 719, in run_until_complete
    return future.result()
           ~~~~~~~~~~~~~^^
  File "D:\smartnews\.venv\Lib\site-packages\uvicorn\server.py", line 78, in serve
    await self.startup(sockets=sockets)
  File "D:\smartnews\.venv\Lib\site-packages\uvicorn\server.py", line 89, in startup
    await self.lifespan.startup()
  File "D:\smartnews\.venv\Lib\site-packages\uvicorn\lifespan\on.py", line 56, in startup
    await self.startup_event.wait()
  File "C:\Users\binod\AppData\Local\Programs\Python\Python314\Lib\asyncio\locks.py", line 213, in wait
    await fut
asyncio.exceptions.CancelledError

During handling of the above exception, another exception occurred:

Traceback (most recent call last):
  File "C:\Users\binod\AppData\Local\Programs\Python\Python314\Lib\asyncio\runners.py", line 204, in run
    return runner.run(main)
           ~~~~~~~~~~^^^^^^
  File "C:\Users\binod\AppData\Local\Programs\Python\Python314\Lib\asyncio\runners.py", line 132, in run
    raise KeyboardInterrupt()
KeyboardInterrupt

During handling of the above exception, another exception occurred:

Traceback (most recent call last):
  File "D:\smartnews\.venv\Lib\site-packages\starlette\routing.py", line 701, in lifespan
    await receive()
  File "D:\smartnews\.venv\Lib\site-packages\uvicorn\middleware\message_logger.py", line 62, in inner_receive
    message = await receive()
              ^^^^^^^^^^^^^^^
  File "D:\smartnews\.venv\Lib\site-packages\uvicorn\lifespan\on.py", line 139, in receive
    return await self.receive_queue.get()
           ^^^^^^^^^^^^^^^^^^^^^^^^^^^^^^
  File "C:\Users\binod\AppData\Local\Programs\Python\Python314\Lib\asyncio\queues.py", line 186, in get
    await getter
asyncio.exceptions.CancelledError

2026-02-06 22:10:47 - app.services.scraper_v2 - INFO - get_links:108 - Scraping feed: https://www.reuters.com/business/
2026-02-06 22:10:49 - app.services.scraper_v2 - INFO - get_links:108 - Scraping feed: https://www.reuters.com/technology/
2026-02-06 22:10:53 - app.services.scraper_v2 - INFO - get_links:108 - Scraping feed: https://www.reuters.com/science/
2026-02-06 22:10:58 - app.core.logging - INFO - setup_logging:70 - Logging system initialized
2026-02-06 22:11:00 - uvicorn.error - INFO - serve:76 - Started server process [20148]
2026-02-06 22:11:00 - uvicorn.error - INFO - startup:48 - Waiting for application startup.
2026-02-06 22:11:00 - jobs - INFO - init_db:15 - Initializing database...
2026-02-06 22:11:00 - jobs - INFO - run_scraper_loop:25 - Starting Newsroom Ingestion Cycle #1 at 2026-02-06 22:11:00.547557
2026-02-06 22:11:00 - jobs - INFO - run_scraper_loop:30 - Scraping source: Reuters
2026-02-06 22:11:00 - app.services.scraper_v2 - INFO - get_links:108 - Scraping feed: https://www.reuters.com/world/
2026-02-06 22:11:00 - uvicorn.error - ERROR - send:136 - Traceback (most recent call last):
  File "C:\Users\binod\AppData\Local\Programs\Python\Python314\Lib\asyncio\runners.py", line 127, in run
    return self._loop.run_until_complete(task)
           ~~~~~~~~~~~~~~~~~~~~~~~~~~~~~^^^^^^
  File "C:\Users\binod\AppData\Local\Programs\Python\Python314\Lib\asyncio\base_events.py", line 719, in run_until_complete
    return future.result()
           ~~~~~~~~~~~~~^^
  File "D:\smartnews\.venv\Lib\site-packages\uvicorn\server.py", line 78, in serve
    await self.startup(sockets=sockets)
  File "D:\smartnews\.venv\Lib\site-packages\uvicorn\server.py", line 89, in startup
    await self.lifespan.startup()
  File "D:\smartnews\.venv\Lib\site-packages\uvicorn\lifespan\on.py", line 56, in startup
    await self.startup_event.wait()
  File "C:\Users\binod\AppData\Local\Programs\Python\Python314\Lib\asyncio\locks.py", line 213, in wait
    await fut
asyncio.exceptions.CancelledError

During handling of the above exception, another exception occurred:

Traceback (most recent call last):
  File "C:\Users\binod\AppData\Local\Programs\Python\Python314\Lib\asyncio\runners.py", line 204, in run
    return runner.run(main)
           ~~~~~~~~~~^^^^^^
  File "C:\Users\binod\AppData\Local\Programs\Python\Python314\Lib\asyncio\runners.py", line 132, in run
    raise KeyboardInterrupt()
KeyboardInterrupt

During handling of the above exception, another exception occurred:

Traceback (most recent call last):
  File "D:\smartnews\.venv\Lib\site-packages\starlette\routing.py", line 701, in lifespan
    await receive()
  File "D:\smartnews\.venv\Lib\site-packages\uvicorn\middleware\message_logger.py", line 62, in inner_receive
    message = await receive()
              ^^^^^^^^^^^^^^^
  File "D:\smartnews\.venv\Lib\site-packages\uvicorn\lifespan\on.py", line 139, in receive
    return await self.receive_queue.get()
           ^^^^^^^^^^^^^^^^^^^^^^^^^^^^^^
  File "C:\Users\binod\AppData\Local\Programs\Python\Python314\Lib\asyncio\queues.py", line 186, in get
    await getter
asyncio.exceptions.CancelledError

2026-02-06 22:11:02 - app.services.scraper_v2 - INFO - get_links:108 - Scraping feed: https://www.reuters.com/business/
2026-02-06 22:11:04 - app.services.scraper_v2 - INFO - get_links:108 - Scraping feed: https://www.reuters.com/technology/
2026-02-06 22:11:06 - app.services.scraper_v2 - INFO - get_links:108 - Scraping feed: https://www.reuters.com/science/
2026-02-06 22:17:07 - app.core.logging - INFO - setup_logging:70 - Logging system initialized
2026-02-06 22:17:08 - app.core.logging - INFO - setup_logging:70 - Logging system initialized
2026-02-06 22:17:08 - app.core.logging - INFO - setup_logging:70 - Logging system initialized
2026-02-06 22:17:09 - uvicorn.error - INFO - serve:76 - Started server process [20148]
2026-02-06 22:17:09 - uvicorn.error - INFO - startup:48 - Waiting for application startup.
2026-02-06 22:17:09 - jobs - INFO - init_db:15 - Initializing database...
2026-02-06 22:17:09 - jobs - INFO - run_scraper_loop:25 - Starting Newsroom Ingestion Cycle #1 at 2026-02-06 22:17:09.977554
2026-02-06 22:17:09 - jobs - INFO - run_scraper_loop:30 - Scraping source: Reuters
2026-02-06 22:17:09 - app.services.scraper_v2 - INFO - get_links:108 - Scraping feed: https://www.reuters.com/world/
2026-02-06 22:17:09 - uvicorn.error - ERROR - send:136 - Traceback (most recent call last):
  File "C:\Users\binod\AppData\Local\Programs\Python\Python314\Lib\asyncio\runners.py", line 127, in run
    return self._loop.run_until_complete(task)
           ~~~~~~~~~~~~~~~~~~~~~~~~~~~~~^^^^^^
  File "C:\Users\binod\AppData\Local\Programs\Python\Python314\Lib\asyncio\base_events.py", line 719, in run_until_complete
    return future.result()
           ~~~~~~~~~~~~~^^
  File "D:\smartnews\.venv\Lib\site-packages\uvicorn\server.py", line 78, in serve
    await self.startup(sockets=sockets)
  File "D:\smartnews\.venv\Lib\site-packages\uvicorn\server.py", line 89, in startup
    await self.lifespan.startup()
  File "D:\smartnews\.venv\Lib\site-packages\uvicorn\lifespan\on.py", line 56, in startup
    await self.startup_event.wait()
  File "C:\Users\binod\AppData\Local\Programs\Python\Python314\Lib\asyncio\locks.py", line 213, in wait
    await fut
asyncio.exceptions.CancelledError

During handling of the above exception, another exception occurred:

Traceback (most recent call last):
  File "C:\Users\binod\AppData\Local\Programs\Python\Python314\Lib\asyncio\runners.py", line 204, in run
    return runner.run(main)
           ~~~~~~~~~~^^^^^^
  File "C:\Users\binod\AppData\Local\Programs\Python\Python314\Lib\asyncio\runners.py", line 132, in run
    raise KeyboardInterrupt()
KeyboardInterrupt

During handling of the above exception, another exception occurred:

Traceback (most recent call last):
  File "D:\smartnews\.venv\Lib\site-packages\starlette\routing.py", line 701, in lifespan
    await receive()
  File "D:\smartnews\.venv\Lib\site-packages\uvicorn\middleware\message_logger.py", line 62, in inner_receive
    message = await receive()
              ^^^^^^^^^^^^^^^
  File "D:\smartnews\.venv\Lib\site-packages\uvicorn\lifespan\on.py", line 139, in receive
    return await self.receive_queue.get()
           ^^^^^^^^^^^^^^^^^^^^^^^^^^^^^^
  File "C:\Users\binod\AppData\Local\Programs\Python\Python314\Lib\asyncio\queues.py", line 186, in get
    await getter
asyncio.exceptions.CancelledError

2026-02-06 22:17:13 - app.core.logging - INFO - setup_logging:70 - Logging system initialized
2026-02-06 22:17:13 - app.services.scraper_v2 - INFO - get_links:108 - Scraping feed: https://www.reuters.com/business/
2026-02-06 22:17:14 - sentence_transformers.SentenceTransformer - INFO - __init__:219 - Use pytorch device_name: cpu
2026-02-06 22:17:14 - sentence_transformers.SentenceTransformer - INFO - __init__:227 - Load pretrained SentenceTransformer: all-MiniLM-L6-v2
2026-02-06 22:17:14 - sentence_transformers.SentenceTransformer - INFO - __init__:227 - Load pretrained SentenceTransformer: all-MiniLM-L6-v2
2026-02-06 22:17:14 - httpx - INFO - _send_single_request:1025 - HTTP Request: HEAD https://huggingface.co/sentence-transformers/all-MiniLM-L6-v2/resolve/main/modules.json "HTTP/1.1 307 Temporary Redirect"
2026-02-06 22:17:14 - huggingface_hub.utils._http - WARNING - _warn_on_warning_headers:779 - Warning: You are sending unauthenticated requests to the HF Hub. Please set a HF_TOKEN to enable higher rate limits and faster downloads.
2026-02-06 22:17:15 - httpx - INFO - _send_single_request:1025 - HTTP Request: HEAD https://huggingface.co/api/resolve-cache/models/sentence-transformers/all-MiniLM-L6-v2/c9745ed1d9f207416be6d2e6f8de32d1f16199bf/modules.json "HTTP/1.1 200 OK"
2026-02-06 22:17:15 - httpx - INFO - _send_single_request:1025 - HTTP Request: HEAD https://huggingface.co/sentence-transformers/all-MiniLM-L6-v2/resolve/main/modules.json "HTTP/1.1 307 Temporary Redirect"
2026-02-06 22:17:15 - httpx - INFO - _send_single_request:1025 - HTTP Request: HEAD https://huggingface.co/api/resolve-cache/models/sentence-transformers/all-MiniLM-L6-v2/c9745ed1d9f207416be6d2e6f8de32d1f16199bf/modules.json "HTTP/1.1 200 OK"
2026-02-06 22:17:15 - httpx - INFO - _send_single_request:1025 - HTTP Request: HEAD https://huggingface.co/sentence-transformers/all-MiniLM-L6-v2/resolve/main/config_sentence_transformers.json "HTTP/1.1 307 Temporary Redirect"
2026-02-06 22:17:15 - httpx - INFO - _send_single_request:1025 - HTTP Request: HEAD https://huggingface.co/api/resolve-cache/models/sentence-transformers/all-MiniLM-L6-v2/c9745ed1d9f207416be6d2e6f8de32d1f16199bf/config_sentence_transformers.json "HTTP/1.1 200 OK"
2026-02-06 22:17:16 - httpx - INFO - _send_single_request:1025 - HTTP Request: HEAD https://huggingface.co/sentence-transformers/all-MiniLM-L6-v2/resolve/main/config_sentence_transformers.json "HTTP/1.1 307 Temporary Redirect"
2026-02-06 22:17:16 - httpx - INFO - _send_single_request:1025 - HTTP Request: HEAD https://huggingface.co/api/resolve-cache/models/sentence-transformers/all-MiniLM-L6-v2/c9745ed1d9f207416be6d2e6f8de32d1f16199bf/config_sentence_transformers.json "HTTP/1.1 200 OK"
2026-02-06 22:17:16 - httpx - INFO - _send_single_request:1025 - HTTP Request: HEAD https://huggingface.co/sentence-transformers/all-MiniLM-L6-v2/resolve/main/README.md "HTTP/1.1 307 Temporary Redirect"
2026-02-06 22:17:16 - httpx - INFO - _send_single_request:1025 - HTTP Request: HEAD https://huggingface.co/api/resolve-cache/models/sentence-transformers/all-MiniLM-L6-v2/c9745ed1d9f207416be6d2e6f8de32d1f16199bf/README.md "HTTP/1.1 200 OK"
2026-02-06 22:17:16 - httpx - INFO - _send_single_request:1025 - HTTP Request: HEAD https://huggingface.co/sentence-transformers/all-MiniLM-L6-v2/resolve/main/modules.json "HTTP/1.1 307 Temporary Redirect"
2026-02-06 22:17:16 - httpx - INFO - _send_single_request:1025 - HTTP Request: HEAD https://huggingface.co/api/resolve-cache/models/sentence-transformers/all-MiniLM-L6-v2/c9745ed1d9f207416be6d2e6f8de32d1f16199bf/modules.json "HTTP/1.1 200 OK"
2026-02-06 22:17:16 - httpx - INFO - _send_single_request:1025 - HTTP Request: HEAD https://huggingface.co/sentence-transformers/all-MiniLM-L6-v2/resolve/main/sentence_bert_config.json "HTTP/1.1 307 Temporary Redirect"
2026-02-06 22:17:17 - httpx - INFO - _send_single_request:1025 - HTTP Request: HEAD https://huggingface.co/api/resolve-cache/models/sentence-transformers/all-MiniLM-L6-v2/c9745ed1d9f207416be6d2e6f8de32d1f16199bf/sentence_bert_config.json "HTTP/1.1 200 OK"
2026-02-06 22:17:17 - app.services.scraper_v2 - INFO - get_links:108 - Scraping feed: https://www.reuters.com/technology/
2026-02-06 22:17:17 - httpx - INFO - _send_single_request:1025 - HTTP Request: HEAD https://huggingface.co/sentence-transformers/all-MiniLM-L6-v2/resolve/main/adapter_config.json "HTTP/1.1 404 Not Found"
2026-02-06 22:17:17 - huggingface_hub.utils._http - WARNING - _warn_on_warning_headers:779 - Warning: You are sending unauthenticated requests to the HF Hub. Please set a HF_TOKEN to enable higher rate limits and faster downloads.
2026-02-06 22:17:17 - httpx - INFO - _send_single_request:1025 - HTTP Request: HEAD https://huggingface.co/sentence-transformers/all-MiniLM-L6-v2/resolve/main/config_sentence_transformers.json "HTTP/1.1 307 Temporary Redirect"
2026-02-06 22:17:17 - httpx - INFO - _send_single_request:1025 - HTTP Request: HEAD https://huggingface.co/api/resolve-cache/models/sentence-transformers/all-MiniLM-L6-v2/c9745ed1d9f207416be6d2e6f8de32d1f16199bf/config_sentence_transformers.json "HTTP/1.1 200 OK"
2026-02-06 22:17:17 - httpx - INFO - _send_single_request:1025 - HTTP Request: HEAD https://huggingface.co/sentence-transformers/all-MiniLM-L6-v2/resolve/main/config.json "HTTP/1.1 307 Temporary Redirect"
2026-02-06 22:17:17 - httpx - INFO - _send_single_request:1025 - HTTP Request: HEAD https://huggingface.co/api/resolve-cache/models/sentence-transformers/all-MiniLM-L6-v2/c9745ed1d9f207416be6d2e6f8de32d1f16199bf/config.json "HTTP/1.1 200 OK"
2026-02-06 22:17:17 - httpx - INFO - _send_single_request:1025 - HTTP Request: HEAD https://huggingface.co/sentence-transformers/all-MiniLM-L6-v2/resolve/main/config_sentence_transformers.json "HTTP/1.1 307 Temporary Redirect"
2026-02-06 22:17:17 - httpx - INFO - _send_single_request:1025 - HTTP Request: HEAD https://huggingface.co/api/resolve-cache/models/sentence-transformers/all-MiniLM-L6-v2/c9745ed1d9f207416be6d2e6f8de32d1f16199bf/config_sentence_transformers.json "HTTP/1.1 200 OK"
2026-02-06 22:17:17 - httpx - INFO - _send_single_request:1025 - HTTP Request: HEAD https://huggingface.co/sentence-transformers/all-MiniLM-L6-v2/resolve/main/config.json "HTTP/1.1 307 Temporary Redirect"
2026-02-06 22:17:18 - httpx - INFO - _send_single_request:1025 - HTTP Request: HEAD https://huggingface.co/api/resolve-cache/models/sentence-transformers/all-MiniLM-L6-v2/c9745ed1d9f207416be6d2e6f8de32d1f16199bf/config.json "HTTP/1.1 200 OK"
2026-02-06 22:17:18 - httpx - INFO - _send_single_request:1025 - HTTP Request: HEAD https://huggingface.co/sentence-transformers/all-MiniLM-L6-v2/resolve/main/README.md "HTTP/1.1 307 Temporary Redirect"
2026-02-06 22:17:18 - httpx - INFO - _send_single_request:1025 - HTTP Request: HEAD https://huggingface.co/api/resolve-cache/models/sentence-transformers/all-MiniLM-L6-v2/c9745ed1d9f207416be6d2e6f8de32d1f16199bf/README.md "HTTP/1.1 200 OK"
2026-02-06 22:17:18 - httpx - INFO - _send_single_request:1025 - HTTP Request: HEAD https://huggingface.co/sentence-transformers/all-MiniLM-L6-v2/resolve/main/tokenizer_config.json "HTTP/1.1 307 Temporary Redirect"
2026-02-06 22:17:18 - httpx - INFO - _send_single_request:1025 - HTTP Request: HEAD https://huggingface.co/api/resolve-cache/models/sentence-transformers/all-MiniLM-L6-v2/c9745ed1d9f207416be6d2e6f8de32d1f16199bf/tokenizer_config.json "HTTP/1.1 200 OK"
2026-02-06 22:17:18 - httpx - INFO - _send_single_request:1025 - HTTP Request: HEAD https://huggingface.co/sentence-transformers/all-MiniLM-L6-v2/resolve/main/modules.json "HTTP/1.1 307 Temporary Redirect"
2026-02-06 22:17:18 - httpx - INFO - _send_single_request:1025 - HTTP Request: HEAD https://huggingface.co/api/resolve-cache/models/sentence-transformers/all-MiniLM-L6-v2/c9745ed1d9f207416be6d2e6f8de32d1f16199bf/modules.json "HTTP/1.1 200 OK"
2026-02-06 22:17:18 - httpx - INFO - _send_single_request:1025 - HTTP Request: GET https://huggingface.co/api/models/sentence-transformers/all-MiniLM-L6-v2/tree/main/additional_chat_templates?recursive=false&expand=false "HTTP/1.1 404 Not Found"
2026-02-06 22:17:18 - httpx - INFO - _send_single_request:1025 - HTTP Request: HEAD https://huggingface.co/sentence-transformers/all-MiniLM-L6-v2/resolve/main/sentence_bert_config.json "HTTP/1.1 307 Temporary Redirect"
2026-02-06 22:17:18 - httpx - INFO - _send_single_request:1025 - HTTP Request: HEAD https://huggingface.co/api/resolve-cache/models/sentence-transformers/all-MiniLM-L6-v2/c9745ed1d9f207416be6d2e6f8de32d1f16199bf/sentence_bert_config.json "HTTP/1.1 200 OK"
2026-02-06 22:17:18 - httpx - INFO - _send_single_request:1025 - HTTP Request: GET https://huggingface.co/api/models/sentence-transformers/all-MiniLM-L6-v2/tree/main?recursive=true&expand=false "HTTP/1.1 200 OK"
2026-02-06 22:17:19 - httpx - INFO - _send_single_request:1025 - HTTP Request: HEAD https://huggingface.co/sentence-transformers/all-MiniLM-L6-v2/resolve/main/1_Pooling/config.json "HTTP/1.1 307 Temporary Redirect"
2026-02-06 22:17:19 - httpx - INFO - _send_single_request:1025 - HTTP Request: HEAD https://huggingface.co/api/resolve-cache/models/sentence-transformers/all-MiniLM-L6-v2/c9745ed1d9f207416be6d2e6f8de32d1f16199bf/1_Pooling%2Fconfig.json "HTTP/1.1 200 OK"
2026-02-06 22:17:19 - sentence_transformers.SentenceTransformer - INFO - __init__:219 - Use pytorch device_name: cpu
2026-02-06 22:17:19 - sentence_transformers.SentenceTransformer - INFO - __init__:227 - Load pretrained SentenceTransformer: all-MiniLM-L6-v2
2026-02-06 22:17:19 - httpx - INFO - _send_single_request:1025 - HTTP Request: GET https://huggingface.co/api/models/sentence-transformers/all-MiniLM-L6-v2 "HTTP/1.1 200 OK"
2026-02-06 22:17:19 - app.services.deduplicator - INFO - __init__:20 - Deduplicator loaded on cpu
2026-02-06 22:17:19 - httpx - INFO - _send_single_request:1025 - HTTP Request: HEAD https://huggingface.co/sentence-transformers/all-MiniLM-L6-v2/resolve/main/adapter_config.json "HTTP/1.1 404 Not Found"
2026-02-06 22:17:19 - uvicorn.error - INFO - _serve:84 - Started server process [18348]
2026-02-06 22:17:19 - uvicorn.error - INFO - startup:48 - Waiting for application startup.
2026-02-06 22:17:19 - jobs - INFO - init_db:15 - Initializing database...
2026-02-06 22:17:19 - jobs - INFO - run_scraper_loop:25 - Starting Newsroom Ingestion Cycle #1 at 2026-02-06 22:17:19.546173
2026-02-06 22:17:19 - jobs - INFO - run_scraper_loop:30 - Scraping source: Reuters
2026-02-06 22:17:19 - app.services.scraper_v2 - INFO - get_links:108 - Scraping feed: https://www.reuters.com/world/
2026-02-06 22:17:19 - uvicorn.error - INFO - startup:62 - Application startup complete.
2026-02-06 22:17:19 - uvicorn.error - ERROR - send:134 - Traceback (most recent call last):
  File "C:\Users\binod\AppData\Local\Programs\Python\Python314\Lib\asyncio\runners.py", line 127, in run
    return self._loop.run_until_complete(task)
           ~~~~~~~~~~~~~~~~~~~~~~~~~~~~~^^^^^^
  File "C:\Users\binod\AppData\Local\Programs\Python\Python314\Lib\asyncio\base_events.py", line 719, in run_until_complete
    return future.result()
           ~~~~~~~~~~~~~^^
asyncio.exceptions.CancelledError

During handling of the above exception, another exception occurred:

Traceback (most recent call last):
  File "C:\Users\binod\AppData\Local\Programs\Python\Python314\Lib\asyncio\runners.py", line 204, in run
    return runner.run(main)
           ~~~~~~~~~~^^^^^^
  File "C:\Users\binod\AppData\Local\Programs\Python\Python314\Lib\asyncio\runners.py", line 132, in run
    raise KeyboardInterrupt()
KeyboardInterrupt

During handling of the above exception, another exception occurred:

Traceback (most recent call last):
  File "C:\Users\binod\AppData\Local\Programs\Python\Python314\Lib\site-packages\starlette\routing.py", line 701, in lifespan
    await receive()
  File "C:\Users\binod\AppData\Local\Programs\Python\Python314\Lib\site-packages\uvicorn\lifespan\on.py", line 137, in receive
    return await self.receive_queue.get()
           ^^^^^^^^^^^^^^^^^^^^^^^^^^^^^^
  File "C:\Users\binod\AppData\Local\Programs\Python\Python314\Lib\asyncio\queues.py", line 186, in get
    await getter
asyncio.exceptions.CancelledError

2026-02-06 22:17:19 - uvicorn.access - INFO - send:483 - 127.0.0.1:55844 - "OPTIONS /api/v1/scraper/status HTTP/1.1" 200
2026-02-06 22:17:19 - uvicorn.access - INFO - send:483 - 127.0.0.1:51672 - "OPTIONS /api/v1/scraper/cleanup?days_old=30 HTTP/1.1" 200
2026-02-06 22:17:19 - uvicorn.access - INFO - send:483 - 127.0.0.1:64972 - "OPTIONS /api/v1/scraper/cleanup?days_old=30 HTTP/1.1" 200
2026-02-06 22:17:19 - app.core.security - INFO - dispatch:32 - GET /api/v1/trending - 127.0.0.1
2026-02-06 22:17:19 - app.core.security - INFO - dispatch:40 - Response: 404 - 0.001s
2026-02-06 22:17:19 - uvicorn.access - INFO - send:483 - 127.0.0.1:51673 - "GET /api/v1/trending HTTP/1.1" 404
2026-02-06 22:17:19 - httpx - INFO - _send_single_request:1025 - HTTP Request: HEAD https://huggingface.co/sentence-transformers/all-MiniLM-L6-v2/resolve/main/config.json "HTTP/1.1 307 Temporary Redirect"
2026-02-06 22:17:19 - httpx - INFO - _send_single_request:1025 - HTTP Request: HEAD https://huggingface.co/api/resolve-cache/models/sentence-transformers/all-MiniLM-L6-v2/c9745ed1d9f207416be6d2e6f8de32d1f16199bf/config.json "HTTP/1.1 200 OK"
2026-02-06 22:17:19 - app.core.security - INFO - dispatch:32 - GET /api/v1/articles - 127.0.0.1
2026-02-06 22:17:19 - app.core.security - INFO - dispatch:32 - GET /api/v1/articles - 127.0.0.1
2026-02-06 22:17:19 - app.core.security - INFO - dispatch:32 - GET /api/v1/articles - 127.0.0.1
2026-02-06 22:17:19 - app.core.security - INFO - dispatch:32 - GET /api/v1/articles - 127.0.0.1
2026-02-06 22:17:19 - app.core.security - INFO - dispatch:32 - GET /api/v1/articles - 127.0.0.1
2026-02-06 22:17:19 - app.core.security - INFO - dispatch:32 - GET /api/v1/articles - 127.0.0.1
2026-02-06 22:17:19 - app.core.security - INFO - dispatch:32 - GET /api/v1/articles - 127.0.0.1
2026-02-06 22:17:19 - app.core.security - INFO - dispatch:32 - GET /api/v1/articles - 127.0.0.1
2026-02-06 22:17:19 - app.core.security - INFO - dispatch:32 - GET /api/v1/articles - 127.0.0.1
2026-02-06 22:17:19 - app.core.security - INFO - dispatch:32 - GET /api/v1/articles - 127.0.0.1
2026-02-06 22:17:19 - app.core.security - INFO - dispatch:32 - GET /api/v1/articles - 127.0.0.1
2026-02-06 22:17:19 - app.core.security - INFO - dispatch:40 - Response: 307 - 0.011s
2026-02-06 22:17:19 - uvicorn.access - INFO - send:483 - 127.0.0.1:51678 - "GET /api/v1/articles?category=World&limit=20 HTTP/1.1" 307
2026-02-06 22:17:19 - app.core.security - INFO - dispatch:40 - Response: 307 - 0.010s
2026-02-06 22:17:19 - app.core.security - INFO - dispatch:40 - Response: 307 - 0.009s
2026-02-06 22:17:19 - app.core.security - INFO - dispatch:40 - Response: 307 - 0.009s
2026-02-06 22:17:19 - app.core.security - INFO - dispatch:40 - Response: 307 - 0.009s
2026-02-06 22:17:19 - uvicorn.access - INFO - send:483 - 127.0.0.1:51679 - "GET /api/v1/articles?category=Business&limit=20 HTTP/1.1" 307
2026-02-06 22:17:19 - app.core.security - INFO - dispatch:40 - Response: 307 - 0.009s
2026-02-06 22:17:19 - app.core.security - INFO - dispatch:40 - Response: 307 - 0.008s
2026-02-06 22:17:19 - uvicorn.access - INFO - send:483 - 127.0.0.1:51681 - "GET /api/v1/articles?category=AI+%26+Startups&limit=20 HTTP/1.1" 307
2026-02-06 22:17:19 - uvicorn.access - INFO - send:483 - 127.0.0.1:51682 - "GET /api/v1/articles?category=Science&limit=20 HTTP/1.1" 307
2026-02-06 22:17:19 - uvicorn.access - INFO - send:483 - 127.0.0.1:51680 - "GET /api/v1/articles?category=Technology&limit=20 HTTP/1.1" 307
2026-02-06 22:17:19 - app.core.security - INFO - dispatch:40 - Response: 307 - 0.010s
2026-02-06 22:17:19 - app.core.security - INFO - dispatch:40 - Response: 307 - 0.009s
2026-02-06 22:17:19 - app.core.security - INFO - dispatch:40 - Response: 307 - 0.009s
2026-02-06 22:17:19 - app.core.security - INFO - dispatch:40 - Response: 307 - 0.009s
2026-02-06 22:17:19 - uvicorn.access - INFO - send:483 - 127.0.0.1:51683 - "GET /api/v1/articles?category=Health&limit=20 HTTP/1.1" 307
2026-02-06 22:17:19 - uvicorn.access - INFO - send:483 - 127.0.0.1:51684 - "GET /api/v1/articles?category=Politics&limit=20 HTTP/1.1" 307
2026-02-06 22:17:19 - uvicorn.access - INFO - send:483 - 127.0.0.1:51685 - "GET /api/v1/articles?category=Culture&limit=20 HTTP/1.1" 307
2026-02-06 22:17:19 - uvicorn.access - INFO - send:483 - 127.0.0.1:51686 - "GET /api/v1/articles?category=Sports&limit=20 HTTP/1.1" 307
2026-02-06 22:17:19 - uvicorn.access - INFO - send:483 - 127.0.0.1:51688 - "GET /api/v1/articles?category=Education&limit=20 HTTP/1.1" 307
2026-02-06 22:17:19 - uvicorn.access - INFO - send:483 - 127.0.0.1:51687 - "GET /api/v1/articles?category=Environment&limit=20 HTTP/1.1" 307
2026-02-06 22:17:19 - app.core.security - INFO - dispatch:32 - GET /api/v1/articles/ - 127.0.0.1
2026-02-06 22:17:19 - app.core.security - INFO - dispatch:32 - GET /api/v1/articles/ - 127.0.0.1
2026-02-06 22:17:19 - app.core.security - INFO - dispatch:32 - GET /api/v1/articles/ - 127.0.0.1
2026-02-06 22:17:19 - app.core.security - INFO - dispatch:32 - GET /api/v1/articles/ - 127.0.0.1
2026-02-06 22:17:19 - app.core.security - INFO - dispatch:32 - GET /api/v1/articles/ - 127.0.0.1
2026-02-06 22:17:19 - app.core.security - INFO - dispatch:32 - GET /api/v1/articles/ - 127.0.0.1
2026-02-06 22:17:19 - app.core.security - INFO - dispatch:32 - GET /api/v1/articles/ - 127.0.0.1
2026-02-06 22:17:19 - app.core.security - INFO - dispatch:32 - GET /api/v1/articles/ - 127.0.0.1
2026-02-06 22:17:19 - app.core.security - INFO - dispatch:32 - GET /api/v1/articles/ - 127.0.0.1
2026-02-06 22:17:19 - app.core.security - INFO - dispatch:32 - GET /api/v1/articles/ - 127.0.0.1
2026-02-06 22:17:19 - app.core.security - INFO - dispatch:32 - GET /api/v1/articles/ - 127.0.0.1
2026-02-06 22:17:19 - httpx - INFO - _send_single_request:1025 - HTTP Request: HEAD https://huggingface.co/sentence-transformers/all-MiniLM-L6-v2/resolve/main/modules.json "HTTP/1.1 307 Temporary Redirect"
2026-02-06 22:17:20 - app.core.security - INFO - dispatch:40 - Response: 200 - 0.065s
2026-02-06 22:17:20 - uvicorn.access - INFO - send:483 - 127.0.0.1:51689 - "GET /api/v1/articles/?category=World&limit=20 HTTP/1.1" 200
2026-02-06 22:17:20 - httpx - INFO - _send_single_request:1025 - HTTP Request: HEAD https://huggingface.co/api/resolve-cache/models/sentence-transformers/all-MiniLM-L6-v2/c9745ed1d9f207416be6d2e6f8de32d1f16199bf/modules.json "HTTP/1.1 200 OK"
2026-02-06 22:17:20 - app.core.security - INFO - dispatch:40 - Response: 200 - 0.127s
2026-02-06 22:17:20 - uvicorn.access - INFO - send:483 - 127.0.0.1:51691 - "GET /api/v1/articles/?category=AI+%26+Startups&limit=20 HTTP/1.1" 200
2026-02-06 22:17:20 - app.core.security - INFO - dispatch:40 - Response: 200 - 0.131s
2026-02-06 22:17:20 - uvicorn.access - INFO - send:483 - 127.0.0.1:51696 - "GET /api/v1/articles/?category=Culture&limit=20 HTTP/1.1" 200
2026-02-06 22:17:20 - app.core.security - INFO - dispatch:40 - Response: 200 - 0.170s
2026-02-06 22:17:20 - uvicorn.access - INFO - send:483 - 127.0.0.1:51693 - "GET /api/v1/articles/?category=Technology&limit=20 HTTP/1.1" 200
2026-02-06 22:17:20 - app.core.security - INFO - dispatch:40 - Response: 200 - 0.229s
2026-02-06 22:17:20 - httpx - INFO - _send_single_request:1025 - HTTP Request: HEAD https://huggingface.co/sentence-transformers/all-MiniLM-L6-v2/resolve/main/config.json "HTTP/1.1 307 Temporary Redirect"
2026-02-06 22:17:20 - uvicorn.access - INFO - send:483 - 127.0.0.1:51694 - "GET /api/v1/articles/?category=Health&limit=20 HTTP/1.1" 200
2026-02-06 22:17:20 - app.core.security - INFO - dispatch:40 - Response: 200 - 0.241s
2026-02-06 22:17:20 - app.core.security - INFO - dispatch:40 - Response: 200 - 0.237s
2026-02-06 22:17:20 - app.core.security - INFO - dispatch:40 - Response: 200 - 0.237s
2026-02-06 22:17:20 - uvicorn.access - INFO - send:483 - 127.0.0.1:51690 - "GET /api/v1/articles/?category=Business&limit=20 HTTP/1.1" 200
2026-02-06 22:17:20 - app.core.security - INFO - dispatch:40 - Response: 200 - 0.246s
2026-02-06 22:17:20 - uvicorn.access - INFO - send:483 - 127.0.0.1:51697 - "GET /api/v1/articles/?category=Sports&limit=20 HTTP/1.1" 200
2026-02-06 22:17:20 - app.core.security - INFO - dispatch:40 - Response: 200 - 0.241s
2026-02-06 22:17:20 - app.core.security - INFO - dispatch:40 - Response: 200 - 0.243s
2026-02-06 22:17:20 - uvicorn.access - INFO - send:483 - 127.0.0.1:51699 - "GET /api/v1/articles/?category=Environment&limit=20 HTTP/1.1" 200
2026-02-06 22:17:20 - uvicorn.access - INFO - send:483 - 127.0.0.1:51692 - "GET /api/v1/articles/?category=Science&limit=20 HTTP/1.1" 200
2026-02-06 22:17:20 - uvicorn.access - INFO - send:483 - 127.0.0.1:51695 - "GET /api/v1/articles/?category=Politics&limit=20 HTTP/1.1" 200
2026-02-06 22:17:20 - uvicorn.access - INFO - send:483 - 127.0.0.1:51698 - "GET /api/v1/articles/?category=Education&limit=20 HTTP/1.1" 200
2026-02-06 22:17:20 - httpx - INFO - _send_single_request:1025 - HTTP Request: HEAD https://huggingface.co/api/resolve-cache/models/sentence-transformers/all-MiniLM-L6-v2/c9745ed1d9f207416be6d2e6f8de32d1f16199bf/config.json "HTTP/1.1 200 OK"
2026-02-06 22:17:20 - httpx - INFO - _send_single_request:1025 - HTTP Request: HEAD https://huggingface.co/sentence-transformers/all-MiniLM-L6-v2/resolve/main/config_sentence_transformers.json "HTTP/1.1 307 Temporary Redirect"
2026-02-06 22:17:20 - httpx - INFO - _send_single_request:1025 - HTTP Request: HEAD https://huggingface.co/api/resolve-cache/models/sentence-transformers/all-MiniLM-L6-v2/c9745ed1d9f207416be6d2e6f8de32d1f16199bf/config_sentence_transformers.json "HTTP/1.1 200 OK"
2026-02-06 22:17:20 - app.services.scraper_v2 - INFO - get_links:108 - Scraping feed: https://www.reuters.com/science/
2026-02-06 22:17:20 - httpx - INFO - _send_single_request:1025 - HTTP Request: HEAD https://huggingface.co/sentence-transformers/all-MiniLM-L6-v2/resolve/main/tokenizer_config.json "HTTP/1.1 307 Temporary Redirect"
2026-02-06 22:17:20 - httpx - INFO - _send_single_request:1025 - HTTP Request: HEAD https://huggingface.co/api/resolve-cache/models/sentence-transformers/all-MiniLM-L6-v2/c9745ed1d9f207416be6d2e6f8de32d1f16199bf/tokenizer_config.json "HTTP/1.1 200 OK"
2026-02-06 22:17:20 - httpx - INFO - _send_single_request:1025 - HTTP Request: HEAD https://huggingface.co/sentence-transformers/all-MiniLM-L6-v2/resolve/main/config_sentence_transformers.json "HTTP/1.1 307 Temporary Redirect"
2026-02-06 22:17:20 - httpx - INFO - _send_single_request:1025 - HTTP Request: HEAD https://huggingface.co/api/resolve-cache/models/sentence-transformers/all-MiniLM-L6-v2/c9745ed1d9f207416be6d2e6f8de32d1f16199bf/config_sentence_transformers.json "HTTP/1.1 200 OK"
2026-02-06 22:17:20 - httpx - INFO - _send_single_request:1025 - HTTP Request: GET https://huggingface.co/api/models/sentence-transformers/all-MiniLM-L6-v2/tree/main/additional_chat_templates?recursive=false&expand=false "HTTP/1.1 404 Not Found"
2026-02-06 22:17:20 - httpx - INFO - _send_single_request:1025 - HTTP Request: HEAD https://huggingface.co/sentence-transformers/all-MiniLM-L6-v2/resolve/main/README.md "HTTP/1.1 307 Temporary Redirect"
2026-02-06 22:17:20 - httpx - INFO - _send_single_request:1025 - HTTP Request: HEAD https://huggingface.co/api/resolve-cache/models/sentence-transformers/all-MiniLM-L6-v2/c9745ed1d9f207416be6d2e6f8de32d1f16199bf/README.md "HTTP/1.1 200 OK"
2026-02-06 22:17:21 - httpx - INFO - _send_single_request:1025 - HTTP Request: GET https://huggingface.co/api/models/sentence-transformers/all-MiniLM-L6-v2/tree/main?recursive=true&expand=false "HTTP/1.1 200 OK"
2026-02-06 22:17:21 - httpx - INFO - _send_single_request:1025 - HTTP Request: HEAD https://huggingface.co/sentence-transformers/all-MiniLM-L6-v2/resolve/main/modules.json "HTTP/1.1 307 Temporary Redirect"
2026-02-06 22:17:21 - httpx - INFO - _send_single_request:1025 - HTTP Request: HEAD https://huggingface.co/api/resolve-cache/models/sentence-transformers/all-MiniLM-L6-v2/c9745ed1d9f207416be6d2e6f8de32d1f16199bf/modules.json "HTTP/1.1 200 OK"
2026-02-06 22:17:21 - httpx - INFO - _send_single_request:1025 - HTTP Request: HEAD https://huggingface.co/sentence-transformers/all-MiniLM-L6-v2/resolve/main/1_Pooling/config.json "HTTP/1.1 307 Temporary Redirect"
2026-02-06 22:17:21 - httpx - INFO - _send_single_request:1025 - HTTP Request: HEAD https://huggingface.co/api/resolve-cache/models/sentence-transformers/all-MiniLM-L6-v2/c9745ed1d9f207416be6d2e6f8de32d1f16199bf/1_Pooling%2Fconfig.json "HTTP/1.1 200 OK"
2026-02-06 22:17:21 - app.services.scraper_v2 - INFO - get_links:108 - Scraping feed: https://www.reuters.com/business/
2026-02-06 22:17:21 - httpx - INFO - _send_single_request:1025 - HTTP Request: GET https://huggingface.co/api/models/sentence-transformers/all-MiniLM-L6-v2 "HTTP/1.1 200 OK"
2026-02-06 22:17:21 - app.services.deduplicator - INFO - __init__:20 - Deduplicator loaded on cpu
2026-02-06 22:17:21 - uvicorn.error - INFO - _serve:84 - Started server process [20880]
2026-02-06 22:17:21 - uvicorn.error - INFO - startup:48 - Waiting for application startup.
2026-02-06 22:17:21 - jobs - INFO - init_db:15 - Initializing database...
2026-02-06 22:17:21 - jobs - INFO - run_scraper_loop:25 - Starting Newsroom Ingestion Cycle #1 at 2026-02-06 22:17:21.971130
2026-02-06 22:17:21 - jobs - INFO - run_scraper_loop:30 - Scraping source: Reuters
2026-02-06 22:17:21 - app.services.scraper_v2 - INFO - get_links:108 - Scraping feed: https://www.reuters.com/world/
2026-02-06 22:17:21 - uvicorn.error - INFO - startup:62 - Application startup complete.
2026-02-06 22:17:21 - uvicorn.error - ERROR - send:134 - Traceback (most recent call last):
  File "C:\Users\binod\AppData\Local\Programs\Python\Python314\Lib\asyncio\runners.py", line 127, in run
    return self._loop.run_until_complete(task)
           ~~~~~~~~~~~~~~~~~~~~~~~~~~~~~^^^^^^
  File "C:\Users\binod\AppData\Local\Programs\Python\Python314\Lib\asyncio\base_events.py", line 719, in run_until_complete
    return future.result()
           ~~~~~~~~~~~~~^^
asyncio.exceptions.CancelledError

During handling of the above exception, another exception occurred:

Traceback (most recent call last):
  File "C:\Users\binod\AppData\Local\Programs\Python\Python314\Lib\asyncio\runners.py", line 204, in run
    return runner.run(main)
           ~~~~~~~~~~^^^^^^
  File "C:\Users\binod\AppData\Local\Programs\Python\Python314\Lib\asyncio\runners.py", line 132, in run
    raise KeyboardInterrupt()
KeyboardInterrupt

During handling of the above exception, another exception occurred:

Traceback (most recent call last):
  File "C:\Users\binod\AppData\Local\Programs\Python\Python314\Lib\site-packages\starlette\routing.py", line 701, in lifespan
    await receive()
  File "C:\Users\binod\AppData\Local\Programs\Python\Python314\Lib\site-packages\uvicorn\lifespan\on.py", line 137, in receive
    return await self.receive_queue.get()
           ^^^^^^^^^^^^^^^^^^^^^^^^^^^^^^
  File "C:\Users\binod\AppData\Local\Programs\Python\Python314\Lib\asyncio\queues.py", line 186, in get
    await getter
asyncio.exceptions.CancelledError

2026-02-06 22:17:22 - httpx - INFO - _send_single_request:1025 - HTTP Request: HEAD https://huggingface.co/sentence-transformers/all-MiniLM-L6-v2/resolve/main/sentence_bert_config.json "HTTP/1.1 307 Temporary Redirect"
2026-02-06 22:17:22 - httpx - INFO - _send_single_request:1025 - HTTP Request: HEAD https://huggingface.co/api/resolve-cache/models/sentence-transformers/all-MiniLM-L6-v2/c9745ed1d9f207416be6d2e6f8de32d1f16199bf/sentence_bert_config.json "HTTP/1.1 200 OK"
2026-02-06 22:17:22 - httpx - INFO - _send_single_request:1025 - HTTP Request: HEAD https://huggingface.co/sentence-transformers/all-MiniLM-L6-v2/resolve/main/adapter_config.json "HTTP/1.1 404 Not Found"
2026-02-06 22:17:23 - httpx - INFO - _send_single_request:1025 - HTTP Request: HEAD https://huggingface.co/sentence-transformers/all-MiniLM-L6-v2/resolve/main/config.json "HTTP/1.1 307 Temporary Redirect"
2026-02-06 22:17:23 - httpx - INFO - _send_single_request:1025 - HTTP Request: HEAD https://huggingface.co/api/resolve-cache/models/sentence-transformers/all-MiniLM-L6-v2/c9745ed1d9f207416be6d2e6f8de32d1f16199bf/config.json "HTTP/1.1 200 OK"
2026-02-06 22:17:23 - app.services.scraper_v2 - INFO - get_links:108 - Scraping feed: https://www.reuters.com/technology/
2026-02-06 22:17:24 - httpx - INFO - _send_single_request:1025 - HTTP Request: HEAD https://huggingface.co/sentence-transformers/all-MiniLM-L6-v2/resolve/main/config.json "HTTP/1.1 307 Temporary Redirect"
2026-02-06 22:17:24 - httpx - INFO - _send_single_request:1025 - HTTP Request: HEAD https://huggingface.co/api/resolve-cache/models/sentence-transformers/all-MiniLM-L6-v2/c9745ed1d9f207416be6d2e6f8de32d1f16199bf/config.json "HTTP/1.1 200 OK"
2026-02-06 22:17:24 - httpx - INFO - _send_single_request:1025 - HTTP Request: HEAD https://huggingface.co/sentence-transformers/all-MiniLM-L6-v2/resolve/main/tokenizer_config.json "HTTP/1.1 307 Temporary Redirect"
2026-02-06 22:17:24 - httpx - INFO - _send_single_request:1025 - HTTP Request: HEAD https://huggingface.co/api/resolve-cache/models/sentence-transformers/all-MiniLM-L6-v2/c9745ed1d9f207416be6d2e6f8de32d1f16199bf/tokenizer_config.json "HTTP/1.1 200 OK"
2026-02-06 22:17:24 - httpx - INFO - _send_single_request:1025 - HTTP Request: GET https://huggingface.co/api/models/sentence-transformers/all-MiniLM-L6-v2/tree/main/additional_chat_templates?recursive=false&expand=false "HTTP/1.1 404 Not Found"
2026-02-06 22:17:24 - httpx - INFO - _send_single_request:1025 - HTTP Request: GET https://huggingface.co/api/models/sentence-transformers/all-MiniLM-L6-v2/tree/main?recursive=true&expand=false "HTTP/1.1 200 OK"
2026-02-06 22:17:25 - httpx - INFO - _send_single_request:1025 - HTTP Request: HEAD https://huggingface.co/sentence-transformers/all-MiniLM-L6-v2/resolve/main/1_Pooling/config.json "HTTP/1.1 307 Temporary Redirect"
2026-02-06 22:17:25 - app.services.scraper_v2 - INFO - get_links:108 - Scraping feed: https://www.reuters.com/science/
2026-02-06 22:17:25 - httpx - INFO - _send_single_request:1025 - HTTP Request: HEAD https://huggingface.co/api/resolve-cache/models/sentence-transformers/all-MiniLM-L6-v2/c9745ed1d9f207416be6d2e6f8de32d1f16199bf/1_Pooling%2Fconfig.json "HTTP/1.1 200 OK"
2026-02-06 22:17:25 - app.services.scraper_v2 - INFO - get_links:108 - Scraping feed: https://www.reuters.com/business/
2026-02-06 22:17:25 - httpx - INFO - _send_single_request:1025 - HTTP Request: GET https://huggingface.co/api/models/sentence-transformers/all-MiniLM-L6-v2 "HTTP/1.1 200 OK"
2026-02-06 22:17:25 - app.services.deduplicator - INFO - __init__:20 - Deduplicator loaded on cpu
2026-02-06 22:17:25 - uvicorn.error - INFO - _serve:84 - Started server process [16764]
2026-02-06 22:17:25 - uvicorn.error - INFO - startup:48 - Waiting for application startup.
2026-02-06 22:17:25 - jobs - INFO - init_db:15 - Initializing database...
2026-02-06 22:17:25 - jobs - INFO - run_scraper_loop:25 - Starting Newsroom Ingestion Cycle #1 at 2026-02-06 22:17:25.607780
2026-02-06 22:17:25 - jobs - INFO - run_scraper_loop:30 - Scraping source: Reuters
2026-02-06 22:17:25 - app.services.scraper_v2 - INFO - get_links:108 - Scraping feed: https://www.reuters.com/world/
2026-02-06 22:17:25 - uvicorn.error - INFO - startup:62 - Application startup complete.
2026-02-06 22:17:26 - app.core.logging - INFO - setup_logging:70 - Logging system initialized
2026-02-06 22:17:27 - app.services.scraper_v2 - INFO - get_links:108 - Scraping feed: https://www.reuters.com/business/
2026-02-06 22:17:27 - uvicorn.error - INFO - serve:76 - Started server process [15924]
2026-02-06 22:17:27 - uvicorn.error - INFO - startup:48 - Waiting for application startup.
2026-02-06 22:17:27 - jobs - INFO - init_db:15 - Initializing database...
2026-02-06 22:17:27 - jobs - INFO - run_scraper_loop:25 - Starting Newsroom Ingestion Cycle #1 at 2026-02-06 22:17:27.728230
2026-02-06 22:17:27 - jobs - INFO - run_scraper_loop:30 - Scraping source: Reuters
2026-02-06 22:17:27 - app.services.scraper_v2 - INFO - get_links:108 - Scraping feed: https://www.reuters.com/world/
2026-02-06 22:17:27 - uvicorn.error - INFO - startup:62 - Application startup complete.
2026-02-06 22:17:29 - app.services.scraper_v2 - INFO - get_links:108 - Scraping feed: https://www.reuters.com/technology/
2026-02-06 22:17:29 - app.core.logging - INFO - setup_logging:70 - Logging system initialized
2026-02-06 22:17:30 - app.services.scraper_v2 - INFO - get_links:108 - Scraping feed: https://www.reuters.com/business/
2026-02-06 22:17:30 - app.services.scraper_v2 - INFO - get_links:108 - Scraping feed: https://www.reuters.com/technology/
2026-02-06 22:17:31 - app.services.scraper_v2 - INFO - get_links:108 - Scraping feed: https://www.reuters.com/science/
2026-02-06 22:17:32 - app.services.scraper_v2 - INFO - get_links:108 - Scraping feed: https://www.reuters.com/technology/
2026-02-06 22:17:33 - app.services.scraper_v2 - INFO - get_links:108 - Scraping feed: https://www.reuters.com/science/
2026-02-06 22:17:34 - app.services.scraper_v2 - INFO - get_links:108 - Scraping feed: https://www.reuters.com/science/
2026-02-06 22:17:34 - sentence_transformers.SentenceTransformer - INFO - __init__:219 - Use pytorch device_name: cpu
2026-02-06 22:17:34 - sentence_transformers.SentenceTransformer - INFO - __init__:227 - Load pretrained SentenceTransformer: all-MiniLM-L6-v2
2026-02-06 22:17:35 - httpx - INFO - _send_single_request:1025 - HTTP Request: HEAD https://huggingface.co/sentence-transformers/all-MiniLM-L6-v2/resolve/main/modules.json "HTTP/1.1 307 Temporary Redirect"
2026-02-06 22:17:35 - httpx - INFO - _send_single_request:1025 - HTTP Request: HEAD https://huggingface.co/api/resolve-cache/models/sentence-transformers/all-MiniLM-L6-v2/c9745ed1d9f207416be6d2e6f8de32d1f16199bf/modules.json "HTTP/1.1 200 OK"
2026-02-06 22:17:35 - app.core.logging - INFO - setup_logging:70 - Logging system initialized
2026-02-06 22:17:35 - httpx - INFO - _send_single_request:1025 - HTTP Request: HEAD https://huggingface.co/sentence-transformers/all-MiniLM-L6-v2/resolve/main/config_sentence_transformers.json "HTTP/1.1 307 Temporary Redirect"
2026-02-06 22:17:35 - httpx - INFO - _send_single_request:1025 - HTTP Request: HEAD https://huggingface.co/api/resolve-cache/models/sentence-transformers/all-MiniLM-L6-v2/c9745ed1d9f207416be6d2e6f8de32d1f16199bf/config_sentence_transformers.json "HTTP/1.1 200 OK"
2026-02-06 22:17:35 - jobs - INFO - run_scraper_loop:30 - Scraping source: Associated Press
2026-02-06 22:17:35 - app.services.scraper_v2 - INFO - get_links:108 - Scraping feed: https://apnews.com/hub/politics
2026-02-06 22:17:36 - httpx - INFO - _send_single_request:1025 - HTTP Request: HEAD https://huggingface.co/sentence-transformers/all-MiniLM-L6-v2/resolve/main/config_sentence_transformers.json "HTTP/1.1 307 Temporary Redirect"
2026-02-06 22:17:36 - httpx - INFO - _send_single_request:1025 - HTTP Request: HEAD https://huggingface.co/api/resolve-cache/models/sentence-transformers/all-MiniLM-L6-v2/c9745ed1d9f207416be6d2e6f8de32d1f16199bf/config_sentence_transformers.json "HTTP/1.1 200 OK"
2026-02-06 22:17:36 - jobs - INFO - run_scraper_loop:30 - Scraping source: Associated Press
2026-02-06 22:17:36 - app.services.scraper_v2 - INFO - get_links:108 - Scraping feed: https://apnews.com/hub/politics
2026-02-06 22:17:36 - httpx - INFO - _send_single_request:1025 - HTTP Request: HEAD https://huggingface.co/sentence-transformers/all-MiniLM-L6-v2/resolve/main/README.md "HTTP/1.1 307 Temporary Redirect"
2026-02-06 22:17:36 - huggingface_hub.utils._http - WARNING - _warn_on_warning_headers:779 - Warning: You are sending unauthenticated requests to the HF Hub. Please set a HF_TOKEN to enable higher rate limits and faster downloads.
2026-02-06 22:17:36 - httpx - INFO - _send_single_request:1025 - HTTP Request: HEAD https://huggingface.co/api/resolve-cache/models/sentence-transformers/all-MiniLM-L6-v2/c9745ed1d9f207416be6d2e6f8de32d1f16199bf/README.md "HTTP/1.1 200 OK"
2026-02-06 22:17:36 - httpx - INFO - _send_single_request:1025 - HTTP Request: HEAD https://huggingface.co/sentence-transformers/all-MiniLM-L6-v2/resolve/main/modules.json "HTTP/1.1 307 Temporary Redirect"
2026-02-06 22:17:36 - httpx - INFO - _send_single_request:1025 - HTTP Request: HEAD https://huggingface.co/api/resolve-cache/models/sentence-transformers/all-MiniLM-L6-v2/c9745ed1d9f207416be6d2e6f8de32d1f16199bf/modules.json "HTTP/1.1 200 OK"
2026-02-06 22:17:37 - httpx - INFO - _send_single_request:1025 - HTTP Request: HEAD https://huggingface.co/sentence-transformers/all-MiniLM-L6-v2/resolve/main/sentence_bert_config.json "HTTP/1.1 307 Temporary Redirect"
2026-02-06 22:17:37 - httpx - INFO - _send_single_request:1025 - HTTP Request: HEAD https://huggingface.co/api/resolve-cache/models/sentence-transformers/all-MiniLM-L6-v2/c9745ed1d9f207416be6d2e6f8de32d1f16199bf/sentence_bert_config.json "HTTP/1.1 200 OK"
2026-02-06 22:17:37 - httpx - INFO - _send_single_request:1025 - HTTP Request: HEAD https://huggingface.co/sentence-transformers/all-MiniLM-L6-v2/resolve/main/adapter_config.json "HTTP/1.1 404 Not Found"
2026-02-06 22:17:37 - httpx - INFO - _send_single_request:1025 - HTTP Request: HEAD https://huggingface.co/sentence-transformers/all-MiniLM-L6-v2/resolve/main/config.json "HTTP/1.1 307 Temporary Redirect"
2026-02-06 22:17:37 - httpx - INFO - _send_single_request:1025 - HTTP Request: HEAD https://huggingface.co/api/resolve-cache/models/sentence-transformers/all-MiniLM-L6-v2/c9745ed1d9f207416be6d2e6f8de32d1f16199bf/config.json "HTTP/1.1 200 OK"
2026-02-06 22:17:38 - httpx - INFO - _send_single_request:1025 - HTTP Request: HEAD https://huggingface.co/sentence-transformers/all-MiniLM-L6-v2/resolve/main/config.json "HTTP/1.1 307 Temporary Redirect"
2026-02-06 22:17:38 - httpx - INFO - _send_single_request:1025 - HTTP Request: HEAD https://huggingface.co/api/resolve-cache/models/sentence-transformers/all-MiniLM-L6-v2/c9745ed1d9f207416be6d2e6f8de32d1f16199bf/config.json "HTTP/1.1 200 OK"
2026-02-06 22:17:38 - httpx - INFO - _send_single_request:1025 - HTTP Request: HEAD https://huggingface.co/sentence-transformers/all-MiniLM-L6-v2/resolve/main/tokenizer_config.json "HTTP/1.1 307 Temporary Redirect"
2026-02-06 22:17:38 - httpx - INFO - _send_single_request:1025 - HTTP Request: HEAD https://huggingface.co/api/resolve-cache/models/sentence-transformers/all-MiniLM-L6-v2/c9745ed1d9f207416be6d2e6f8de32d1f16199bf/tokenizer_config.json "HTTP/1.1 200 OK"
2026-02-06 22:17:39 - httpx - INFO - _send_single_request:1025 - HTTP Request: GET https://huggingface.co/api/models/sentence-transformers/all-MiniLM-L6-v2/tree/main/additional_chat_templates?recursive=false&expand=false "HTTP/1.1 404 Not Found"
2026-02-06 22:17:39 - httpx - INFO - _send_single_request:1025 - HTTP Request: GET https://huggingface.co/api/models/sentence-transformers/all-MiniLM-L6-v2/tree/main?recursive=true&expand=false "HTTP/1.1 200 OK"
2026-02-06 22:17:40 - httpx - INFO - _send_single_request:1025 - HTTP Request: HEAD https://huggingface.co/sentence-transformers/all-MiniLM-L6-v2/resolve/main/1_Pooling/config.json "HTTP/1.1 307 Temporary Redirect"
2026-02-06 22:17:40 - httpx - INFO - _send_single_request:1025 - HTTP Request: HEAD https://huggingface.co/api/resolve-cache/models/sentence-transformers/all-MiniLM-L6-v2/c9745ed1d9f207416be6d2e6f8de32d1f16199bf/1_Pooling%2Fconfig.json "HTTP/1.1 200 OK"
2026-02-06 22:17:40 - httpx - INFO - _send_single_request:1025 - HTTP Request: GET https://huggingface.co/api/models/sentence-transformers/all-MiniLM-L6-v2 "HTTP/1.1 200 OK"
2026-02-06 22:17:40 - app.services.deduplicator - INFO - __init__:20 - Deduplicator loaded on cpu
2026-02-06 22:17:40 - uvicorn.error - INFO - _serve:84 - Started server process [21472]
2026-02-06 22:17:40 - uvicorn.error - INFO - startup:48 - Waiting for application startup.
2026-02-06 22:17:40 - jobs - INFO - init_db:15 - Initializing database...
2026-02-06 22:17:40 - jobs - INFO - run_scraper_loop:25 - Starting Newsroom Ingestion Cycle #1 at 2026-02-06 22:17:40.472977
2026-02-06 22:17:40 - jobs - INFO - run_scraper_loop:30 - Scraping source: Reuters
2026-02-06 22:17:40 - app.services.scraper_v2 - INFO - get_links:108 - Scraping feed: https://www.reuters.com/world/
2026-02-06 22:17:40 - uvicorn.error - INFO - startup:62 - Application startup complete.
2026-02-06 22:17:40 - app.core.security - INFO - dispatch:32 - GET /health - 127.0.0.1
2026-02-06 22:17:40 - app.core.security - INFO - dispatch:40 - Response: 200 - 0.008s
2026-02-06 22:17:40 - uvicorn.access - INFO - send:483 - 127.0.0.1:64302 - "GET /health HTTP/1.1" 200
2026-02-06 22:17:41 - sentence_transformers.SentenceTransformer - INFO - __init__:219 - Use pytorch device_name: cpu
2026-02-06 22:17:41 - sentence_transformers.SentenceTransformer - INFO - __init__:227 - Load pretrained SentenceTransformer: all-MiniLM-L6-v2
2026-02-06 22:17:42 - httpx - INFO - _send_single_request:1025 - HTTP Request: HEAD https://huggingface.co/sentence-transformers/all-MiniLM-L6-v2/resolve/main/modules.json "HTTP/1.1 307 Temporary Redirect"
2026-02-06 22:17:42 - httpx - INFO - _send_single_request:1025 - HTTP Request: HEAD https://huggingface.co/api/resolve-cache/models/sentence-transformers/all-MiniLM-L6-v2/c9745ed1d9f207416be6d2e6f8de32d1f16199bf/modules.json "HTTP/1.1 200 OK"
2026-02-06 22:17:43 - httpx - INFO - _send_single_request:1025 - HTTP Request: HEAD https://huggingface.co/sentence-transformers/all-MiniLM-L6-v2/resolve/main/config_sentence_transformers.json "HTTP/1.1 307 Temporary Redirect"
2026-02-06 22:17:43 - httpx - INFO - _send_single_request:1025 - HTTP Request: HEAD https://huggingface.co/api/resolve-cache/models/sentence-transformers/all-MiniLM-L6-v2/c9745ed1d9f207416be6d2e6f8de32d1f16199bf/config_sentence_transformers.json "HTTP/1.1 200 OK"
2026-02-06 22:17:43 - httpx - INFO - _send_single_request:1025 - HTTP Request: HEAD https://huggingface.co/sentence-transformers/all-MiniLM-L6-v2/resolve/main/config_sentence_transformers.json "HTTP/1.1 307 Temporary Redirect"
2026-02-06 22:17:43 - httpx - INFO - _send_single_request:1025 - HTTP Request: HEAD https://huggingface.co/api/resolve-cache/models/sentence-transformers/all-MiniLM-L6-v2/c9745ed1d9f207416be6d2e6f8de32d1f16199bf/config_sentence_transformers.json "HTTP/1.1 200 OK"
2026-02-06 22:17:43 - httpx - INFO - _send_single_request:1025 - HTTP Request: HEAD https://huggingface.co/sentence-transformers/all-MiniLM-L6-v2/resolve/main/README.md "HTTP/1.1 307 Temporary Redirect"
2026-02-06 22:17:43 - httpx - INFO - _send_single_request:1025 - HTTP Request: HEAD https://huggingface.co/api/resolve-cache/models/sentence-transformers/all-MiniLM-L6-v2/c9745ed1d9f207416be6d2e6f8de32d1f16199bf/README.md "HTTP/1.1 200 OK"
2026-02-06 22:17:44 - httpx - INFO - _send_single_request:1025 - HTTP Request: HEAD https://huggingface.co/sentence-transformers/all-MiniLM-L6-v2/resolve/main/modules.json "HTTP/1.1 307 Temporary Redirect"
2026-02-06 22:17:44 - app.services.scraper_v2 - INFO - get_links:108 - Scraping feed: https://www.reuters.com/business/
2026-02-06 22:17:44 - httpx - INFO - _send_single_request:1025 - HTTP Request: HEAD https://huggingface.co/api/resolve-cache/models/sentence-transformers/all-MiniLM-L6-v2/c9745ed1d9f207416be6d2e6f8de32d1f16199bf/modules.json "HTTP/1.1 200 OK"
2026-02-06 22:17:44 - httpx - INFO - _send_single_request:1025 - HTTP Request: HEAD https://huggingface.co/sentence-transformers/all-MiniLM-L6-v2/resolve/main/sentence_bert_config.json "HTTP/1.1 307 Temporary Redirect"
2026-02-06 22:17:44 - httpx - INFO - _send_single_request:1025 - HTTP Request: HEAD https://huggingface.co/api/resolve-cache/models/sentence-transformers/all-MiniLM-L6-v2/c9745ed1d9f207416be6d2e6f8de32d1f16199bf/sentence_bert_config.json "HTTP/1.1 200 OK"
2026-02-06 22:17:44 - httpx - INFO - _send_single_request:1025 - HTTP Request: HEAD https://huggingface.co/sentence-transformers/all-MiniLM-L6-v2/resolve/main/adapter_config.json "HTTP/1.1 404 Not Found"
2026-02-06 22:17:45 - httpx - INFO - _send_single_request:1025 - HTTP Request: HEAD https://huggingface.co/sentence-transformers/all-MiniLM-L6-v2/resolve/main/config.json "HTTP/1.1 307 Temporary Redirect"
2026-02-06 22:17:45 - httpx - INFO - _send_single_request:1025 - HTTP Request: HEAD https://huggingface.co/api/resolve-cache/models/sentence-transformers/all-MiniLM-L6-v2/c9745ed1d9f207416be6d2e6f8de32d1f16199bf/config.json "HTTP/1.1 200 OK"
2026-02-06 22:17:45 - app.core.security - INFO - dispatch:32 - POST /api/v1/auth/signup - 127.0.0.1
2026-02-06 22:17:45 - passlib.handlers.bcrypt - WARNING - _load_backend_mixin:622 - (trapped) error reading bcrypt version
Traceback (most recent call last):
  File "C:\Users\binod\AppData\Local\Programs\Python\Python314\Lib\site-packages\passlib\handlers\bcrypt.py", line 620, in _load_backend_mixin
    version = _bcrypt.__about__.__version__
              ^^^^^^^^^^^^^^^^^
AttributeError: module 'bcrypt' has no attribute '__about__'
2026-02-06 22:17:45 - app.main - ERROR - add_process_time_and_error_handling:83 - Global Request Crash: password cannot be longer than 72 bytes, truncate manually if necessary (e.g. my_password[:72])
  + Exception Group Traceback (most recent call last):
  |   File "C:\Users\binod\AppData\Local\Programs\Python\Python314\Lib\site-packages\starlette\_utils.py", line 79, in collapse_excgroups
  |     yield
  |   File "C:\Users\binod\AppData\Local\Programs\Python\Python314\Lib\site-packages\starlette\middleware\base.py", line 192, in __call__
  |     async with anyio.create_task_group() as task_group:
  |                ~~~~~~~~~~~~~~~~~~~~~~~^^
  |   File "C:\Users\binod\AppData\Local\Programs\Python\Python314\Lib\site-packages\anyio\_backends\_asyncio.py", line 783, in __aexit__
  |     raise BaseExceptionGroup(
  |         "unhandled errors in a TaskGroup", self._exceptions
  |     ) from None
  | ExceptionGroup: unhandled errors in a TaskGroup (1 sub-exception)
  +-+---------------- 1 ----------------
    | Traceback (most recent call last):
    |   File "D:\smartnews\backend\app\main.py", line 78, in add_process_time_and_error_handling
    |     response = await call_next(request)
    |                ^^^^^^^^^^^^^^^^^^^^^^^^
    |   File "C:\Users\binod\AppData\Local\Programs\Python\Python314\Lib\site-packages\starlette\middleware\base.py", line 168, in call_next
    |     raise app_exc from app_exc.__cause__ or app_exc.__context__
    |   File "C:\Users\binod\AppData\Local\Programs\Python\Python314\Lib\site-packages\starlette\middleware\base.py", line 144, in coro
    |     await self.app(scope, receive_or_disconnect, send_no_error)
    |   File "C:\Users\binod\AppData\Local\Programs\Python\Python314\Lib\site-packages\starlette\middleware\cors.py", line 85, in __call__
    |     await self.app(scope, receive, send)
    |   File "C:\Users\binod\AppData\Local\Programs\Python\Python314\Lib\site-packages\starlette\middleware\base.py", line 191, in __call__
    |     with recv_stream, send_stream, collapse_excgroups():
    |                                    ~~~~~~~~~~~~~~~~~~^^
    |   File "C:\Users\binod\AppData\Local\Programs\Python\Python314\Lib\contextlib.py", line 162, in __exit__
    |     self.gen.throw(value)
    |     ~~~~~~~~~~~~~~^^^^^^^
    |   File "C:\Users\binod\AppData\Local\Programs\Python\Python314\Lib\site-packages\starlette\_utils.py", line 85, in collapse_excgroups
    |     raise exc
    |   File "C:\Users\binod\AppData\Local\Programs\Python\Python314\Lib\site-packages\starlette\middleware\base.py", line 193, in __call__
    |     response = await self.dispatch_func(request, call_next)
    |                ^^^^^^^^^^^^^^^^^^^^^^^^^^^^^^^^^^^^^^^^^^^^
    |   File "D:\smartnews\backend\app\core\security.py", line 34, in dispatch
    |     response = await call_next(request)
    |                ^^^^^^^^^^^^^^^^^^^^^^^^
    |   File "C:\Users\binod\AppData\Local\Programs\Python\Python314\Lib\site-packages\starlette\middleware\base.py", line 168, in call_next
    |     raise app_exc from app_exc.__cause__ or app_exc.__context__
    |   File "C:\Users\binod\AppData\Local\Programs\Python\Python314\Lib\site-packages\starlette\middleware\base.py", line 144, in coro
    |     await self.app(scope, receive_or_disconnect, send_no_error)
    |   File "C:\Users\binod\AppData\Local\Programs\Python\Python314\Lib\site-packages\starlette\middleware\base.py", line 191, in __call__
    |     with recv_stream, send_stream, collapse_excgroups():
    |                                    ~~~~~~~~~~~~~~~~~~^^
    |   File "C:\Users\binod\AppData\Local\Programs\Python\Python314\Lib\contextlib.py", line 162, in __exit__
    |     self.gen.throw(value)
    |     ~~~~~~~~~~~~~~^^^^^^^
    |   File "C:\Users\binod\AppData\Local\Programs\Python\Python314\Lib\site-packages\starlette\_utils.py", line 85, in collapse_excgroups
    |     raise exc
    |   File "C:\Users\binod\AppData\Local\Programs\Python\Python314\Lib\site-packages\starlette\middleware\base.py", line 193, in __call__
    |     response = await self.dispatch_func(request, call_next)
    |                ^^^^^^^^^^^^^^^^^^^^^^^^^^^^^^^^^^^^^^^^^^^^
    |   File "D:\smartnews\backend\app\core\security.py", line 9, in dispatch
    |     response = await call_next(request)
    |                ^^^^^^^^^^^^^^^^^^^^^^^^
    |   File "C:\Users\binod\AppData\Local\Programs\Python\Python314\Lib\site-packages\starlette\middleware\base.py", line 168, in call_next
    |     raise app_exc from app_exc.__cause__ or app_exc.__context__
    |   File "C:\Users\binod\AppData\Local\Programs\Python\Python314\Lib\site-packages\starlette\middleware\base.py", line 144, in coro
    |     await self.app(scope, receive_or_disconnect, send_no_error)
    |   File "C:\Users\binod\AppData\Local\Programs\Python\Python314\Lib\site-packages\starlette\middleware\base.py", line 191, in __call__
    |     with recv_stream, send_stream, collapse_excgroups():
    |                                    ~~~~~~~~~~~~~~~~~~^^
    |   File "C:\Users\binod\AppData\Local\Programs\Python\Python314\Lib\contextlib.py", line 162, in __exit__
    |     self.gen.throw(value)
    |     ~~~~~~~~~~~~~~^^^^^^^
    |   File "C:\Users\binod\AppData\Local\Programs\Python\Python314\Lib\site-packages\starlette\_utils.py", line 85, in collapse_excgroups
    |     raise exc
    |   File "C:\Users\binod\AppData\Local\Programs\Python\Python314\Lib\site-packages\starlette\middleware\base.py", line 193, in __call__
    |     response = await self.dispatch_func(request, call_next)
    |                ^^^^^^^^^^^^^^^^^^^^^^^^^^^^^^^^^^^^^^^^^^^^
    |   File "C:\Users\binod\AppData\Local\Programs\Python\Python314\Lib\site-packages\slowapi\middleware.py", line 136, in dispatch
    |     response = await call_next(request)
    |                ^^^^^^^^^^^^^^^^^^^^^^^^
    |   File "C:\Users\binod\AppData\Local\Programs\Python\Python314\Lib\site-packages\starlette\middleware\base.py", line 168, in call_next
    |     raise app_exc from app_exc.__cause__ or app_exc.__context__
    |   File "C:\Users\binod\AppData\Local\Programs\Python\Python314\Lib\site-packages\starlette\middleware\base.py", line 144, in coro
    |     await self.app(scope, receive_or_disconnect, send_no_error)
    |   File "C:\Users\binod\AppData\Local\Programs\Python\Python314\Lib\site-packages\starlette\middleware\exceptions.py", line 63, in __call__
    |     await wrap_app_handling_exceptions(self.app, conn)(scope, receive, send)
    |   File "C:\Users\binod\AppData\Local\Programs\Python\Python314\Lib\site-packages\starlette\_exception_handler.py", line 53, in wrapped_app
    |     raise exc
    |   File "C:\Users\binod\AppData\Local\Programs\Python\Python314\Lib\site-packages\starlette\_exception_handler.py", line 42, in wrapped_app
    |     await app(scope, receive, sender)
    |   File "C:\Users\binod\AppData\Local\Programs\Python\Python314\Lib\site-packages\fastapi\middleware\asyncexitstack.py", line 18, in __call__
    |     await self.app(scope, receive, send)
    |   File "C:\Users\binod\AppData\Local\Programs\Python\Python314\Lib\site-packages\starlette\routing.py", line 716, in __call__
    |     await self.middleware_stack(scope, receive, send)
    |   File "C:\Users\binod\AppData\Local\Programs\Python\Python314\Lib\site-packages\starlette\routing.py", line 736, in app
    |     await route.handle(scope, receive, send)
    |   File "C:\Users\binod\AppData\Local\Programs\Python\Python314\Lib\site-packages\starlette\routing.py", line 290, in handle
    |     await self.app(scope, receive, send)
    |   File "C:\Users\binod\AppData\Local\Programs\Python\Python314\Lib\site-packages\fastapi\routing.py", line 115, in app
    |     await wrap_app_handling_exceptions(app, request)(scope, receive, send)
    |   File "C:\Users\binod\AppData\Local\Programs\Python\Python314\Lib\site-packages\starlette\_exception_handler.py", line 53, in wrapped_app
    |     raise exc
    |   File "C:\Users\binod\AppData\Local\Programs\Python\Python314\Lib\site-packages\starlette\_exception_handler.py", line 42, in wrapped_app
    |     await app(scope, receive, sender)
    |   File "C:\Users\binod\AppData\Local\Programs\Python\Python314\Lib\site-packages\fastapi\routing.py", line 101, in app
    |     response = await f(request)
    |                ^^^^^^^^^^^^^^^^
    |   File "C:\Users\binod\AppData\Local\Programs\Python\Python314\Lib\site-packages\fastapi\routing.py", line 355, in app
    |     raw_response = await run_endpoint_function(
    |                    ^^^^^^^^^^^^^^^^^^^^^^^^^^^^
    |     ...<3 lines>...
    |     )
    |     ^
    |   File "C:\Users\binod\AppData\Local\Programs\Python\Python314\Lib\site-packages\fastapi\routing.py", line 245, in run_endpoint_function
    |     return await run_in_threadpool(dependant.call, **values)
    |            ^^^^^^^^^^^^^^^^^^^^^^^^^^^^^^^^^^^^^^^^^^^^^^^^^
    |   File "C:\Users\binod\AppData\Local\Programs\Python\Python314\Lib\site-packages\starlette\concurrency.py", line 32, in run_in_threadpool
    |     return await anyio.to_thread.run_sync(func)
    |            ^^^^^^^^^^^^^^^^^^^^^^^^^^^^^^^^^^^^
    |   File "C:\Users\binod\AppData\Local\Programs\Python\Python314\Lib\site-packages\anyio\to_thread.py", line 63, in run_sync
    |     return await get_async_backend().run_sync_in_worker_thread(
    |            ^^^^^^^^^^^^^^^^^^^^^^^^^^^^^^^^^^^^^^^^^^^^^^^^^^^^
    |         func, args, abandon_on_cancel=abandon_on_cancel, limiter=limiter
    |         ^^^^^^^^^^^^^^^^^^^^^^^^^^^^^^^^^^^^^^^^^^^^^^^^^^^^^^^^^^^^^^^^
    |     )
    |     ^
    |   File "C:\Users\binod\AppData\Local\Programs\Python\Python314\Lib\site-packages\anyio\_backends\_asyncio.py", line 2502, in run_sync_in_worker_thread
    |     return await future
    |            ^^^^^^^^^^^^
    |   File "C:\Users\binod\AppData\Local\Programs\Python\Python314\Lib\site-packages\anyio\_backends\_asyncio.py", line 986, in run
    |     result = context.run(func, *args)
    |   File "D:\smartnews\backend\app\api\v1\endpoints\auth.py", line 57, in signup
    |     hashed_password=auth.get_password_hash(password),
    |                     ~~~~~~~~~~~~~~~~~~~~~~^^^^^^^^^^
    |   File "D:\smartnews\backend\auth.py", line 19, in get_password_hash
    |     return pwd_context.hash(password)
    |            ~~~~~~~~~~~~~~~~^^^^^^^^^^
    |   File "C:\Users\binod\AppData\Local\Programs\Python\Python314\Lib\site-packages\passlib\context.py", line 2258, in hash
    |     return record.hash(secret, **kwds)
    |            ~~~~~~~~~~~^^^^^^^^^^^^^^^^
    |   File "C:\Users\binod\AppData\Local\Programs\Python\Python314\Lib\site-packages\passlib\utils\handlers.py", line 779, in hash
    |     self.checksum = self._calc_checksum(secret)
    |                     ~~~~~~~~~~~~~~~~~~~^^^^^^^^
    |   File "C:\Users\binod\AppData\Local\Programs\Python\Python314\Lib\site-packages\passlib\handlers\bcrypt.py", line 591, in _calc_checksum
    |     self._stub_requires_backend()
    |     ~~~~~~~~~~~~~~~~~~~~~~~~~~~^^
    |   File "C:\Users\binod\AppData\Local\Programs\Python\Python314\Lib\site-packages\passlib\utils\handlers.py", line 2254, in _stub_requires_backend
    |     cls.set_backend()
    |     ~~~~~~~~~~~~~~~^^
    |   File "C:\Users\binod\AppData\Local\Programs\Python\Python314\Lib\site-packages\passlib\utils\handlers.py", line 2156, in set_backend
    |     return owner.set_backend(name, dryrun=dryrun)
    |            ~~~~~~~~~~~~~~~~~^^^^^^^^^^^^^^^^^^^^^
    |   File "C:\Users\binod\AppData\Local\Programs\Python\Python314\Lib\site-packages\passlib\utils\handlers.py", line 2163, in set_backend
    |     return cls.set_backend(name, dryrun=dryrun)
    |            ~~~~~~~~~~~~~~~^^^^^^^^^^^^^^^^^^^^^
    |   File "C:\Users\binod\AppData\Local\Programs\Python\Python314\Lib\site-packages\passlib\utils\handlers.py", line 2188, in set_backend
    |     cls._set_backend(name, dryrun)
    |     ~~~~~~~~~~~~~~~~^^^^^^^^^^^^^^
    |   File "C:\Users\binod\AppData\Local\Programs\Python\Python314\Lib\site-packages\passlib\utils\handlers.py", line 2311, in _set_backend
    |     super(SubclassBackendMixin, cls)._set_backend(name, dryrun)
    |     ~~~~~~~~~~~~~~~~~~~~~~~~~~~~~~~~~~~~~~~~~~~~~^^^^^^^^^^^^^^
    |   File "C:\Users\binod\AppData\Local\Programs\Python\Python314\Lib\site-packages\passlib\utils\handlers.py", line 2224, in _set_backend
    |     ok = loader(**kwds)
    |   File "C:\Users\binod\AppData\Local\Programs\Python\Python314\Lib\site-packages\passlib\handlers\bcrypt.py", line 626, in _load_backend_mixin
    |     return mixin_cls._finalize_backend_mixin(name, dryrun)
    |            ~~~~~~~~~~~~~~~~~~~~~~~~~~~~~~~~~^^^^^^^^^^^^^^
    |   File "C:\Users\binod\AppData\Local\Programs\Python\Python314\Lib\site-packages\passlib\handlers\bcrypt.py", line 421, in _finalize_backend_mixin
    |     if detect_wrap_bug(IDENT_2A):
    |        ~~~~~~~~~~~~~~~^^^^^^^^^^
    |   File "C:\Users\binod\AppData\Local\Programs\Python\Python314\Lib\site-packages\passlib\handlers\bcrypt.py", line 380, in detect_wrap_bug
    |     if verify(secret, bug_hash):
    |        ~~~~~~^^^^^^^^^^^^^^^^^^
    |   File "C:\Users\binod\AppData\Local\Programs\Python\Python314\Lib\site-packages\passlib\utils\handlers.py", line 792, in verify
    |     return consteq(self._calc_checksum(secret), chk)
    |                    ~~~~~~~~~~~~~~~~~~~^^^^^^^^
    |   File "C:\Users\binod\AppData\Local\Programs\Python\Python314\Lib\site-packages\passlib\handlers\bcrypt.py", line 655, in _calc_checksum
    |     hash = _bcrypt.hashpw(secret, config)
    | ValueError: password cannot be longer than 72 bytes, truncate manually if necessary (e.g. my_password[:72])
    +------------------------------------

The above exception was the direct cause of the following exception:

Traceback (most recent call last):
  File "D:\smartnews\backend\app\main.py", line 78, in add_process_time_and_error_handling
    response = await call_next(request)
               ^^^^^^^^^^^^^^^^^^^^^^^^
  File "C:\Users\binod\AppData\Local\Programs\Python\Python314\Lib\site-packages\starlette\middleware\base.py", line 168, in call_next
    raise app_exc from app_exc.__cause__ or app_exc.__context__
  File "C:\Users\binod\AppData\Local\Programs\Python\Python314\Lib\site-packages\starlette\middleware\base.py", line 144, in coro
    await self.app(scope, receive_or_disconnect, send_no_error)
  File "C:\Users\binod\AppData\Local\Programs\Python\Python314\Lib\site-packages\starlette\middleware\cors.py", line 85, in __call__
    await self.app(scope, receive, send)
  File "C:\Users\binod\AppData\Local\Programs\Python\Python314\Lib\site-packages\starlette\middleware\base.py", line 191, in __call__
    with recv_stream, send_stream, collapse_excgroups():
                                   ~~~~~~~~~~~~~~~~~~^^
  File "C:\Users\binod\AppData\Local\Programs\Python\Python314\Lib\contextlib.py", line 162, in __exit__
    self.gen.throw(value)
    ~~~~~~~~~~~~~~^^^^^^^
  File "C:\Users\binod\AppData\Local\Programs\Python\Python314\Lib\site-packages\starlette\_utils.py", line 85, in collapse_excgroups
    raise exc
  File "C:\Users\binod\AppData\Local\Programs\Python\Python314\Lib\site-packages\starlette\middleware\base.py", line 193, in __call__
    response = await self.dispatch_func(request, call_next)
               ^^^^^^^^^^^^^^^^^^^^^^^^^^^^^^^^^^^^^^^^^^^^
  File "D:\smartnews\backend\app\core\security.py", line 34, in dispatch
    response = await call_next(request)
               ^^^^^^^^^^^^^^^^^^^^^^^^
  File "C:\Users\binod\AppData\Local\Programs\Python\Python314\Lib\site-packages\starlette\middleware\base.py", line 168, in call_next
    raise app_exc from app_exc.__cause__ or app_exc.__context__
  File "C:\Users\binod\AppData\Local\Programs\Python\Python314\Lib\site-packages\starlette\middleware\base.py", line 144, in coro
    await self.app(scope, receive_or_disconnect, send_no_error)
  File "C:\Users\binod\AppData\Local\Programs\Python\Python314\Lib\site-packages\starlette\middleware\base.py", line 191, in __call__
    with recv_stream, send_stream, collapse_excgroups():
                                   ~~~~~~~~~~~~~~~~~~^^
  File "C:\Users\binod\AppData\Local\Programs\Python\Python314\Lib\contextlib.py", line 162, in __exit__
    self.gen.throw(value)
    ~~~~~~~~~~~~~~^^^^^^^
  File "C:\Users\binod\AppData\Local\Programs\Python\Python314\Lib\site-packages\starlette\_utils.py", line 85, in collapse_excgroups
    raise exc
  File "C:\Users\binod\AppData\Local\Programs\Python\Python314\Lib\site-packages\starlette\middleware\base.py", line 193, in __call__
    response = await self.dispatch_func(request, call_next)
               ^^^^^^^^^^^^^^^^^^^^^^^^^^^^^^^^^^^^^^^^^^^^
  File "D:\smartnews\backend\app\core\security.py", line 9, in dispatch
    response = await call_next(request)
               ^^^^^^^^^^^^^^^^^^^^^^^^
  File "C:\Users\binod\AppData\Local\Programs\Python\Python314\Lib\site-packages\starlette\middleware\base.py", line 168, in call_next
    raise app_exc from app_exc.__cause__ or app_exc.__context__
  File "C:\Users\binod\AppData\Local\Programs\Python\Python314\Lib\site-packages\starlette\middleware\base.py", line 144, in coro
    await self.app(scope, receive_or_disconnect, send_no_error)
  File "C:\Users\binod\AppData\Local\Programs\Python\Python314\Lib\site-packages\starlette\middleware\base.py", line 191, in __call__
    with recv_stream, send_stream, collapse_excgroups():
                                   ~~~~~~~~~~~~~~~~~~^^
  File "C:\Users\binod\AppData\Local\Programs\Python\Python314\Lib\contextlib.py", line 162, in __exit__
    self.gen.throw(value)
    ~~~~~~~~~~~~~~^^^^^^^
  File "C:\Users\binod\AppData\Local\Programs\Python\Python314\Lib\site-packages\starlette\_utils.py", line 85, in collapse_excgroups
    raise exc
  File "C:\Users\binod\AppData\Local\Programs\Python\Python314\Lib\site-packages\starlette\middleware\base.py", line 193, in __call__
    response = await self.dispatch_func(request, call_next)
               ^^^^^^^^^^^^^^^^^^^^^^^^^^^^^^^^^^^^^^^^^^^^
  File "C:\Users\binod\AppData\Local\Programs\Python\Python314\Lib\site-packages\slowapi\middleware.py", line 136, in dispatch
    response = await call_next(request)
               ^^^^^^^^^^^^^^^^^^^^^^^^
  File "C:\Users\binod\AppData\Local\Programs\Python\Python314\Lib\site-packages\starlette\middleware\base.py", line 168, in call_next
    raise app_exc from app_exc.__cause__ or app_exc.__context__
  File "C:\Users\binod\AppData\Local\Programs\Python\Python314\Lib\site-packages\starlette\middleware\base.py", line 144, in coro
    await self.app(scope, receive_or_disconnect, send_no_error)
  File "C:\Users\binod\AppData\Local\Programs\Python\Python314\Lib\site-packages\starlette\middleware\exceptions.py", line 63, in __call__
    await wrap_app_handling_exceptions(self.app, conn)(scope, receive, send)
  File "C:\Users\binod\AppData\Local\Programs\Python\Python314\Lib\site-packages\starlette\_exception_handler.py", line 53, in wrapped_app
    raise exc
  File "C:\Users\binod\AppData\Local\Programs\Python\Python314\Lib\site-packages\starlette\_exception_handler.py", line 42, in wrapped_app
    await app(scope, receive, sender)
  File "C:\Users\binod\AppData\Local\Programs\Python\Python314\Lib\site-packages\fastapi\middleware\asyncexitstack.py", line 18, in __call__
    await self.app(scope, receive, send)
  File "C:\Users\binod\AppData\Local\Programs\Python\Python314\Lib\site-packages\starlette\routing.py", line 716, in __call__
    await self.middleware_stack(scope, receive, send)
  File "C:\Users\binod\AppData\Local\Programs\Python\Python314\Lib\site-packages\starlette\routing.py", line 736, in app
    await route.handle(scope, receive, send)
  File "C:\Users\binod\AppData\Local\Programs\Python\Python314\Lib\site-packages\starlette\routing.py", line 290, in handle
    await self.app(scope, receive, send)
  File "C:\Users\binod\AppData\Local\Programs\Python\Python314\Lib\site-packages\fastapi\routing.py", line 115, in app
    await wrap_app_handling_exceptions(app, request)(scope, receive, send)
  File "C:\Users\binod\AppData\Local\Programs\Python\Python314\Lib\site-packages\starlette\_exception_handler.py", line 53, in wrapped_app
    raise exc
  File "C:\Users\binod\AppData\Local\Programs\Python\Python314\Lib\site-packages\starlette\_exception_handler.py", line 42, in wrapped_app
    await app(scope, receive, sender)
  File "C:\Users\binod\AppData\Local\Programs\Python\Python314\Lib\site-packages\fastapi\routing.py", line 101, in app
    response = await f(request)
               ^^^^^^^^^^^^^^^^
  File "C:\Users\binod\AppData\Local\Programs\Python\Python314\Lib\site-packages\fastapi\routing.py", line 355, in app
    raw_response = await run_endpoint_function(
                   ^^^^^^^^^^^^^^^^^^^^^^^^^^^^
    ...<3 lines>...
    )
    ^
  File "C:\Users\binod\AppData\Local\Programs\Python\Python314\Lib\site-packages\fastapi\routing.py", line 245, in run_endpoint_function
    return await run_in_threadpool(dependant.call, **values)
           ^^^^^^^^^^^^^^^^^^^^^^^^^^^^^^^^^^^^^^^^^^^^^^^^^
  File "C:\Users\binod\AppData\Local\Programs\Python\Python314\Lib\site-packages\starlette\concurrency.py", line 32, in run_in_threadpool
    return await anyio.to_thread.run_sync(func)
           ^^^^^^^^^^^^^^^^^^^^^^^^^^^^^^^^^^^^
  File "C:\Users\binod\AppData\Local\Programs\Python\Python314\Lib\site-packages\anyio\to_thread.py", line 63, in run_sync
    return await get_async_backend().run_sync_in_worker_thread(
           ^^^^^^^^^^^^^^^^^^^^^^^^^^^^^^^^^^^^^^^^^^^^^^^^^^^^
        func, args, abandon_on_cancel=abandon_on_cancel, limiter=limiter
        ^^^^^^^^^^^^^^^^^^^^^^^^^^^^^^^^^^^^^^^^^^^^^^^^^^^^^^^^^^^^^^^^
    )
    ^
  File "C:\Users\binod\AppData\Local\Programs\Python\Python314\Lib\site-packages\anyio\_backends\_asyncio.py", line 2502, in run_sync_in_worker_thread
    return await future
           ^^^^^^^^^^^^
  File "C:\Users\binod\AppData\Local\Programs\Python\Python314\Lib\site-packages\anyio\_backends\_asyncio.py", line 986, in run
    result = context.run(func, *args)
  File "D:\smartnews\backend\app\api\v1\endpoints\auth.py", line 57, in signup
    hashed_password=auth.get_password_hash(password),
                    ~~~~~~~~~~~~~~~~~~~~~~^^^^^^^^^^
  File "D:\smartnews\backend\auth.py", line 19, in get_password_hash
    return pwd_context.hash(password)
           ~~~~~~~~~~~~~~~~^^^^^^^^^^
  File "C:\Users\binod\AppData\Local\Programs\Python\Python314\Lib\site-packages\passlib\context.py", line 2258, in hash
    return record.hash(secret, **kwds)
           ~~~~~~~~~~~^^^^^^^^^^^^^^^^
  File "C:\Users\binod\AppData\Local\Programs\Python\Python314\Lib\site-packages\passlib\utils\handlers.py", line 779, in hash
    self.checksum = self._calc_checksum(secret)
                    ~~~~~~~~~~~~~~~~~~~^^^^^^^^
  File "C:\Users\binod\AppData\Local\Programs\Python\Python314\Lib\site-packages\passlib\handlers\bcrypt.py", line 591, in _calc_checksum
    self._stub_requires_backend()
    ~~~~~~~~~~~~~~~~~~~~~~~~~~~^^
  File "C:\Users\binod\AppData\Local\Programs\Python\Python314\Lib\site-packages\passlib\utils\handlers.py", line 2254, in _stub_requires_backend
    cls.set_backend()
    ~~~~~~~~~~~~~~~^^
  File "C:\Users\binod\AppData\Local\Programs\Python\Python314\Lib\site-packages\passlib\utils\handlers.py", line 2156, in set_backend
    return owner.set_backend(name, dryrun=dryrun)
           ~~~~~~~~~~~~~~~~~^^^^^^^^^^^^^^^^^^^^^
  File "C:\Users\binod\AppData\Local\Programs\Python\Python314\Lib\site-packages\passlib\utils\handlers.py", line 2163, in set_backend
    return cls.set_backend(name, dryrun=dryrun)
           ~~~~~~~~~~~~~~~^^^^^^^^^^^^^^^^^^^^^
  File "C:\Users\binod\AppData\Local\Programs\Python\Python314\Lib\site-packages\passlib\utils\handlers.py", line 2188, in set_backend
    cls._set_backend(name, dryrun)
    ~~~~~~~~~~~~~~~~^^^^^^^^^^^^^^
  File "C:\Users\binod\AppData\Local\Programs\Python\Python314\Lib\site-packages\passlib\utils\handlers.py", line 2311, in _set_backend
    super(SubclassBackendMixin, cls)._set_backend(name, dryrun)
    ~~~~~~~~~~~~~~~~~~~~~~~~~~~~~~~~~~~~~~~~~~~~~^^^^^^^^^^^^^^
  File "C:\Users\binod\AppData\Local\Programs\Python\Python314\Lib\site-packages\passlib\utils\handlers.py", line 2224, in _set_backend
    ok = loader(**kwds)
  File "C:\Users\binod\AppData\Local\Programs\Python\Python314\Lib\site-packages\passlib\handlers\bcrypt.py", line 626, in _load_backend_mixin
    return mixin_cls._finalize_backend_mixin(name, dryrun)
           ~~~~~~~~~~~~~~~~~~~~~~~~~~~~~~~~~^^^^^^^^^^^^^^
  File "C:\Users\binod\AppData\Local\Programs\Python\Python314\Lib\site-packages\passlib\handlers\bcrypt.py", line 421, in _finalize_backend_mixin
    if detect_wrap_bug(IDENT_2A):
       ~~~~~~~~~~~~~~~^^^^^^^^^^
  File "C:\Users\binod\AppData\Local\Programs\Python\Python314\Lib\site-packages\passlib\handlers\bcrypt.py", line 380, in detect_wrap_bug
    if verify(secret, bug_hash):
       ~~~~~~^^^^^^^^^^^^^^^^^^
  File "C:\Users\binod\AppData\Local\Programs\Python\Python314\Lib\site-packages\passlib\utils\handlers.py", line 792, in verify
    return consteq(self._calc_checksum(secret), chk)
                   ~~~~~~~~~~~~~~~~~~~^^^^^^^^
  File "C:\Users\binod\AppData\Local\Programs\Python\Python314\Lib\site-packages\passlib\handlers\bcrypt.py", line 655, in _calc_checksum
    hash = _bcrypt.hashpw(secret, config)
ValueError: password cannot be longer than 72 bytes, truncate manually if necessary (e.g. my_password[:72])
2026-02-06 22:17:45 - uvicorn.access - INFO - send:483 - 127.0.0.1:61208 - "POST /api/v1/auth/signup?username=testuser&password=testpassword HTTP/1.1" 500
2026-02-06 22:17:45 - app.core.security - INFO - dispatch:32 - POST /api/v1/auth/login/access-token - 127.0.0.1
2026-02-06 22:17:45 - app.core.security - INFO - dispatch:40 - Response: 400 - 0.006s
2026-02-06 22:17:45 - uvicorn.access - INFO - send:483 - 127.0.0.1:61210 - "POST /api/v1/auth/login/access-token HTTP/1.1" 400
2026-02-06 22:17:45 - httpx - INFO - _send_single_request:1025 - HTTP Request: HEAD https://huggingface.co/sentence-transformers/all-MiniLM-L6-v2/resolve/main/config.json "HTTP/1.1 307 Temporary Redirect"
2026-02-06 22:17:45 - httpx - INFO - _send_single_request:1025 - HTTP Request: HEAD https://huggingface.co/api/resolve-cache/models/sentence-transformers/all-MiniLM-L6-v2/c9745ed1d9f207416be6d2e6f8de32d1f16199bf/config.json "HTTP/1.1 200 OK"
2026-02-06 22:17:45 - app.services.scraper_v2 - INFO - get_links:108 - Scraping feed: https://www.reuters.com/technology/
2026-02-06 22:17:46 - httpx - INFO - _send_single_request:1025 - HTTP Request: HEAD https://huggingface.co/sentence-transformers/all-MiniLM-L6-v2/resolve/main/tokenizer_config.json "HTTP/1.1 307 Temporary Redirect"
2026-02-06 22:17:46 - httpx - INFO - _send_single_request:1025 - HTTP Request: HEAD https://huggingface.co/api/resolve-cache/models/sentence-transformers/all-MiniLM-L6-v2/c9745ed1d9f207416be6d2e6f8de32d1f16199bf/tokenizer_config.json "HTTP/1.1 200 OK"
2026-02-06 22:17:46 - httpx - INFO - _send_single_request:1025 - HTTP Request: GET https://huggingface.co/api/models/sentence-transformers/all-MiniLM-L6-v2/tree/main/additional_chat_templates?recursive=false&expand=false "HTTP/1.1 404 Not Found"
2026-02-06 22:17:46 - httpx - INFO - _send_single_request:1025 - HTTP Request: GET https://huggingface.co/api/models/sentence-transformers/all-MiniLM-L6-v2/tree/main?recursive=true&expand=false "HTTP/1.1 200 OK"
2026-02-06 22:17:47 - httpx - INFO - _send_single_request:1025 - HTTP Request: HEAD https://huggingface.co/sentence-transformers/all-MiniLM-L6-v2/resolve/main/1_Pooling/config.json "HTTP/1.1 307 Temporary Redirect"
2026-02-06 22:17:47 - httpx - INFO - _send_single_request:1025 - HTTP Request: HEAD https://huggingface.co/api/resolve-cache/models/sentence-transformers/all-MiniLM-L6-v2/c9745ed1d9f207416be6d2e6f8de32d1f16199bf/1_Pooling%2Fconfig.json "HTTP/1.1 200 OK"
2026-02-06 22:17:47 - httpx - INFO - _send_single_request:1025 - HTTP Request: GET https://huggingface.co/api/models/sentence-transformers/all-MiniLM-L6-v2 "HTTP/1.1 200 OK"
2026-02-06 22:17:47 - app.services.deduplicator - INFO - __init__:20 - Deduplicator loaded on cpu
2026-02-06 22:17:47 - uvicorn.error - INFO - _serve:84 - Started server process [19384]
2026-02-06 22:17:47 - uvicorn.error - INFO - startup:48 - Waiting for application startup.
2026-02-06 22:17:47 - jobs - INFO - init_db:15 - Initializing database...
2026-02-06 22:17:47 - jobs - INFO - run_scraper_loop:25 - Starting Newsroom Ingestion Cycle #1 at 2026-02-06 22:17:47.519387
2026-02-06 22:17:47 - jobs - INFO - run_scraper_loop:30 - Scraping source: Reuters
2026-02-06 22:17:47 - app.services.scraper_v2 - INFO - get_links:108 - Scraping feed: https://www.reuters.com/world/
2026-02-06 22:17:47 - uvicorn.error - INFO - startup:62 - Application startup complete.
2026-02-06 22:17:47 - app.services.scraper_v2 - INFO - get_links:108 - Scraping feed: https://www.reuters.com/science/
2026-02-06 22:17:49 - jobs - INFO - run_scraper_loop:30 - Scraping source: Associated Press
2026-02-06 22:17:49 - app.services.scraper_v2 - INFO - get_links:108 - Scraping feed: https://apnews.com/hub/politics
2026-02-06 22:17:49 - app.services.scraper_v2 - INFO - get_links:108 - Scraping feed: https://www.reuters.com/business/
2026-02-06 22:17:51 - app.services.scraper_v2 - INFO - get_links:108 - Scraping feed: https://www.reuters.com/technology/
2026-02-06 22:17:54 - app.services.scraper_v2 - INFO - get_links:108 - Scraping feed: https://www.reuters.com/science/
2026-02-06 22:17:56 - jobs - INFO - run_scraper_loop:30 - Scraping source: Associated Press
2026-02-06 22:17:56 - app.services.scraper_v2 - INFO - get_links:108 - Scraping feed: https://apnews.com/hub/politics
2026-02-06 22:17:59 - uvicorn.error - INFO - shutdown:264 - Shutting down
2026-02-06 22:17:59 - uvicorn.error - INFO - shutdown:264 - Shutting down
2026-02-06 22:17:59 - uvicorn.error - INFO - shutdown:67 - Waiting for application shutdown.
2026-02-06 22:17:59 - uvicorn.error - INFO - shutdown:67 - Waiting for application shutdown.
2026-02-06 22:17:59 - uvicorn.error - INFO - shutdown:76 - Application shutdown complete.
2026-02-06 22:17:59 - uvicorn.error - INFO - shutdown:76 - Application shutdown complete.
2026-02-06 22:17:59 - uvicorn.error - INFO - shutdown:76 - Application shutdown complete.
2026-02-06 22:17:59 - uvicorn.error - INFO - _serve:94 - Finished server process [21472]
2026-02-06 22:17:59 - uvicorn.error - INFO - _serve:94 - Finished server process [19384]
2026-02-06 22:17:59 - uvicorn.error - INFO - _serve:94 - Finished server process [16764]
2026-02-06 22:18:14 - app.services.scraper_v2 - INFO - get_links:108 - Scraping feed: https://apnews.com/hub/business
2026-02-06 22:18:18 - app.services.scraper_v2 - INFO - get_links:108 - Scraping feed: https://apnews.com/hub/business
2026-02-06 22:18:18 - uvicorn.error - INFO - shutdown:265 - Shutting down
2026-02-06 22:18:18 - uvicorn.error - INFO - shutdown:67 - Waiting for application shutdown.
2026-02-06 22:18:18 - uvicorn.error - INFO - shutdown:78 - Application shutdown complete.
2026-02-06 22:18:18 - uvicorn.error - INFO - serve:86 - Finished server process [15924]
2026-02-06 22:18:19 - app.services.scraper_v2 - INFO - get_links:108 - Scraping feed: https://apnews.com/hub/business
2026-02-06 22:18:27 - app.services.scraper_v2 - INFO - get_links:108 - Scraping feed: https://apnews.com/hub/business
2026-02-06 22:18:48 - app.services.scraper_v2 - INFO - get_links:108 - Scraping feed: https://apnews.com/hub/science
2026-02-06 22:18:54 - app.services.scraper_v2 - INFO - get_links:108 - Scraping feed: https://apnews.com/hub/science
2026-02-06 22:18:54 - app.services.scraper_v2 - INFO - get_links:108 - Scraping feed: https://apnews.com/hub/science
2026-02-06 22:18:55 - app.services.scraper_v2 - INFO - get_links:108 - Scraping feed: https://apnews.com/hub/science
2026-02-06 22:19:15 - app.core.logging - INFO - setup_logging:70 - Logging system initialized
2026-02-06 22:19:20 - app.services.scraper_v2 - INFO - get_links:108 - Scraping feed: https://apnews.com/hub/health
2026-02-06 22:19:21 - sentence_transformers.SentenceTransformer - INFO - __init__:219 - Use pytorch device_name: cpu
2026-02-06 22:19:21 - sentence_transformers.SentenceTransformer - INFO - __init__:227 - Load pretrained SentenceTransformer: all-MiniLM-L6-v2
2026-02-06 22:19:22 - httpx - INFO - _send_single_request:1025 - HTTP Request: HEAD https://huggingface.co/sentence-transformers/all-MiniLM-L6-v2/resolve/main/modules.json "HTTP/1.1 307 Temporary Redirect"
2026-02-06 22:19:22 - httpx - INFO - _send_single_request:1025 - HTTP Request: HEAD https://huggingface.co/api/resolve-cache/models/sentence-transformers/all-MiniLM-L6-v2/c9745ed1d9f207416be6d2e6f8de32d1f16199bf/modules.json "HTTP/1.1 200 OK"
2026-02-06 22:19:23 - httpx - INFO - _send_single_request:1025 - HTTP Request: HEAD https://huggingface.co/sentence-transformers/all-MiniLM-L6-v2/resolve/main/config_sentence_transformers.json "HTTP/1.1 307 Temporary Redirect"
2026-02-06 22:19:23 - huggingface_hub.utils._http - WARNING - _warn_on_warning_headers:779 - Warning: You are sending unauthenticated requests to the HF Hub. Please set a HF_TOKEN to enable higher rate limits and faster downloads.
2026-02-06 22:19:23 - httpx - INFO - _send_single_request:1025 - HTTP Request: HEAD https://huggingface.co/api/resolve-cache/models/sentence-transformers/all-MiniLM-L6-v2/c9745ed1d9f207416be6d2e6f8de32d1f16199bf/config_sentence_transformers.json "HTTP/1.1 200 OK"
2026-02-06 22:19:23 - httpx - INFO - _send_single_request:1025 - HTTP Request: HEAD https://huggingface.co/sentence-transformers/all-MiniLM-L6-v2/resolve/main/config_sentence_transformers.json "HTTP/1.1 307 Temporary Redirect"
2026-02-06 22:19:23 - httpx - INFO - _send_single_request:1025 - HTTP Request: HEAD https://huggingface.co/api/resolve-cache/models/sentence-transformers/all-MiniLM-L6-v2/c9745ed1d9f207416be6d2e6f8de32d1f16199bf/config_sentence_transformers.json "HTTP/1.1 200 OK"
2026-02-06 22:19:23 - httpx - INFO - _send_single_request:1025 - HTTP Request: HEAD https://huggingface.co/sentence-transformers/all-MiniLM-L6-v2/resolve/main/README.md "HTTP/1.1 307 Temporary Redirect"
2026-02-06 22:19:23 - httpx - INFO - _send_single_request:1025 - HTTP Request: HEAD https://huggingface.co/api/resolve-cache/models/sentence-transformers/all-MiniLM-L6-v2/c9745ed1d9f207416be6d2e6f8de32d1f16199bf/README.md "HTTP/1.1 200 OK"
2026-02-06 22:19:23 - httpx - INFO - _send_single_request:1025 - HTTP Request: HEAD https://huggingface.co/sentence-transformers/all-MiniLM-L6-v2/resolve/main/modules.json "HTTP/1.1 307 Temporary Redirect"
2026-02-06 22:19:23 - httpx - INFO - _send_single_request:1025 - HTTP Request: HEAD https://huggingface.co/api/resolve-cache/models/sentence-transformers/all-MiniLM-L6-v2/c9745ed1d9f207416be6d2e6f8de32d1f16199bf/modules.json "HTTP/1.1 200 OK"
2026-02-06 22:19:24 - httpx - INFO - _send_single_request:1025 - HTTP Request: HEAD https://huggingface.co/sentence-transformers/all-MiniLM-L6-v2/resolve/main/sentence_bert_config.json "HTTP/1.1 307 Temporary Redirect"
2026-02-06 22:19:24 - httpx - INFO - _send_single_request:1025 - HTTP Request: HEAD https://huggingface.co/api/resolve-cache/models/sentence-transformers/all-MiniLM-L6-v2/c9745ed1d9f207416be6d2e6f8de32d1f16199bf/sentence_bert_config.json "HTTP/1.1 200 OK"
2026-02-06 22:19:24 - httpx - INFO - _send_single_request:1025 - HTTP Request: HEAD https://huggingface.co/sentence-transformers/all-MiniLM-L6-v2/resolve/main/adapter_config.json "HTTP/1.1 404 Not Found"
2026-02-06 22:19:24 - app.services.scraper_v2 - INFO - get_links:108 - Scraping feed: https://apnews.com/hub/health
2026-02-06 22:19:24 - httpx - INFO - _send_single_request:1025 - HTTP Request: HEAD https://huggingface.co/sentence-transformers/all-MiniLM-L6-v2/resolve/main/config.json "HTTP/1.1 307 Temporary Redirect"
2026-02-06 22:19:24 - httpx - INFO - _send_single_request:1025 - HTTP Request: HEAD https://huggingface.co/api/resolve-cache/models/sentence-transformers/all-MiniLM-L6-v2/c9745ed1d9f207416be6d2e6f8de32d1f16199bf/config.json "HTTP/1.1 200 OK"
2026-02-06 22:19:25 - httpx - INFO - _send_single_request:1025 - HTTP Request: HEAD https://huggingface.co/sentence-transformers/all-MiniLM-L6-v2/resolve/main/config.json "HTTP/1.1 307 Temporary Redirect"
2026-02-06 22:19:25 - httpx - INFO - _send_single_request:1025 - HTTP Request: HEAD https://huggingface.co/api/resolve-cache/models/sentence-transformers/all-MiniLM-L6-v2/c9745ed1d9f207416be6d2e6f8de32d1f16199bf/config.json "HTTP/1.1 200 OK"
2026-02-06 22:19:25 - httpx - INFO - _send_single_request:1025 - HTTP Request: HEAD https://huggingface.co/sentence-transformers/all-MiniLM-L6-v2/resolve/main/tokenizer_config.json "HTTP/1.1 307 Temporary Redirect"
2026-02-06 22:19:25 - httpx - INFO - _send_single_request:1025 - HTTP Request: HEAD https://huggingface.co/api/resolve-cache/models/sentence-transformers/all-MiniLM-L6-v2/c9745ed1d9f207416be6d2e6f8de32d1f16199bf/tokenizer_config.json "HTTP/1.1 200 OK"
2026-02-06 22:19:25 - httpx - INFO - _send_single_request:1025 - HTTP Request: GET https://huggingface.co/api/models/sentence-transformers/all-MiniLM-L6-v2/tree/main/additional_chat_templates?recursive=false&expand=false "HTTP/1.1 404 Not Found"
2026-02-06 22:19:26 - httpx - INFO - _send_single_request:1025 - HTTP Request: GET https://huggingface.co/api/models/sentence-transformers/all-MiniLM-L6-v2/tree/main?recursive=true&expand=false "HTTP/1.1 200 OK"
2026-02-06 22:19:26 - httpx - INFO - _send_single_request:1025 - HTTP Request: HEAD https://huggingface.co/sentence-transformers/all-MiniLM-L6-v2/resolve/main/1_Pooling/config.json "HTTP/1.1 307 Temporary Redirect"
2026-02-06 22:19:26 - httpx - INFO - _send_single_request:1025 - HTTP Request: HEAD https://huggingface.co/api/resolve-cache/models/sentence-transformers/all-MiniLM-L6-v2/c9745ed1d9f207416be6d2e6f8de32d1f16199bf/1_Pooling%2Fconfig.json "HTTP/1.1 200 OK"
2026-02-06 22:19:26 - httpx - INFO - _send_single_request:1025 - HTTP Request: GET https://huggingface.co/api/models/sentence-transformers/all-MiniLM-L6-v2 "HTTP/1.1 200 OK"
2026-02-06 22:19:26 - app.services.deduplicator - INFO - __init__:20 - Deduplicator loaded on cpu
2026-02-06 22:19:26 - uvicorn.error - INFO - _serve:84 - Started server process [4980]
2026-02-06 22:19:26 - uvicorn.error - INFO - startup:48 - Waiting for application startup.
2026-02-06 22:19:26 - jobs - INFO - init_db:15 - Initializing database...
2026-02-06 22:19:26 - jobs - INFO - run_scraper_loop:25 - Starting Newsroom Ingestion Cycle #1 at 2026-02-06 22:19:26.828461
2026-02-06 22:19:26 - jobs - INFO - run_scraper_loop:30 - Scraping source: Reuters
2026-02-06 22:19:26 - app.services.scraper_v2 - INFO - get_links:108 - Scraping feed: https://www.reuters.com/world/
2026-02-06 22:19:26 - uvicorn.error - INFO - startup:62 - Application startup complete.
2026-02-06 22:19:27 - app.services.scraper_v2 - INFO - get_links:108 - Scraping feed: https://apnews.com/hub/health
2026-02-06 22:19:29 - app.services.scraper_v2 - INFO - get_links:108 - Scraping feed: https://www.reuters.com/business/
2026-02-06 22:19:30 - app.services.scraper_v2 - INFO - get_links:108 - Scraping feed: https://apnews.com/hub/health
2026-02-06 22:19:32 - app.services.scraper_v2 - INFO - get_links:108 - Scraping feed: https://www.reuters.com/technology/
2026-02-06 22:19:35 - app.services.scraper_v2 - INFO - get_links:108 - Scraping feed: https://www.reuters.com/science/
2026-02-06 22:19:38 - jobs - INFO - run_scraper_loop:30 - Scraping source: Associated Press
2026-02-06 22:19:38 - app.services.scraper_v2 - INFO - get_links:108 - Scraping feed: https://apnews.com/hub/politics
2026-02-06 22:19:41 - uvicorn.error - INFO - shutdown:264 - Shutting down
2026-02-06 22:19:41 - uvicorn.error - INFO - shutdown:67 - Waiting for application shutdown.
2026-02-06 22:19:41 - uvicorn.error - INFO - shutdown:76 - Application shutdown complete.
2026-02-06 22:19:41 - uvicorn.error - INFO - _serve:94 - Finished server process [4980]
2026-02-06 22:19:57 - app.core.logging - INFO - setup_logging:70 - Logging system initialized
2026-02-06 22:19:59 - app.core.logging - INFO - setup_logging:70 - Logging system initialized
2026-02-06 22:19:59 - app.core.logging - INFO - setup_logging:70 - Logging system initialized
2026-02-06 22:20:03 - sentence_transformers.SentenceTransformer - INFO - __init__:219 - Use pytorch device_name: cpu
2026-02-06 22:20:03 - sentence_transformers.SentenceTransformer - INFO - __init__:227 - Load pretrained SentenceTransformer: all-MiniLM-L6-v2
2026-02-06 22:20:04 - httpx - INFO - _send_single_request:1025 - HTTP Request: HEAD https://huggingface.co/sentence-transformers/all-MiniLM-L6-v2/resolve/main/modules.json "HTTP/1.1 307 Temporary Redirect"
2026-02-06 22:20:04 - httpx - INFO - _send_single_request:1025 - HTTP Request: HEAD https://huggingface.co/api/resolve-cache/models/sentence-transformers/all-MiniLM-L6-v2/c9745ed1d9f207416be6d2e6f8de32d1f16199bf/modules.json "HTTP/1.1 200 OK"
2026-02-06 22:20:04 - httpx - INFO - _send_single_request:1025 - HTTP Request: HEAD https://huggingface.co/sentence-transformers/all-MiniLM-L6-v2/resolve/main/config_sentence_transformers.json "HTTP/1.1 307 Temporary Redirect"
2026-02-06 22:20:05 - httpx - INFO - _send_single_request:1025 - HTTP Request: HEAD https://huggingface.co/api/resolve-cache/models/sentence-transformers/all-MiniLM-L6-v2/c9745ed1d9f207416be6d2e6f8de32d1f16199bf/config_sentence_transformers.json "HTTP/1.1 200 OK"
2026-02-06 22:20:05 - httpx - INFO - _send_single_request:1025 - HTTP Request: HEAD https://huggingface.co/sentence-transformers/all-MiniLM-L6-v2/resolve/main/config_sentence_transformers.json "HTTP/1.1 307 Temporary Redirect"
2026-02-06 22:20:05 - httpx - INFO - _send_single_request:1025 - HTTP Request: HEAD https://huggingface.co/api/resolve-cache/models/sentence-transformers/all-MiniLM-L6-v2/c9745ed1d9f207416be6d2e6f8de32d1f16199bf/config_sentence_transformers.json "HTTP/1.1 200 OK"
2026-02-06 22:20:05 - httpx - INFO - _send_single_request:1025 - HTTP Request: HEAD https://huggingface.co/sentence-transformers/all-MiniLM-L6-v2/resolve/main/README.md "HTTP/1.1 307 Temporary Redirect"
2026-02-06 22:20:05 - httpx - INFO - _send_single_request:1025 - HTTP Request: HEAD https://huggingface.co/api/resolve-cache/models/sentence-transformers/all-MiniLM-L6-v2/c9745ed1d9f207416be6d2e6f8de32d1f16199bf/README.md "HTTP/1.1 200 OK"
2026-02-06 22:20:05 - sentence_transformers.SentenceTransformer - INFO - __init__:219 - Use pytorch device_name: cpu
2026-02-06 22:20:05 - sentence_transformers.SentenceTransformer - INFO - __init__:227 - Load pretrained SentenceTransformer: all-MiniLM-L6-v2
2026-02-06 22:20:05 - httpx - INFO - _send_single_request:1025 - HTTP Request: HEAD https://huggingface.co/sentence-transformers/all-MiniLM-L6-v2/resolve/main/modules.json "HTTP/1.1 307 Temporary Redirect"
2026-02-06 22:20:05 - httpx - INFO - _send_single_request:1025 - HTTP Request: HEAD https://huggingface.co/api/resolve-cache/models/sentence-transformers/all-MiniLM-L6-v2/c9745ed1d9f207416be6d2e6f8de32d1f16199bf/modules.json "HTTP/1.1 200 OK"
2026-02-06 22:20:06 - sentence_transformers.SentenceTransformer - INFO - __init__:219 - Use pytorch device_name: cpu
2026-02-06 22:20:06 - sentence_transformers.SentenceTransformer - INFO - __init__:227 - Load pretrained SentenceTransformer: all-MiniLM-L6-v2
2026-02-06 22:20:06 - httpx - INFO - _send_single_request:1025 - HTTP Request: HEAD https://huggingface.co/sentence-transformers/all-MiniLM-L6-v2/resolve/main/sentence_bert_config.json "HTTP/1.1 307 Temporary Redirect"
2026-02-06 22:20:06 - httpx - INFO - _send_single_request:1025 - HTTP Request: HEAD https://huggingface.co/sentence-transformers/all-MiniLM-L6-v2/resolve/main/modules.json "HTTP/1.1 307 Temporary Redirect"
2026-02-06 22:20:06 - httpx - INFO - _send_single_request:1025 - HTTP Request: HEAD https://huggingface.co/api/resolve-cache/models/sentence-transformers/all-MiniLM-L6-v2/c9745ed1d9f207416be6d2e6f8de32d1f16199bf/sentence_bert_config.json "HTTP/1.1 200 OK"
2026-02-06 22:20:06 - httpx - INFO - _send_single_request:1025 - HTTP Request: HEAD https://huggingface.co/api/resolve-cache/models/sentence-transformers/all-MiniLM-L6-v2/c9745ed1d9f207416be6d2e6f8de32d1f16199bf/modules.json "HTTP/1.1 200 OK"
2026-02-06 22:20:06 - httpx - INFO - _send_single_request:1025 - HTTP Request: HEAD https://huggingface.co/sentence-transformers/all-MiniLM-L6-v2/resolve/main/adapter_config.json "HTTP/1.1 404 Not Found"
2026-02-06 22:20:06 - httpx - INFO - _send_single_request:1025 - HTTP Request: HEAD https://huggingface.co/sentence-transformers/all-MiniLM-L6-v2/resolve/main/config_sentence_transformers.json "HTTP/1.1 307 Temporary Redirect"
2026-02-06 22:20:06 - httpx - INFO - _send_single_request:1025 - HTTP Request: HEAD https://huggingface.co/api/resolve-cache/models/sentence-transformers/all-MiniLM-L6-v2/c9745ed1d9f207416be6d2e6f8de32d1f16199bf/config_sentence_transformers.json "HTTP/1.1 200 OK"
2026-02-06 22:20:07 - httpx - INFO - _send_single_request:1025 - HTTP Request: HEAD https://huggingface.co/sentence-transformers/all-MiniLM-L6-v2/resolve/main/modules.json "HTTP/1.1 307 Temporary Redirect"
2026-02-06 22:20:07 - httpx - INFO - _send_single_request:1025 - HTTP Request: HEAD https://huggingface.co/sentence-transformers/all-MiniLM-L6-v2/resolve/main/config.json "HTTP/1.1 307 Temporary Redirect"
2026-02-06 22:20:07 - httpx - INFO - _send_single_request:1025 - HTTP Request: HEAD https://huggingface.co/api/resolve-cache/models/sentence-transformers/all-MiniLM-L6-v2/c9745ed1d9f207416be6d2e6f8de32d1f16199bf/modules.json "HTTP/1.1 200 OK"
2026-02-06 22:20:07 - httpx - INFO - _send_single_request:1025 - HTTP Request: HEAD https://huggingface.co/sentence-transformers/all-MiniLM-L6-v2/resolve/main/config_sentence_transformers.json "HTTP/1.1 307 Temporary Redirect"
2026-02-06 22:20:07 - app.services.scraper_v2 - INFO - get_links:108 - Scraping feed: https://apnews.com/hub/business
2026-02-06 22:20:07 - httpx - INFO - _send_single_request:1025 - HTTP Request: HEAD https://huggingface.co/api/resolve-cache/models/sentence-transformers/all-MiniLM-L6-v2/c9745ed1d9f207416be6d2e6f8de32d1f16199bf/config_sentence_transformers.json "HTTP/1.1 200 OK"
2026-02-06 22:20:07 - httpx - INFO - _send_single_request:1025 - HTTP Request: HEAD https://huggingface.co/sentence-transformers/all-MiniLM-L6-v2/resolve/main/config_sentence_transformers.json "HTTP/1.1 307 Temporary Redirect"
2026-02-06 22:20:07 - httpx - INFO - _send_single_request:1025 - HTTP Request: HEAD https://huggingface.co/api/resolve-cache/models/sentence-transformers/all-MiniLM-L6-v2/c9745ed1d9f207416be6d2e6f8de32d1f16199bf/config_sentence_transformers.json "HTTP/1.1 200 OK"
2026-02-06 22:20:07 - httpx - INFO - _send_single_request:1025 - HTTP Request: HEAD https://huggingface.co/sentence-transformers/all-MiniLM-L6-v2/resolve/main/README.md "HTTP/1.1 307 Temporary Redirect"
2026-02-06 22:20:07 - httpx - INFO - _send_single_request:1025 - HTTP Request: HEAD https://huggingface.co/api/resolve-cache/models/sentence-transformers/all-MiniLM-L6-v2/c9745ed1d9f207416be6d2e6f8de32d1f16199bf/README.md "HTTP/1.1 200 OK"
2026-02-06 22:20:07 - httpx - INFO - _send_single_request:1025 - HTTP Request: HEAD https://huggingface.co/api/resolve-cache/models/sentence-transformers/all-MiniLM-L6-v2/c9745ed1d9f207416be6d2e6f8de32d1f16199bf/config.json "HTTP/1.1 200 OK"
2026-02-06 22:20:07 - httpx - INFO - _send_single_request:1025 - HTTP Request: HEAD https://huggingface.co/sentence-transformers/all-MiniLM-L6-v2/resolve/main/config_sentence_transformers.json "HTTP/1.1 307 Temporary Redirect"
2026-02-06 22:20:07 - httpx - INFO - _send_single_request:1025 - HTTP Request: HEAD https://huggingface.co/api/resolve-cache/models/sentence-transformers/all-MiniLM-L6-v2/c9745ed1d9f207416be6d2e6f8de32d1f16199bf/config_sentence_transformers.json "HTTP/1.1 200 OK"
2026-02-06 22:20:07 - httpx - INFO - _send_single_request:1025 - HTTP Request: HEAD https://huggingface.co/sentence-transformers/all-MiniLM-L6-v2/resolve/main/modules.json "HTTP/1.1 307 Temporary Redirect"
2026-02-06 22:20:07 - httpx - INFO - _send_single_request:1025 - HTTP Request: HEAD https://huggingface.co/api/resolve-cache/models/sentence-transformers/all-MiniLM-L6-v2/c9745ed1d9f207416be6d2e6f8de32d1f16199bf/modules.json "HTTP/1.1 200 OK"
2026-02-06 22:20:07 - httpx - INFO - _send_single_request:1025 - HTTP Request: HEAD https://huggingface.co/sentence-transformers/all-MiniLM-L6-v2/resolve/main/config.json "HTTP/1.1 307 Temporary Redirect"
2026-02-06 22:20:07 - httpx - INFO - _send_single_request:1025 - HTTP Request: HEAD https://huggingface.co/sentence-transformers/all-MiniLM-L6-v2/resolve/main/README.md "HTTP/1.1 307 Temporary Redirect"
2026-02-06 22:20:07 - huggingface_hub.utils._http - WARNING - _warn_on_warning_headers:779 - Warning: You are sending unauthenticated requests to the HF Hub. Please set a HF_TOKEN to enable higher rate limits and faster downloads.
2026-02-06 22:20:07 - httpx - INFO - _send_single_request:1025 - HTTP Request: HEAD https://huggingface.co/api/resolve-cache/models/sentence-transformers/all-MiniLM-L6-v2/c9745ed1d9f207416be6d2e6f8de32d1f16199bf/README.md "HTTP/1.1 200 OK"
2026-02-06 22:20:07 - httpx - INFO - _send_single_request:1025 - HTTP Request: HEAD https://huggingface.co/sentence-transformers/all-MiniLM-L6-v2/resolve/main/sentence_bert_config.json "HTTP/1.1 307 Temporary Redirect"
2026-02-06 22:20:07 - httpx - INFO - _send_single_request:1025 - HTTP Request: HEAD https://huggingface.co/api/resolve-cache/models/sentence-transformers/all-MiniLM-L6-v2/c9745ed1d9f207416be6d2e6f8de32d1f16199bf/sentence_bert_config.json "HTTP/1.1 200 OK"
2026-02-06 22:20:08 - httpx - INFO - _send_single_request:1025 - HTTP Request: HEAD https://huggingface.co/api/resolve-cache/models/sentence-transformers/all-MiniLM-L6-v2/c9745ed1d9f207416be6d2e6f8de32d1f16199bf/config.json "HTTP/1.1 200 OK"
2026-02-06 22:20:08 - httpx - INFO - _send_single_request:1025 - HTTP Request: HEAD https://huggingface.co/sentence-transformers/all-MiniLM-L6-v2/resolve/main/modules.json "HTTP/1.1 307 Temporary Redirect"
2026-02-06 22:20:08 - httpx - INFO - _send_single_request:1025 - HTTP Request: HEAD https://huggingface.co/api/resolve-cache/models/sentence-transformers/all-MiniLM-L6-v2/c9745ed1d9f207416be6d2e6f8de32d1f16199bf/modules.json "HTTP/1.1 200 OK"
2026-02-06 22:20:08 - httpx - INFO - _send_single_request:1025 - HTTP Request: HEAD https://huggingface.co/sentence-transformers/all-MiniLM-L6-v2/resolve/main/adapter_config.json "HTTP/1.1 404 Not Found"
2026-02-06 22:20:08 - httpx - INFO - _send_single_request:1025 - HTTP Request: HEAD https://huggingface.co/sentence-transformers/all-MiniLM-L6-v2/resolve/main/tokenizer_config.json "HTTP/1.1 307 Temporary Redirect"
2026-02-06 22:20:08 - httpx - INFO - _send_single_request:1025 - HTTP Request: HEAD https://huggingface.co/api/resolve-cache/models/sentence-transformers/all-MiniLM-L6-v2/c9745ed1d9f207416be6d2e6f8de32d1f16199bf/tokenizer_config.json "HTTP/1.1 200 OK"
2026-02-06 22:20:08 - httpx - INFO - _send_single_request:1025 - HTTP Request: HEAD https://huggingface.co/sentence-transformers/all-MiniLM-L6-v2/resolve/main/sentence_bert_config.json "HTTP/1.1 307 Temporary Redirect"
2026-02-06 22:20:08 - httpx - INFO - _send_single_request:1025 - HTTP Request: HEAD https://huggingface.co/sentence-transformers/all-MiniLM-L6-v2/resolve/main/config.json "HTTP/1.1 307 Temporary Redirect"
2026-02-06 22:20:08 - httpx - INFO - _send_single_request:1025 - HTTP Request: HEAD https://huggingface.co/api/resolve-cache/models/sentence-transformers/all-MiniLM-L6-v2/c9745ed1d9f207416be6d2e6f8de32d1f16199bf/config.json "HTTP/1.1 200 OK"
2026-02-06 22:20:08 - httpx - INFO - _send_single_request:1025 - HTTP Request: GET https://huggingface.co/api/models/sentence-transformers/all-MiniLM-L6-v2/tree/main/additional_chat_templates?recursive=false&expand=false "HTTP/1.1 404 Not Found"
2026-02-06 22:20:08 - httpx - INFO - _send_single_request:1025 - HTTP Request: HEAD https://huggingface.co/api/resolve-cache/models/sentence-transformers/all-MiniLM-L6-v2/c9745ed1d9f207416be6d2e6f8de32d1f16199bf/sentence_bert_config.json "HTTP/1.1 200 OK"
2026-02-06 22:20:08 - httpx - INFO - _send_single_request:1025 - HTTP Request: HEAD https://huggingface.co/sentence-transformers/all-MiniLM-L6-v2/resolve/main/config.json "HTTP/1.1 307 Temporary Redirect"
2026-02-06 22:20:08 - httpx - INFO - _send_single_request:1025 - HTTP Request: GET https://huggingface.co/api/models/sentence-transformers/all-MiniLM-L6-v2/tree/main?recursive=true&expand=false "HTTP/1.1 200 OK"
2026-02-06 22:20:08 - httpx - INFO - _send_single_request:1025 - HTTP Request: HEAD https://huggingface.co/api/resolve-cache/models/sentence-transformers/all-MiniLM-L6-v2/c9745ed1d9f207416be6d2e6f8de32d1f16199bf/config.json "HTTP/1.1 200 OK"
2026-02-06 22:20:09 - httpx - INFO - _send_single_request:1025 - HTTP Request: HEAD https://huggingface.co/sentence-transformers/all-MiniLM-L6-v2/resolve/main/adapter_config.json "HTTP/1.1 404 Not Found"
2026-02-06 22:20:09 - httpx - INFO - _send_single_request:1025 - HTTP Request: HEAD https://huggingface.co/sentence-transformers/all-MiniLM-L6-v2/resolve/main/tokenizer_config.json "HTTP/1.1 307 Temporary Redirect"
2026-02-06 22:20:09 - httpx - INFO - _send_single_request:1025 - HTTP Request: HEAD https://huggingface.co/api/resolve-cache/models/sentence-transformers/all-MiniLM-L6-v2/c9745ed1d9f207416be6d2e6f8de32d1f16199bf/tokenizer_config.json "HTTP/1.1 200 OK"
2026-02-06 22:20:09 - httpx - INFO - _send_single_request:1025 - HTTP Request: HEAD https://huggingface.co/sentence-transformers/all-MiniLM-L6-v2/resolve/main/1_Pooling/config.json "HTTP/1.1 307 Temporary Redirect"
2026-02-06 22:20:09 - httpx - INFO - _send_single_request:1025 - HTTP Request: HEAD https://huggingface.co/api/resolve-cache/models/sentence-transformers/all-MiniLM-L6-v2/c9745ed1d9f207416be6d2e6f8de32d1f16199bf/1_Pooling%2Fconfig.json "HTTP/1.1 200 OK"
2026-02-06 22:20:09 - httpx - INFO - _send_single_request:1025 - HTTP Request: HEAD https://huggingface.co/sentence-transformers/all-MiniLM-L6-v2/resolve/main/config.json "HTTP/1.1 307 Temporary Redirect"
2026-02-06 22:20:09 - httpx - INFO - _send_single_request:1025 - HTTP Request: HEAD https://huggingface.co/api/resolve-cache/models/sentence-transformers/all-MiniLM-L6-v2/c9745ed1d9f207416be6d2e6f8de32d1f16199bf/config.json "HTTP/1.1 200 OK"
2026-02-06 22:20:09 - httpx - INFO - _send_single_request:1025 - HTTP Request: GET https://huggingface.co/api/models/sentence-transformers/all-MiniLM-L6-v2/tree/main/additional_chat_templates?recursive=false&expand=false "HTTP/1.1 404 Not Found"
2026-02-06 22:20:09 - httpx - INFO - _send_single_request:1025 - HTTP Request: GET https://huggingface.co/api/models/sentence-transformers/all-MiniLM-L6-v2 "HTTP/1.1 200 OK"
2026-02-06 22:20:09 - app.services.deduplicator - INFO - __init__:20 - Deduplicator loaded on cpu
2026-02-06 22:20:09 - uvicorn.error - INFO - _serve:84 - Started server process [21200]
2026-02-06 22:20:09 - uvicorn.error - INFO - startup:48 - Waiting for application startup.
2026-02-06 22:20:09 - app.main - INFO - startup_event:50 - Background News Scraper Started
2026-02-06 22:20:09 - jobs - INFO - init_db:15 - Initializing database...
2026-02-06 22:20:09 - jobs - INFO - run_scraper_loop:25 - Starting Newsroom Ingestion Cycle #1 at 2026-02-06 22:20:09.546771
2026-02-06 22:20:09 - jobs - INFO - run_scraper_loop:30 - Scraping source: Reuters
2026-02-06 22:20:09 - app.services.scraper_v2 - INFO - get_links:108 - Scraping feed: https://www.reuters.com/world/
2026-02-06 22:20:09 - uvicorn.error - INFO - startup:62 - Application startup complete.
2026-02-06 22:20:09 - uvicorn.error - ERROR - send:134 - Traceback (most recent call last):
  File "C:\Users\binod\AppData\Local\Programs\Python\Python314\Lib\asyncio\runners.py", line 127, in run
    return self._loop.run_until_complete(task)
           ~~~~~~~~~~~~~~~~~~~~~~~~~~~~~^^^^^^
  File "C:\Users\binod\AppData\Local\Programs\Python\Python314\Lib\asyncio\base_events.py", line 719, in run_until_complete
    return future.result()
           ~~~~~~~~~~~~~^^
asyncio.exceptions.CancelledError

During handling of the above exception, another exception occurred:

Traceback (most recent call last):
  File "C:\Users\binod\AppData\Local\Programs\Python\Python314\Lib\asyncio\runners.py", line 204, in run
    return runner.run(main)
           ~~~~~~~~~~^^^^^^
  File "C:\Users\binod\AppData\Local\Programs\Python\Python314\Lib\asyncio\runners.py", line 132, in run
    raise KeyboardInterrupt()
KeyboardInterrupt

During handling of the above exception, another exception occurred:

Traceback (most recent call last):
  File "C:\Users\binod\AppData\Local\Programs\Python\Python314\Lib\site-packages\starlette\routing.py", line 701, in lifespan
    await receive()
  File "C:\Users\binod\AppData\Local\Programs\Python\Python314\Lib\site-packages\uvicorn\lifespan\on.py", line 137, in receive
    return await self.receive_queue.get()
           ^^^^^^^^^^^^^^^^^^^^^^^^^^^^^^
  File "C:\Users\binod\AppData\Local\Programs\Python\Python314\Lib\asyncio\queues.py", line 186, in get
    await getter
asyncio.exceptions.CancelledError

2026-02-06 22:20:09 - httpx - INFO - _send_single_request:1025 - HTTP Request: HEAD https://huggingface.co/sentence-transformers/all-MiniLM-L6-v2/resolve/main/config.json "HTTP/1.1 307 Temporary Redirect"
2026-02-06 22:20:09 - httpx - INFO - _send_single_request:1025 - HTTP Request: GET https://huggingface.co/api/models/sentence-transformers/all-MiniLM-L6-v2/tree/main?recursive=true&expand=false "HTTP/1.1 200 OK"
2026-02-06 22:20:09 - httpx - INFO - _send_single_request:1025 - HTTP Request: HEAD https://huggingface.co/api/resolve-cache/models/sentence-transformers/all-MiniLM-L6-v2/c9745ed1d9f207416be6d2e6f8de32d1f16199bf/config.json "HTTP/1.1 200 OK"
2026-02-06 22:20:10 - httpx - INFO - _send_single_request:1025 - HTTP Request: HEAD https://huggingface.co/sentence-transformers/all-MiniLM-L6-v2/resolve/main/1_Pooling/config.json "HTTP/1.1 307 Temporary Redirect"
2026-02-06 22:20:10 - httpx - INFO - _send_single_request:1025 - HTTP Request: HEAD https://huggingface.co/sentence-transformers/all-MiniLM-L6-v2/resolve/main/tokenizer_config.json "HTTP/1.1 307 Temporary Redirect"
2026-02-06 22:20:10 - httpx - INFO - _send_single_request:1025 - HTTP Request: HEAD https://huggingface.co/api/resolve-cache/models/sentence-transformers/all-MiniLM-L6-v2/c9745ed1d9f207416be6d2e6f8de32d1f16199bf/1_Pooling%2Fconfig.json "HTTP/1.1 200 OK"
2026-02-06 22:20:10 - httpx - INFO - _send_single_request:1025 - HTTP Request: HEAD https://huggingface.co/api/resolve-cache/models/sentence-transformers/all-MiniLM-L6-v2/c9745ed1d9f207416be6d2e6f8de32d1f16199bf/tokenizer_config.json "HTTP/1.1 200 OK"
2026-02-06 22:20:10 - httpx - INFO - _send_single_request:1025 - HTTP Request: GET https://huggingface.co/api/models/sentence-transformers/all-MiniLM-L6-v2 "HTTP/1.1 200 OK"
2026-02-06 22:20:10 - app.services.deduplicator - INFO - __init__:20 - Deduplicator loaded on cpu
2026-02-06 22:20:10 - uvicorn.error - INFO - _serve:84 - Started server process [4088]
2026-02-06 22:20:10 - uvicorn.error - INFO - startup:48 - Waiting for application startup.
2026-02-06 22:20:10 - app.main - INFO - startup_event:50 - Background News Scraper Started
2026-02-06 22:20:10 - jobs - INFO - init_db:15 - Initializing database...
2026-02-06 22:20:10 - jobs - INFO - run_scraper_loop:25 - Starting Newsroom Ingestion Cycle #1 at 2026-02-06 22:20:10.447336
2026-02-06 22:20:10 - jobs - INFO - run_scraper_loop:30 - Scraping source: Reuters
2026-02-06 22:20:10 - app.services.scraper_v2 - INFO - get_links:108 - Scraping feed: https://www.reuters.com/world/
2026-02-06 22:20:10 - uvicorn.error - INFO - startup:62 - Application startup complete.
2026-02-06 22:20:10 - uvicorn.error - ERROR - send:134 - Traceback (most recent call last):
  File "C:\Users\binod\AppData\Local\Programs\Python\Python314\Lib\asyncio\runners.py", line 127, in run
    return self._loop.run_until_complete(task)
           ~~~~~~~~~~~~~~~~~~~~~~~~~~~~~^^^^^^
  File "C:\Users\binod\AppData\Local\Programs\Python\Python314\Lib\asyncio\base_events.py", line 719, in run_until_complete
    return future.result()
           ~~~~~~~~~~~~~^^
asyncio.exceptions.CancelledError

During handling of the above exception, another exception occurred:

Traceback (most recent call last):
  File "C:\Users\binod\AppData\Local\Programs\Python\Python314\Lib\asyncio\runners.py", line 204, in run
    return runner.run(main)
           ~~~~~~~~~~^^^^^^
  File "C:\Users\binod\AppData\Local\Programs\Python\Python314\Lib\asyncio\runners.py", line 132, in run
    raise KeyboardInterrupt()
KeyboardInterrupt

During handling of the above exception, another exception occurred:

Traceback (most recent call last):
  File "C:\Users\binod\AppData\Local\Programs\Python\Python314\Lib\site-packages\starlette\routing.py", line 701, in lifespan
    await receive()
  File "C:\Users\binod\AppData\Local\Programs\Python\Python314\Lib\site-packages\uvicorn\lifespan\on.py", line 137, in receive
    return await self.receive_queue.get()
           ^^^^^^^^^^^^^^^^^^^^^^^^^^^^^^
  File "C:\Users\binod\AppData\Local\Programs\Python\Python314\Lib\asyncio\queues.py", line 186, in get
    await getter
asyncio.exceptions.CancelledError

2026-02-06 22:20:10 - httpx - INFO - _send_single_request:1025 - HTTP Request: GET https://huggingface.co/api/models/sentence-transformers/all-MiniLM-L6-v2/tree/main/additional_chat_templates?recursive=false&expand=false "HTTP/1.1 404 Not Found"
2026-02-06 22:20:10 - httpx - INFO - _send_single_request:1025 - HTTP Request: GET https://huggingface.co/api/models/sentence-transformers/all-MiniLM-L6-v2/tree/main?recursive=true&expand=false "HTTP/1.1 200 OK"
2026-02-06 22:20:11 - httpx - INFO - _send_single_request:1025 - HTTP Request: HEAD https://huggingface.co/sentence-transformers/all-MiniLM-L6-v2/resolve/main/1_Pooling/config.json "HTTP/1.1 307 Temporary Redirect"
2026-02-06 22:20:11 - httpx - INFO - _send_single_request:1025 - HTTP Request: HEAD https://huggingface.co/api/resolve-cache/models/sentence-transformers/all-MiniLM-L6-v2/c9745ed1d9f207416be6d2e6f8de32d1f16199bf/1_Pooling%2Fconfig.json "HTTP/1.1 200 OK"
2026-02-06 22:20:11 - httpx - INFO - _send_single_request:1025 - HTTP Request: GET https://huggingface.co/api/models/sentence-transformers/all-MiniLM-L6-v2 "HTTP/1.1 200 OK"
2026-02-06 22:20:11 - app.services.deduplicator - INFO - __init__:20 - Deduplicator loaded on cpu
2026-02-06 22:20:11 - uvicorn.error - INFO - _serve:84 - Started server process [17432]
2026-02-06 22:20:11 - uvicorn.error - INFO - startup:48 - Waiting for application startup.
2026-02-06 22:20:11 - app.main - INFO - startup_event:50 - Background News Scraper Started
2026-02-06 22:20:11 - jobs - INFO - init_db:15 - Initializing database...
2026-02-06 22:20:11 - jobs - INFO - run_scraper_loop:25 - Starting Newsroom Ingestion Cycle #1 at 2026-02-06 22:20:11.989517
2026-02-06 22:20:11 - jobs - INFO - run_scraper_loop:30 - Scraping source: Reuters
2026-02-06 22:20:11 - app.services.scraper_v2 - INFO - get_links:108 - Scraping feed: https://www.reuters.com/world/
2026-02-06 22:20:11 - uvicorn.error - INFO - startup:62 - Application startup complete.
2026-02-06 22:20:11 - uvicorn.error - ERROR - send:134 - Traceback (most recent call last):
  File "C:\Users\binod\AppData\Local\Programs\Python\Python314\Lib\asyncio\runners.py", line 127, in run
    return self._loop.run_until_complete(task)
           ~~~~~~~~~~~~~~~~~~~~~~~~~~~~~^^^^^^
  File "C:\Users\binod\AppData\Local\Programs\Python\Python314\Lib\asyncio\base_events.py", line 719, in run_until_complete
    return future.result()
           ~~~~~~~~~~~~~^^
asyncio.exceptions.CancelledError

During handling of the above exception, another exception occurred:

Traceback (most recent call last):
  File "C:\Users\binod\AppData\Local\Programs\Python\Python314\Lib\asyncio\runners.py", line 204, in run
    return runner.run(main)
           ~~~~~~~~~~^^^^^^
  File "C:\Users\binod\AppData\Local\Programs\Python\Python314\Lib\asyncio\runners.py", line 132, in run
    raise KeyboardInterrupt()
KeyboardInterrupt

During handling of the above exception, another exception occurred:

Traceback (most recent call last):
  File "C:\Users\binod\AppData\Local\Programs\Python\Python314\Lib\site-packages\starlette\routing.py", line 701, in lifespan
    await receive()
  File "C:\Users\binod\AppData\Local\Programs\Python\Python314\Lib\site-packages\uvicorn\lifespan\on.py", line 137, in receive
    return await self.receive_queue.get()
           ^^^^^^^^^^^^^^^^^^^^^^^^^^^^^^
  File "C:\Users\binod\AppData\Local\Programs\Python\Python314\Lib\asyncio\queues.py", line 186, in get
    await getter
asyncio.exceptions.CancelledError

2026-02-06 22:20:12 - app.services.scraper_v2 - INFO - get_links:108 - Scraping feed: https://www.reuters.com/business/
2026-02-06 22:20:13 - app.services.scraper_v2 - INFO - get_links:108 - Scraping feed: https://www.reuters.com/business/
2026-02-06 22:20:14 - app.services.scraper_v2 - INFO - get_links:108 - Scraping feed: https://www.reuters.com/technology/
2026-02-06 22:20:15 - app.core.logging - INFO - setup_logging:70 - Logging system initialized
2026-02-06 22:20:15 - app.services.scraper_v2 - INFO - get_links:108 - Scraping feed: https://www.reuters.com/business/
2026-02-06 22:20:15 - app.services.scraper_v2 - INFO - get_links:108 - Scraping feed: https://www.reuters.com/technology/
2026-02-06 22:20:16 - uvicorn.error - INFO - serve:76 - Started server process [4856]
2026-02-06 22:20:16 - uvicorn.error - INFO - startup:48 - Waiting for application startup.
2026-02-06 22:20:16 - app.main - INFO - startup_event:50 - Background News Scraper Started
2026-02-06 22:20:16 - jobs - INFO - init_db:15 - Initializing database...
2026-02-06 22:20:16 - jobs - INFO - run_scraper_loop:25 - Starting Newsroom Ingestion Cycle #1 at 2026-02-06 22:20:16.927436
2026-02-06 22:20:16 - jobs - INFO - run_scraper_loop:30 - Scraping source: Reuters
2026-02-06 22:20:16 - app.services.scraper_v2 - INFO - get_links:108 - Scraping feed: https://www.reuters.com/world/
2026-02-06 22:20:16 - uvicorn.error - INFO - startup:62 - Application startup complete.
2026-02-06 22:20:17 - app.services.scraper_v2 - INFO - get_links:108 - Scraping feed: https://www.reuters.com/technology/
2026-02-06 22:20:17 - app.services.scraper_v2 - INFO - get_links:108 - Scraping feed: https://www.reuters.com/science/
2026-02-06 22:20:18 - app.services.scraper_v2 - INFO - get_links:108 - Scraping feed: https://www.reuters.com/science/
2026-02-06 22:20:20 - app.services.scraper_v2 - INFO - get_links:108 - Scraping feed: https://www.reuters.com/science/
2026-02-06 22:20:20 - app.services.scraper_v2 - INFO - get_links:108 - Scraping feed: https://www.reuters.com/business/
2026-02-06 22:20:23 - app.services.scraper_v2 - INFO - get_links:108 - Scraping feed: https://www.reuters.com/technology/
2026-02-06 22:20:23 - app.core.logging - INFO - setup_logging:70 - Logging system initialized
2026-02-06 22:20:24 - app.core.logging - INFO - setup_logging:70 - Logging system initialized
2026-02-06 22:20:25 - app.core.logging - INFO - setup_logging:70 - Logging system initialized
2026-02-06 22:20:26 - app.services.scraper_v2 - INFO - get_links:108 - Scraping feed: https://www.reuters.com/science/
2026-02-06 22:20:29 - jobs - INFO - run_scraper_loop:30 - Scraping source: Associated Press
2026-02-06 22:20:29 - app.services.scraper_v2 - INFO - get_links:108 - Scraping feed: https://apnews.com/hub/politics
2026-02-06 22:20:31 - sentence_transformers.SentenceTransformer - INFO - __init__:219 - Use pytorch device_name: cpu
2026-02-06 22:20:31 - sentence_transformers.SentenceTransformer - INFO - __init__:227 - Load pretrained SentenceTransformer: all-MiniLM-L6-v2
2026-02-06 22:20:31 - sentence_transformers.SentenceTransformer - INFO - __init__:219 - Use pytorch device_name: cpu
2026-02-06 22:20:31 - sentence_transformers.SentenceTransformer - INFO - __init__:227 - Load pretrained SentenceTransformer: all-MiniLM-L6-v2
2026-02-06 22:20:31 - app.services.scraper_v2 - INFO - get_links:108 - Scraping feed: https://apnews.com/hub/science
2026-02-06 22:20:31 - httpx - INFO - _send_single_request:1025 - HTTP Request: HEAD https://huggingface.co/sentence-transformers/all-MiniLM-L6-v2/resolve/main/modules.json "HTTP/1.1 307 Temporary Redirect"
2026-02-06 22:20:31 - httpx - INFO - _send_single_request:1025 - HTTP Request: HEAD https://huggingface.co/api/resolve-cache/models/sentence-transformers/all-MiniLM-L6-v2/c9745ed1d9f207416be6d2e6f8de32d1f16199bf/modules.json "HTTP/1.1 200 OK"
2026-02-06 22:20:32 - sentence_transformers.SentenceTransformer - INFO - __init__:219 - Use pytorch device_name: cpu
2026-02-06 22:20:32 - sentence_transformers.SentenceTransformer - INFO - __init__:227 - Load pretrained SentenceTransformer: all-MiniLM-L6-v2
2026-02-06 22:20:32 - httpx - INFO - _send_single_request:1025 - HTTP Request: HEAD https://huggingface.co/sentence-transformers/all-MiniLM-L6-v2/resolve/main/config_sentence_transformers.json "HTTP/1.1 307 Temporary Redirect"
2026-02-06 22:20:32 - httpx - INFO - _send_single_request:1025 - HTTP Request: HEAD https://huggingface.co/api/resolve-cache/models/sentence-transformers/all-MiniLM-L6-v2/c9745ed1d9f207416be6d2e6f8de32d1f16199bf/config_sentence_transformers.json "HTTP/1.1 200 OK"
2026-02-06 22:20:32 - httpx - INFO - _send_single_request:1025 - HTTP Request: HEAD https://huggingface.co/sentence-transformers/all-MiniLM-L6-v2/resolve/main/config_sentence_transformers.json "HTTP/1.1 307 Temporary Redirect"
2026-02-06 22:20:32 - httpx - INFO - _send_single_request:1025 - HTTP Request: HEAD https://huggingface.co/api/resolve-cache/models/sentence-transformers/all-MiniLM-L6-v2/c9745ed1d9f207416be6d2e6f8de32d1f16199bf/config_sentence_transformers.json "HTTP/1.1 200 OK"
2026-02-06 22:20:32 - httpx - INFO - _send_single_request:1025 - HTTP Request: HEAD https://huggingface.co/sentence-transformers/all-MiniLM-L6-v2/resolve/main/README.md "HTTP/1.1 307 Temporary Redirect"
2026-02-06 22:20:32 - httpx - INFO - _send_single_request:1025 - HTTP Request: HEAD https://huggingface.co/api/resolve-cache/models/sentence-transformers/all-MiniLM-L6-v2/c9745ed1d9f207416be6d2e6f8de32d1f16199bf/README.md "HTTP/1.1 200 OK"
2026-02-06 22:20:32 - httpx - INFO - _send_single_request:1025 - HTTP Request: HEAD https://huggingface.co/sentence-transformers/all-MiniLM-L6-v2/resolve/main/modules.json "HTTP/1.1 307 Temporary Redirect"
2026-02-06 22:20:33 - httpx - INFO - _send_single_request:1025 - HTTP Request: HEAD https://huggingface.co/api/resolve-cache/models/sentence-transformers/all-MiniLM-L6-v2/c9745ed1d9f207416be6d2e6f8de32d1f16199bf/modules.json "HTTP/1.1 200 OK"
2026-02-06 22:20:33 - httpx - INFO - _send_single_request:1025 - HTTP Request: HEAD https://huggingface.co/sentence-transformers/all-MiniLM-L6-v2/resolve/main/sentence_bert_config.json "HTTP/1.1 307 Temporary Redirect"
2026-02-06 22:20:33 - httpx - INFO - _send_single_request:1025 - HTTP Request: HEAD https://huggingface.co/api/resolve-cache/models/sentence-transformers/all-MiniLM-L6-v2/c9745ed1d9f207416be6d2e6f8de32d1f16199bf/sentence_bert_config.json "HTTP/1.1 200 OK"
2026-02-06 22:20:33 - httpx - INFO - _send_single_request:1025 - HTTP Request: HEAD https://huggingface.co/sentence-transformers/all-MiniLM-L6-v2/resolve/main/modules.json "HTTP/1.1 307 Temporary Redirect"
2026-02-06 22:20:33 - huggingface_hub.utils._http - WARNING - _warn_on_warning_headers:779 - Warning: You are sending unauthenticated requests to the HF Hub. Please set a HF_TOKEN to enable higher rate limits and faster downloads.
2026-02-06 22:20:33 - httpx - INFO - _send_single_request:1025 - HTTP Request: HEAD https://huggingface.co/api/resolve-cache/models/sentence-transformers/all-MiniLM-L6-v2/c9745ed1d9f207416be6d2e6f8de32d1f16199bf/modules.json "HTTP/1.1 200 OK"
2026-02-06 22:20:33 - httpx - INFO - _send_single_request:1025 - HTTP Request: HEAD https://huggingface.co/sentence-transformers/all-MiniLM-L6-v2/resolve/main/adapter_config.json "HTTP/1.1 404 Not Found"
2026-02-06 22:20:33 - httpx - INFO - _send_single_request:1025 - HTTP Request: HEAD https://huggingface.co/sentence-transformers/all-MiniLM-L6-v2/resolve/main/config_sentence_transformers.json "HTTP/1.1 307 Temporary Redirect"
2026-02-06 22:20:33 - httpx - INFO - _send_single_request:1025 - HTTP Request: HEAD https://huggingface.co/sentence-transformers/all-MiniLM-L6-v2/resolve/main/modules.json "HTTP/1.1 307 Temporary Redirect"
2026-02-06 22:20:33 - httpx - INFO - _send_single_request:1025 - HTTP Request: HEAD https://huggingface.co/api/resolve-cache/models/sentence-transformers/all-MiniLM-L6-v2/c9745ed1d9f207416be6d2e6f8de32d1f16199bf/config_sentence_transformers.json "HTTP/1.1 200 OK"
2026-02-06 22:20:33 - httpx - INFO - _send_single_request:1025 - HTTP Request: HEAD https://huggingface.co/api/resolve-cache/models/sentence-transformers/all-MiniLM-L6-v2/c9745ed1d9f207416be6d2e6f8de32d1f16199bf/modules.json "HTTP/1.1 200 OK"
2026-02-06 22:20:33 - httpx - INFO - _send_single_request:1025 - HTTP Request: HEAD https://huggingface.co/sentence-transformers/all-MiniLM-L6-v2/resolve/main/config.json "HTTP/1.1 307 Temporary Redirect"
2026-02-06 22:20:33 - huggingface_hub.utils._http - WARNING - _warn_on_warning_headers:779 - Warning: You are sending unauthenticated requests to the HF Hub. Please set a HF_TOKEN to enable higher rate limits and faster downloads.
2026-02-06 22:20:33 - httpx - INFO - _send_single_request:1025 - HTTP Request: HEAD https://huggingface.co/api/resolve-cache/models/sentence-transformers/all-MiniLM-L6-v2/c9745ed1d9f207416be6d2e6f8de32d1f16199bf/config.json "HTTP/1.1 200 OK"
2026-02-06 22:20:34 - httpx - INFO - _send_single_request:1025 - HTTP Request: HEAD https://huggingface.co/sentence-transformers/all-MiniLM-L6-v2/resolve/main/config.json "HTTP/1.1 307 Temporary Redirect"
2026-02-06 22:20:34 - httpx - INFO - _send_single_request:1025 - HTTP Request: HEAD https://huggingface.co/sentence-transformers/all-MiniLM-L6-v2/resolve/main/config_sentence_transformers.json "HTTP/1.1 307 Temporary Redirect"
2026-02-06 22:20:34 - httpx - INFO - _send_single_request:1025 - HTTP Request: HEAD https://huggingface.co/api/resolve-cache/models/sentence-transformers/all-MiniLM-L6-v2/c9745ed1d9f207416be6d2e6f8de32d1f16199bf/config.json "HTTP/1.1 200 OK"
2026-02-06 22:20:34 - httpx - INFO - _send_single_request:1025 - HTTP Request: HEAD https://huggingface.co/sentence-transformers/all-MiniLM-L6-v2/resolve/main/config_sentence_transformers.json "HTTP/1.1 307 Temporary Redirect"
2026-02-06 22:20:34 - huggingface_hub.utils._http - WARNING - _warn_on_warning_headers:779 - Warning: You are sending unauthenticated requests to the HF Hub. Please set a HF_TOKEN to enable higher rate limits and faster downloads.
2026-02-06 22:20:34 - httpx - INFO - _send_single_request:1025 - HTTP Request: HEAD https://huggingface.co/api/resolve-cache/models/sentence-transformers/all-MiniLM-L6-v2/c9745ed1d9f207416be6d2e6f8de32d1f16199bf/config_sentence_transformers.json "HTTP/1.1 200 OK"
2026-02-06 22:20:34 - httpx - INFO - _send_single_request:1025 - HTTP Request: HEAD https://huggingface.co/sentence-transformers/all-MiniLM-L6-v2/resolve/main/tokenizer_config.json "HTTP/1.1 307 Temporary Redirect"
2026-02-06 22:20:34 - httpx - INFO - _send_single_request:1025 - HTTP Request: HEAD https://huggingface.co/sentence-transformers/all-MiniLM-L6-v2/resolve/main/README.md "HTTP/1.1 307 Temporary Redirect"
2026-02-06 22:20:34 - httpx - INFO - _send_single_request:1025 - HTTP Request: HEAD https://huggingface.co/api/resolve-cache/models/sentence-transformers/all-MiniLM-L6-v2/c9745ed1d9f207416be6d2e6f8de32d1f16199bf/tokenizer_config.json "HTTP/1.1 200 OK"
2026-02-06 22:20:34 - httpx - INFO - _send_single_request:1025 - HTTP Request: GET https://huggingface.co/api/models/sentence-transformers/all-MiniLM-L6-v2/tree/main/additional_chat_templates?recursive=false&expand=false "HTTP/1.1 404 Not Found"
2026-02-06 22:20:34 - httpx - INFO - _send_single_request:1025 - HTTP Request: HEAD https://huggingface.co/api/resolve-cache/models/sentence-transformers/all-MiniLM-L6-v2/c9745ed1d9f207416be6d2e6f8de32d1f16199bf/config_sentence_transformers.json "HTTP/1.1 200 OK"
2026-02-06 22:20:34 - httpx - INFO - _send_single_request:1025 - HTTP Request: HEAD https://huggingface.co/api/resolve-cache/models/sentence-transformers/all-MiniLM-L6-v2/c9745ed1d9f207416be6d2e6f8de32d1f16199bf/README.md "HTTP/1.1 200 OK"
2026-02-06 22:20:35 - httpx - INFO - _send_single_request:1025 - HTTP Request: GET https://huggingface.co/api/models/sentence-transformers/all-MiniLM-L6-v2/tree/main?recursive=true&expand=false "HTTP/1.1 200 OK"
2026-02-06 22:20:35 - httpx - INFO - _send_single_request:1025 - HTTP Request: HEAD https://huggingface.co/sentence-transformers/all-MiniLM-L6-v2/resolve/main/config_sentence_transformers.json "HTTP/1.1 307 Temporary Redirect"
2026-02-06 22:20:35 - httpx - INFO - _send_single_request:1025 - HTTP Request: HEAD https://huggingface.co/sentence-transformers/all-MiniLM-L6-v2/resolve/main/modules.json "HTTP/1.1 307 Temporary Redirect"
2026-02-06 22:20:35 - httpx - INFO - _send_single_request:1025 - HTTP Request: HEAD https://huggingface.co/api/resolve-cache/models/sentence-transformers/all-MiniLM-L6-v2/c9745ed1d9f207416be6d2e6f8de32d1f16199bf/config_sentence_transformers.json "HTTP/1.1 200 OK"
2026-02-06 22:20:35 - httpx - INFO - _send_single_request:1025 - HTTP Request: HEAD https://huggingface.co/api/resolve-cache/models/sentence-transformers/all-MiniLM-L6-v2/c9745ed1d9f207416be6d2e6f8de32d1f16199bf/modules.json "HTTP/1.1 200 OK"
2026-02-06 22:20:35 - httpx - INFO - _send_single_request:1025 - HTTP Request: HEAD https://huggingface.co/sentence-transformers/all-MiniLM-L6-v2/resolve/main/1_Pooling/config.json "HTTP/1.1 307 Temporary Redirect"
2026-02-06 22:20:35 - httpx - INFO - _send_single_request:1025 - HTTP Request: HEAD https://huggingface.co/sentence-transformers/all-MiniLM-L6-v2/resolve/main/README.md "HTTP/1.1 307 Temporary Redirect"
2026-02-06 22:20:35 - httpx - INFO - _send_single_request:1025 - HTTP Request: HEAD https://huggingface.co/api/resolve-cache/models/sentence-transformers/all-MiniLM-L6-v2/c9745ed1d9f207416be6d2e6f8de32d1f16199bf/README.md "HTTP/1.1 200 OK"
2026-02-06 22:20:35 - httpx - INFO - _send_single_request:1025 - HTTP Request: HEAD https://huggingface.co/api/resolve-cache/models/sentence-transformers/all-MiniLM-L6-v2/c9745ed1d9f207416be6d2e6f8de32d1f16199bf/1_Pooling%2Fconfig.json "HTTP/1.1 200 OK"
2026-02-06 22:20:35 - httpx - INFO - _send_single_request:1025 - HTTP Request: HEAD https://huggingface.co/sentence-transformers/all-MiniLM-L6-v2/resolve/main/sentence_bert_config.json "HTTP/1.1 307 Temporary Redirect"
2026-02-06 22:20:35 - httpx - INFO - _send_single_request:1025 - HTTP Request: HEAD https://huggingface.co/api/resolve-cache/models/sentence-transformers/all-MiniLM-L6-v2/c9745ed1d9f207416be6d2e6f8de32d1f16199bf/sentence_bert_config.json "HTTP/1.1 200 OK"
2026-02-06 22:20:35 - httpx - INFO - _send_single_request:1025 - HTTP Request: HEAD https://huggingface.co/sentence-transformers/all-MiniLM-L6-v2/resolve/main/modules.json "HTTP/1.1 307 Temporary Redirect"
2026-02-06 22:20:35 - httpx - INFO - _send_single_request:1025 - HTTP Request: HEAD https://huggingface.co/api/resolve-cache/models/sentence-transformers/all-MiniLM-L6-v2/c9745ed1d9f207416be6d2e6f8de32d1f16199bf/modules.json "HTTP/1.1 200 OK"
2026-02-06 22:20:35 - httpx - INFO - _send_single_request:1025 - HTTP Request: HEAD https://huggingface.co/sentence-transformers/all-MiniLM-L6-v2/resolve/main/adapter_config.json "HTTP/1.1 404 Not Found"
2026-02-06 22:20:36 - httpx - INFO - _send_single_request:1025 - HTTP Request: HEAD https://huggingface.co/sentence-transformers/all-MiniLM-L6-v2/resolve/main/sentence_bert_config.json "HTTP/1.1 307 Temporary Redirect"
2026-02-06 22:20:36 - httpx - INFO - _send_single_request:1025 - HTTP Request: HEAD https://huggingface.co/sentence-transformers/all-MiniLM-L6-v2/resolve/main/config.json "HTTP/1.1 307 Temporary Redirect"
2026-02-06 22:20:36 - httpx - INFO - _send_single_request:1025 - HTTP Request: HEAD https://huggingface.co/api/resolve-cache/models/sentence-transformers/all-MiniLM-L6-v2/c9745ed1d9f207416be6d2e6f8de32d1f16199bf/sentence_bert_config.json "HTTP/1.1 200 OK"
2026-02-06 22:20:36 - httpx - INFO - _send_single_request:1025 - HTTP Request: HEAD https://huggingface.co/api/resolve-cache/models/sentence-transformers/all-MiniLM-L6-v2/c9745ed1d9f207416be6d2e6f8de32d1f16199bf/config.json "HTTP/1.1 200 OK"
2026-02-06 22:20:36 - httpx - INFO - _send_single_request:1025 - HTTP Request: GET https://huggingface.co/api/models/sentence-transformers/all-MiniLM-L6-v2 "HTTP/1.1 200 OK"
2026-02-06 22:20:36 - app.services.deduplicator - INFO - __init__:20 - Deduplicator loaded on cpu
2026-02-06 22:20:36 - uvicorn.error - INFO - _serve:84 - Started server process [17076]
2026-02-06 22:20:36 - uvicorn.error - INFO - startup:48 - Waiting for application startup.
2026-02-06 22:20:36 - app.main - INFO - startup_event:50 - Background News Scraper Started
2026-02-06 22:20:36 - jobs - INFO - init_db:15 - Initializing database...
2026-02-06 22:20:36 - jobs - INFO - run_scraper_loop:25 - Starting Newsroom Ingestion Cycle #1 at 2026-02-06 22:20:36.256982
2026-02-06 22:20:36 - jobs - INFO - run_scraper_loop:30 - Scraping source: Reuters
2026-02-06 22:20:36 - app.services.scraper_v2 - INFO - get_links:108 - Scraping feed: https://www.reuters.com/world/
2026-02-06 22:20:36 - uvicorn.error - INFO - startup:62 - Application startup complete.
2026-02-06 22:20:36 - httpx - INFO - _send_single_request:1025 - HTTP Request: HEAD https://huggingface.co/sentence-transformers/all-MiniLM-L6-v2/resolve/main/adapter_config.json "HTTP/1.1 404 Not Found"
2026-02-06 22:20:36 - httpx - INFO - _send_single_request:1025 - HTTP Request: HEAD https://huggingface.co/sentence-transformers/all-MiniLM-L6-v2/resolve/main/config.json "HTTP/1.1 307 Temporary Redirect"
2026-02-06 22:20:36 - httpx - INFO - _send_single_request:1025 - HTTP Request: HEAD https://huggingface.co/sentence-transformers/all-MiniLM-L6-v2/resolve/main/config.json "HTTP/1.1 307 Temporary Redirect"
2026-02-06 22:20:36 - httpx - INFO - _send_single_request:1025 - HTTP Request: HEAD https://huggingface.co/api/resolve-cache/models/sentence-transformers/all-MiniLM-L6-v2/c9745ed1d9f207416be6d2e6f8de32d1f16199bf/config.json "HTTP/1.1 200 OK"
2026-02-06 22:20:36 - httpx - INFO - _send_single_request:1025 - HTTP Request: HEAD https://huggingface.co/sentence-transformers/all-MiniLM-L6-v2/resolve/main/tokenizer_config.json "HTTP/1.1 307 Temporary Redirect"
2026-02-06 22:20:36 - httpx - INFO - _send_single_request:1025 - HTTP Request: HEAD https://huggingface.co/api/resolve-cache/models/sentence-transformers/all-MiniLM-L6-v2/c9745ed1d9f207416be6d2e6f8de32d1f16199bf/tokenizer_config.json "HTTP/1.1 200 OK"
2026-02-06 22:20:37 - httpx - INFO - _send_single_request:1025 - HTTP Request: HEAD https://huggingface.co/api/resolve-cache/models/sentence-transformers/all-MiniLM-L6-v2/c9745ed1d9f207416be6d2e6f8de32d1f16199bf/config.json "HTTP/1.1 200 OK"
2026-02-06 22:20:37 - httpx - INFO - _send_single_request:1025 - HTTP Request: GET https://huggingface.co/api/models/sentence-transformers/all-MiniLM-L6-v2/tree/main/additional_chat_templates?recursive=false&expand=false "HTTP/1.1 404 Not Found"
2026-02-06 22:20:37 - httpx - INFO - _send_single_request:1025 - HTTP Request: GET https://huggingface.co/api/models/sentence-transformers/all-MiniLM-L6-v2/tree/main?recursive=true&expand=false "HTTP/1.1 200 OK"
2026-02-06 22:20:37 - httpx - INFO - _send_single_request:1025 - HTTP Request: HEAD https://huggingface.co/sentence-transformers/all-MiniLM-L6-v2/resolve/main/config.json "HTTP/1.1 307 Temporary Redirect"
2026-02-06 22:20:37 - httpx - INFO - _send_single_request:1025 - HTTP Request: HEAD https://huggingface.co/api/resolve-cache/models/sentence-transformers/all-MiniLM-L6-v2/c9745ed1d9f207416be6d2e6f8de32d1f16199bf/config.json "HTTP/1.1 200 OK"
2026-02-06 22:20:37 - httpx - INFO - _send_single_request:1025 - HTTP Request: HEAD https://huggingface.co/sentence-transformers/all-MiniLM-L6-v2/resolve/main/tokenizer_config.json "HTTP/1.1 307 Temporary Redirect"
2026-02-06 22:20:37 - httpx - INFO - _send_single_request:1025 - HTTP Request: HEAD https://huggingface.co/api/resolve-cache/models/sentence-transformers/all-MiniLM-L6-v2/c9745ed1d9f207416be6d2e6f8de32d1f16199bf/tokenizer_config.json "HTTP/1.1 200 OK"
2026-02-06 22:20:37 - httpx - INFO - _send_single_request:1025 - HTTP Request: HEAD https://huggingface.co/sentence-transformers/all-MiniLM-L6-v2/resolve/main/1_Pooling/config.json "HTTP/1.1 307 Temporary Redirect"
2026-02-06 22:20:37 - httpx - INFO - _send_single_request:1025 - HTTP Request: HEAD https://huggingface.co/api/resolve-cache/models/sentence-transformers/all-MiniLM-L6-v2/c9745ed1d9f207416be6d2e6f8de32d1f16199bf/1_Pooling%2Fconfig.json "HTTP/1.1 200 OK"
2026-02-06 22:20:38 - httpx - INFO - _send_single_request:1025 - HTTP Request: GET https://huggingface.co/api/models/sentence-transformers/all-MiniLM-L6-v2 "HTTP/1.1 200 OK"
2026-02-06 22:20:38 - app.services.deduplicator - INFO - __init__:20 - Deduplicator loaded on cpu
2026-02-06 22:20:38 - uvicorn.error - INFO - _serve:84 - Started server process [448]
2026-02-06 22:20:38 - uvicorn.error - INFO - startup:48 - Waiting for application startup.
2026-02-06 22:20:38 - app.main - INFO - startup_event:50 - Background News Scraper Started
2026-02-06 22:20:38 - jobs - INFO - init_db:15 - Initializing database...
2026-02-06 22:20:38 - jobs - INFO - run_scraper_loop:25 - Starting Newsroom Ingestion Cycle #1 at 2026-02-06 22:20:38.138131
2026-02-06 22:20:38 - jobs - INFO - run_scraper_loop:30 - Scraping source: Reuters
2026-02-06 22:20:38 - app.services.scraper_v2 - INFO - get_links:108 - Scraping feed: https://www.reuters.com/world/
2026-02-06 22:20:38 - uvicorn.error - INFO - startup:62 - Application startup complete.
2026-02-06 22:20:38 - app.services.scraper_v2 - INFO - get_links:108 - Scraping feed: https://www.reuters.com/business/
2026-02-06 22:20:38 - httpx - INFO - _send_single_request:1025 - HTTP Request: GET https://huggingface.co/api/models/sentence-transformers/all-MiniLM-L6-v2/tree/main/additional_chat_templates?recursive=false&expand=false "HTTP/1.1 404 Not Found"
2026-02-06 22:20:39 - httpx - INFO - _send_single_request:1025 - HTTP Request: GET https://huggingface.co/api/models/sentence-transformers/all-MiniLM-L6-v2/tree/main?recursive=true&expand=false "HTTP/1.1 200 OK"
2026-02-06 22:20:39 - httpx - INFO - _send_single_request:1025 - HTTP Request: HEAD https://huggingface.co/sentence-transformers/all-MiniLM-L6-v2/resolve/main/1_Pooling/config.json "HTTP/1.1 307 Temporary Redirect"
2026-02-06 22:20:39 - httpx - INFO - _send_single_request:1025 - HTTP Request: HEAD https://huggingface.co/api/resolve-cache/models/sentence-transformers/all-MiniLM-L6-v2/c9745ed1d9f207416be6d2e6f8de32d1f16199bf/1_Pooling%2Fconfig.json "HTTP/1.1 200 OK"
2026-02-06 22:20:39 - httpx - INFO - _send_single_request:1025 - HTTP Request: GET https://huggingface.co/api/models/sentence-transformers/all-MiniLM-L6-v2 "HTTP/1.1 200 OK"
2026-02-06 22:20:39 - app.services.deduplicator - INFO - __init__:20 - Deduplicator loaded on cpu
2026-02-06 22:20:39 - uvicorn.error - INFO - _serve:84 - Started server process [12652]
2026-02-06 22:20:39 - uvicorn.error - INFO - startup:48 - Waiting for application startup.
2026-02-06 22:20:39 - app.main - INFO - startup_event:50 - Background News Scraper Started
2026-02-06 22:20:39 - jobs - INFO - init_db:15 - Initializing database...
2026-02-06 22:20:39 - jobs - INFO - run_scraper_loop:25 - Starting Newsroom Ingestion Cycle #1 at 2026-02-06 22:20:39.821884
2026-02-06 22:20:39 - jobs - INFO - run_scraper_loop:30 - Scraping source: Reuters
2026-02-06 22:20:39 - app.services.scraper_v2 - INFO - get_links:108 - Scraping feed: https://www.reuters.com/world/
2026-02-06 22:20:39 - uvicorn.error - INFO - startup:62 - Application startup complete.
2026-02-06 22:20:40 - app.services.scraper_v2 - INFO - get_links:108 - Scraping feed: https://www.reuters.com/business/
2026-02-06 22:20:40 - app.services.scraper_v2 - INFO - get_links:108 - Scraping feed: https://www.reuters.com/technology/
2026-02-06 22:20:42 - app.services.scraper_v2 - INFO - get_links:108 - Scraping feed: https://www.reuters.com/business/
2026-02-06 22:20:42 - app.services.scraper_v2 - INFO - get_links:108 - Scraping feed: https://www.reuters.com/science/
2026-02-06 22:20:42 - app.services.scraper_v2 - INFO - get_links:108 - Scraping feed: https://www.reuters.com/technology/
2026-02-06 22:20:43 - app.services.scraper_v2 - INFO - get_links:108 - Scraping feed: https://www.reuters.com/technology/
2026-02-06 22:20:44 - app.services.scraper_v2 - INFO - get_links:108 - Scraping feed: https://www.reuters.com/science/
2026-02-06 22:20:45 - app.services.scraper_v2 - INFO - get_links:108 - Scraping feed: https://www.reuters.com/science/
2026-02-06 22:20:46 - jobs - INFO - run_scraper_loop:30 - Scraping source: Associated Press
2026-02-06 22:20:46 - app.services.scraper_v2 - INFO - get_links:108 - Scraping feed: https://apnews.com/hub/politics
2026-02-06 22:20:46 - jobs - INFO - run_scraper_loop:30 - Scraping source: Associated Press
2026-02-06 22:20:46 - app.services.scraper_v2 - INFO - get_links:108 - Scraping feed: https://apnews.com/hub/politics
2026-02-06 22:20:47 - jobs - INFO - run_scraper_loop:30 - Scraping source: Associated Press
2026-02-06 22:20:47 - app.services.scraper_v2 - INFO - get_links:108 - Scraping feed: https://apnews.com/hub/politics
2026-02-06 22:21:01 - app.services.scraper_v2 - INFO - get_links:108 - Scraping feed: https://apnews.com/hub/health
2026-02-06 22:21:08 - app.services.scraper_v2 - INFO - get_links:108 - Scraping feed: https://apnews.com/hub/business
2026-02-06 22:21:16 - app.services.scraper_v2 - INFO - get_links:108 - Scraping feed: https://apnews.com/hub/business
2026-02-06 22:21:17 - app.services.scraper_v2 - INFO - get_links:108 - Scraping feed: https://apnews.com/hub/business
2026-02-06 22:21:19 - app.services.scraper_v2 - INFO - get_links:108 - Scraping feed: https://apnews.com/hub/business
2026-02-06 22:21:38 - app.core.logging - INFO - setup_logging:70 - Logging system initialized
2026-02-06 22:21:44 - app.services.scraper_v2 - INFO - get_links:108 - Scraping feed: https://apnews.com/hub/science
2026-02-06 22:21:44 - app.services.scraper_v2 - INFO - get_links:108 - Scraping feed: https://apnews.com/hub/science
2026-02-06 22:21:45 - sentence_transformers.SentenceTransformer - INFO - __init__:219 - Use pytorch device_name: cpu
2026-02-06 22:21:45 - sentence_transformers.SentenceTransformer - INFO - __init__:227 - Load pretrained SentenceTransformer: all-MiniLM-L6-v2
2026-02-06 22:21:46 - httpx - INFO - _send_single_request:1025 - HTTP Request: HEAD https://huggingface.co/sentence-transformers/all-MiniLM-L6-v2/resolve/main/modules.json "HTTP/1.1 307 Temporary Redirect"
2026-02-06 22:21:47 - httpx - INFO - _send_single_request:1025 - HTTP Request: HEAD https://huggingface.co/api/resolve-cache/models/sentence-transformers/all-MiniLM-L6-v2/c9745ed1d9f207416be6d2e6f8de32d1f16199bf/modules.json "HTTP/1.1 200 OK"
2026-02-06 22:21:47 - httpx - INFO - _send_single_request:1025 - HTTP Request: HEAD https://huggingface.co/sentence-transformers/all-MiniLM-L6-v2/resolve/main/config_sentence_transformers.json "HTTP/1.1 307 Temporary Redirect"
2026-02-06 22:21:47 - httpx - INFO - _send_single_request:1025 - HTTP Request: HEAD https://huggingface.co/api/resolve-cache/models/sentence-transformers/all-MiniLM-L6-v2/c9745ed1d9f207416be6d2e6f8de32d1f16199bf/config_sentence_transformers.json "HTTP/1.1 200 OK"
2026-02-06 22:21:48 - httpx - INFO - _send_single_request:1025 - HTTP Request: HEAD https://huggingface.co/sentence-transformers/all-MiniLM-L6-v2/resolve/main/config_sentence_transformers.json "HTTP/1.1 307 Temporary Redirect"
2026-02-06 22:21:48 - httpx - INFO - _send_single_request:1025 - HTTP Request: HEAD https://huggingface.co/api/resolve-cache/models/sentence-transformers/all-MiniLM-L6-v2/c9745ed1d9f207416be6d2e6f8de32d1f16199bf/config_sentence_transformers.json "HTTP/1.1 200 OK"
2026-02-06 22:21:48 - httpx - INFO - _send_single_request:1025 - HTTP Request: HEAD https://huggingface.co/sentence-transformers/all-MiniLM-L6-v2/resolve/main/README.md "HTTP/1.1 307 Temporary Redirect"
2026-02-06 22:21:48 - huggingface_hub.utils._http - WARNING - _warn_on_warning_headers:779 - Warning: You are sending unauthenticated requests to the HF Hub. Please set a HF_TOKEN to enable higher rate limits and faster downloads.
2026-02-06 22:21:48 - app.services.scraper_v2 - INFO - get_links:108 - Scraping feed: https://apnews.com/hub/science
2026-02-06 22:21:49 - httpx - INFO - _send_single_request:1025 - HTTP Request: HEAD https://huggingface.co/api/resolve-cache/models/sentence-transformers/all-MiniLM-L6-v2/c9745ed1d9f207416be6d2e6f8de32d1f16199bf/README.md "HTTP/1.1 200 OK"
2026-02-06 22:21:49 - httpx - INFO - _send_single_request:1025 - HTTP Request: HEAD https://huggingface.co/sentence-transformers/all-MiniLM-L6-v2/resolve/main/modules.json "HTTP/1.1 307 Temporary Redirect"
2026-02-06 22:21:49 - httpx - INFO - _send_single_request:1025 - HTTP Request: HEAD https://huggingface.co/api/resolve-cache/models/sentence-transformers/all-MiniLM-L6-v2/c9745ed1d9f207416be6d2e6f8de32d1f16199bf/modules.json "HTTP/1.1 200 OK"
2026-02-06 22:21:49 - httpx - INFO - _send_single_request:1025 - HTTP Request: HEAD https://huggingface.co/sentence-transformers/all-MiniLM-L6-v2/resolve/main/sentence_bert_config.json "HTTP/1.1 307 Temporary Redirect"
2026-02-06 22:21:49 - httpx - INFO - _send_single_request:1025 - HTTP Request: HEAD https://huggingface.co/api/resolve-cache/models/sentence-transformers/all-MiniLM-L6-v2/c9745ed1d9f207416be6d2e6f8de32d1f16199bf/sentence_bert_config.json "HTTP/1.1 200 OK"
2026-02-06 22:21:50 - httpx - INFO - _send_single_request:1025 - HTTP Request: HEAD https://huggingface.co/sentence-transformers/all-MiniLM-L6-v2/resolve/main/adapter_config.json "HTTP/1.1 404 Not Found"
2026-02-06 22:21:50 - httpx - INFO - _send_single_request:1025 - HTTP Request: HEAD https://huggingface.co/sentence-transformers/all-MiniLM-L6-v2/resolve/main/config.json "HTTP/1.1 307 Temporary Redirect"
2026-02-06 22:21:50 - httpx - INFO - _send_single_request:1025 - HTTP Request: HEAD https://huggingface.co/api/resolve-cache/models/sentence-transformers/all-MiniLM-L6-v2/c9745ed1d9f207416be6d2e6f8de32d1f16199bf/config.json "HTTP/1.1 200 OK"
2026-02-06 22:21:51 - httpx - INFO - _send_single_request:1025 - HTTP Request: HEAD https://huggingface.co/sentence-transformers/all-MiniLM-L6-v2/resolve/main/config.json "HTTP/1.1 307 Temporary Redirect"
2026-02-06 22:21:51 - httpx - INFO - _send_single_request:1025 - HTTP Request: HEAD https://huggingface.co/api/resolve-cache/models/sentence-transformers/all-MiniLM-L6-v2/c9745ed1d9f207416be6d2e6f8de32d1f16199bf/config.json "HTTP/1.1 200 OK"
2026-02-06 22:21:51 - httpx - INFO - _send_single_request:1025 - HTTP Request: HEAD https://huggingface.co/sentence-transformers/all-MiniLM-L6-v2/resolve/main/tokenizer_config.json "HTTP/1.1 307 Temporary Redirect"
2026-02-06 22:21:51 - httpx - INFO - _send_single_request:1025 - HTTP Request: HEAD https://huggingface.co/api/resolve-cache/models/sentence-transformers/all-MiniLM-L6-v2/c9745ed1d9f207416be6d2e6f8de32d1f16199bf/tokenizer_config.json "HTTP/1.1 200 OK"
2026-02-06 22:21:52 - httpx - INFO - _send_single_request:1025 - HTTP Request: GET https://huggingface.co/api/models/sentence-transformers/all-MiniLM-L6-v2/tree/main/additional_chat_templates?recursive=false&expand=false "HTTP/1.1 404 Not Found"
2026-02-06 22:21:52 - httpx - INFO - _send_single_request:1025 - HTTP Request: GET https://huggingface.co/api/models/sentence-transformers/all-MiniLM-L6-v2/tree/main?recursive=true&expand=false "HTTP/1.1 200 OK"
2026-02-06 22:21:53 - httpx - INFO - _send_single_request:1025 - HTTP Request: HEAD https://huggingface.co/sentence-transformers/all-MiniLM-L6-v2/resolve/main/1_Pooling/config.json "HTTP/1.1 307 Temporary Redirect"
2026-02-06 22:21:53 - httpx - INFO - _send_single_request:1025 - HTTP Request: HEAD https://huggingface.co/api/resolve-cache/models/sentence-transformers/all-MiniLM-L6-v2/c9745ed1d9f207416be6d2e6f8de32d1f16199bf/1_Pooling%2Fconfig.json "HTTP/1.1 200 OK"
2026-02-06 22:21:53 - httpx - INFO - _send_single_request:1025 - HTTP Request: GET https://huggingface.co/api/models/sentence-transformers/all-MiniLM-L6-v2 "HTTP/1.1 200 OK"
2026-02-06 22:21:53 - app.services.deduplicator - INFO - __init__:20 - Deduplicator loaded on cpu
2026-02-06 22:21:53 - uvicorn.error - INFO - _serve:84 - Started server process [9992]
2026-02-06 22:21:53 - uvicorn.error - INFO - startup:48 - Waiting for application startup.
2026-02-06 22:21:53 - app.main - INFO - startup_event:50 - Background News Scraper Started
2026-02-06 22:21:53 - jobs - INFO - init_db:15 - Initializing database...
2026-02-06 22:21:53 - jobs - INFO - run_scraper_loop:25 - Starting Newsroom Ingestion Cycle #1 at 2026-02-06 22:21:53.550533
2026-02-06 22:21:53 - jobs - INFO - run_scraper_loop:30 - Scraping source: Reuters
2026-02-06 22:21:53 - app.services.scraper_v2 - INFO - get_links:108 - Scraping feed: https://www.reuters.com/world/
2026-02-06 22:21:53 - uvicorn.error - INFO - startup:62 - Application startup complete.
2026-02-06 22:21:53 - uvicorn.error - ERROR - send:134 - Traceback (most recent call last):
  File "C:\Users\binod\AppData\Local\Programs\Python\Python314\Lib\asyncio\runners.py", line 127, in run
    return self._loop.run_until_complete(task)
           ~~~~~~~~~~~~~~~~~~~~~~~~~~~~~^^^^^^
  File "C:\Users\binod\AppData\Local\Programs\Python\Python314\Lib\asyncio\base_events.py", line 719, in run_until_complete
    return future.result()
           ~~~~~~~~~~~~~^^
asyncio.exceptions.CancelledError

During handling of the above exception, another exception occurred:

Traceback (most recent call last):
  File "C:\Users\binod\AppData\Local\Programs\Python\Python314\Lib\asyncio\runners.py", line 204, in run
    return runner.run(main)
           ~~~~~~~~~~^^^^^^
  File "C:\Users\binod\AppData\Local\Programs\Python\Python314\Lib\asyncio\runners.py", line 132, in run
    raise KeyboardInterrupt()
KeyboardInterrupt

During handling of the above exception, another exception occurred:

Traceback (most recent call last):
  File "C:\Users\binod\AppData\Local\Programs\Python\Python314\Lib\site-packages\starlette\routing.py", line 701, in lifespan
    await receive()
  File "C:\Users\binod\AppData\Local\Programs\Python\Python314\Lib\site-packages\uvicorn\lifespan\on.py", line 137, in receive
    return await self.receive_queue.get()
           ^^^^^^^^^^^^^^^^^^^^^^^^^^^^^^
  File "C:\Users\binod\AppData\Local\Programs\Python\Python314\Lib\asyncio\queues.py", line 186, in get
    await getter
asyncio.exceptions.CancelledError

2026-02-06 22:21:53 - app.services.scraper_v2 - INFO - get_links:108 - Scraping feed: https://apnews.com/hub/science
2026-02-06 22:21:57 - app.services.scraper_v2 - INFO - get_links:108 - Scraping feed: https://www.reuters.com/business/
2026-02-06 22:22:00 - app.services.scraper_v2 - INFO - get_links:108 - Scraping feed: https://www.reuters.com/technology/
2026-02-06 22:22:02 - app.services.scraper_v2 - INFO - get_links:108 - Scraping feed: https://www.reuters.com/science/
2026-02-06 22:22:09 - app.core.logging - INFO - setup_logging:70 - Logging system initialized
2026-02-06 22:22:16 - sentence_transformers.SentenceTransformer - INFO - __init__:219 - Use pytorch device_name: cpu
2026-02-06 22:22:16 - sentence_transformers.SentenceTransformer - INFO - __init__:227 - Load pretrained SentenceTransformer: all-MiniLM-L6-v2
2026-02-06 22:22:17 - httpx - INFO - _send_single_request:1025 - HTTP Request: HEAD https://huggingface.co/sentence-transformers/all-MiniLM-L6-v2/resolve/main/modules.json "HTTP/1.1 307 Temporary Redirect"
2026-02-06 22:22:17 - httpx - INFO - _send_single_request:1025 - HTTP Request: HEAD https://huggingface.co/api/resolve-cache/models/sentence-transformers/all-MiniLM-L6-v2/c9745ed1d9f207416be6d2e6f8de32d1f16199bf/modules.json "HTTP/1.1 200 OK"
2026-02-06 22:22:17 - httpx - INFO - _send_single_request:1025 - HTTP Request: HEAD https://huggingface.co/sentence-transformers/all-MiniLM-L6-v2/resolve/main/config_sentence_transformers.json "HTTP/1.1 307 Temporary Redirect"
2026-02-06 22:22:17 - httpx - INFO - _send_single_request:1025 - HTTP Request: HEAD https://huggingface.co/api/resolve-cache/models/sentence-transformers/all-MiniLM-L6-v2/c9745ed1d9f207416be6d2e6f8de32d1f16199bf/config_sentence_transformers.json "HTTP/1.1 200 OK"
2026-02-06 22:22:17 - httpx - INFO - _send_single_request:1025 - HTTP Request: HEAD https://huggingface.co/sentence-transformers/all-MiniLM-L6-v2/resolve/main/config_sentence_transformers.json "HTTP/1.1 307 Temporary Redirect"
2026-02-06 22:22:18 - httpx - INFO - _send_single_request:1025 - HTTP Request: HEAD https://huggingface.co/api/resolve-cache/models/sentence-transformers/all-MiniLM-L6-v2/c9745ed1d9f207416be6d2e6f8de32d1f16199bf/config_sentence_transformers.json "HTTP/1.1 200 OK"
2026-02-06 22:22:18 - app.services.scraper_v2 - INFO - get_links:108 - Scraping feed: https://apnews.com/hub/health
2026-02-06 22:22:18 - httpx - INFO - _send_single_request:1025 - HTTP Request: HEAD https://huggingface.co/sentence-transformers/all-MiniLM-L6-v2/resolve/main/README.md "HTTP/1.1 307 Temporary Redirect"
2026-02-06 22:22:18 - httpx - INFO - _send_single_request:1025 - HTTP Request: HEAD https://huggingface.co/api/resolve-cache/models/sentence-transformers/all-MiniLM-L6-v2/c9745ed1d9f207416be6d2e6f8de32d1f16199bf/README.md "HTTP/1.1 200 OK"
2026-02-06 22:22:18 - httpx - INFO - _send_single_request:1025 - HTTP Request: HEAD https://huggingface.co/sentence-transformers/all-MiniLM-L6-v2/resolve/main/modules.json "HTTP/1.1 307 Temporary Redirect"
2026-02-06 22:22:18 - httpx - INFO - _send_single_request:1025 - HTTP Request: HEAD https://huggingface.co/api/resolve-cache/models/sentence-transformers/all-MiniLM-L6-v2/c9745ed1d9f207416be6d2e6f8de32d1f16199bf/modules.json "HTTP/1.1 200 OK"
2026-02-06 22:22:18 - httpx - INFO - _send_single_request:1025 - HTTP Request: HEAD https://huggingface.co/sentence-transformers/all-MiniLM-L6-v2/resolve/main/sentence_bert_config.json "HTTP/1.1 307 Temporary Redirect"
2026-02-06 22:22:18 - httpx - INFO - _send_single_request:1025 - HTTP Request: HEAD https://huggingface.co/api/resolve-cache/models/sentence-transformers/all-MiniLM-L6-v2/c9745ed1d9f207416be6d2e6f8de32d1f16199bf/sentence_bert_config.json "HTTP/1.1 200 OK"
2026-02-06 22:22:19 - app.services.scraper_v2 - INFO - get_links:108 - Scraping feed: https://apnews.com/hub/health
2026-02-06 22:22:19 - httpx - INFO - _send_single_request:1025 - HTTP Request: HEAD https://huggingface.co/sentence-transformers/all-MiniLM-L6-v2/resolve/main/adapter_config.json "HTTP/1.1 404 Not Found"
2026-02-06 22:22:19 - httpx - INFO - _send_single_request:1025 - HTTP Request: HEAD https://huggingface.co/sentence-transformers/all-MiniLM-L6-v2/resolve/main/config.json "HTTP/1.1 307 Temporary Redirect"
2026-02-06 22:22:19 - httpx - INFO - _send_single_request:1025 - HTTP Request: HEAD https://huggingface.co/api/resolve-cache/models/sentence-transformers/all-MiniLM-L6-v2/c9745ed1d9f207416be6d2e6f8de32d1f16199bf/config.json "HTTP/1.1 200 OK"
2026-02-06 22:22:20 - httpx - INFO - _send_single_request:1025 - HTTP Request: HEAD https://huggingface.co/sentence-transformers/all-MiniLM-L6-v2/resolve/main/config.json "HTTP/1.1 307 Temporary Redirect"
2026-02-06 22:22:20 - app.services.scraper_v2 - INFO - get_links:108 - Scraping feed: https://apnews.com/hub/health
2026-02-06 22:22:20 - httpx - INFO - _send_single_request:1025 - HTTP Request: HEAD https://huggingface.co/api/resolve-cache/models/sentence-transformers/all-MiniLM-L6-v2/c9745ed1d9f207416be6d2e6f8de32d1f16199bf/config.json "HTTP/1.1 200 OK"
2026-02-06 22:22:20 - httpx - INFO - _send_single_request:1025 - HTTP Request: HEAD https://huggingface.co/sentence-transformers/all-MiniLM-L6-v2/resolve/main/tokenizer_config.json "HTTP/1.1 307 Temporary Redirect"
2026-02-06 22:22:20 - httpx - INFO - _send_single_request:1025 - HTTP Request: HEAD https://huggingface.co/api/resolve-cache/models/sentence-transformers/all-MiniLM-L6-v2/c9745ed1d9f207416be6d2e6f8de32d1f16199bf/tokenizer_config.json "HTTP/1.1 200 OK"
2026-02-06 22:22:20 - httpx - INFO - _send_single_request:1025 - HTTP Request: GET https://huggingface.co/api/models/sentence-transformers/all-MiniLM-L6-v2/tree/main/additional_chat_templates?recursive=false&expand=false "HTTP/1.1 404 Not Found"
2026-02-06 22:22:21 - httpx - INFO - _send_single_request:1025 - HTTP Request: GET https://huggingface.co/api/models/sentence-transformers/all-MiniLM-L6-v2/tree/main?recursive=true&expand=false "HTTP/1.1 200 OK"
2026-02-06 22:22:22 - httpx - INFO - _send_single_request:1025 - HTTP Request: HEAD https://huggingface.co/sentence-transformers/all-MiniLM-L6-v2/resolve/main/1_Pooling/config.json "HTTP/1.1 307 Temporary Redirect"
2026-02-06 22:22:22 - httpx - INFO - _send_single_request:1025 - HTTP Request: HEAD https://huggingface.co/api/resolve-cache/models/sentence-transformers/all-MiniLM-L6-v2/c9745ed1d9f207416be6d2e6f8de32d1f16199bf/1_Pooling%2Fconfig.json "HTTP/1.1 200 OK"
2026-02-06 22:22:22 - httpx - INFO - _send_single_request:1025 - HTTP Request: GET https://huggingface.co/api/models/sentence-transformers/all-MiniLM-L6-v2 "HTTP/1.1 200 OK"
2026-02-06 22:22:22 - app.services.deduplicator - INFO - __init__:20 - Deduplicator loaded on cpu
2026-02-06 22:22:22 - uvicorn.error - INFO - _serve:84 - Started server process [4032]
2026-02-06 22:22:22 - uvicorn.error - INFO - startup:48 - Waiting for application startup.
2026-02-06 22:22:22 - app.main - INFO - startup_event:50 - Background News Scraper Started
2026-02-06 22:22:22 - jobs - INFO - init_db:15 - Initializing database...
2026-02-06 22:22:22 - jobs - INFO - run_scraper_loop:25 - Starting Newsroom Ingestion Cycle #1 at 2026-02-06 22:22:22.491211
2026-02-06 22:22:22 - jobs - INFO - run_scraper_loop:30 - Scraping source: Reuters
2026-02-06 22:22:22 - app.services.scraper_v2 - INFO - get_links:108 - Scraping feed: https://www.reuters.com/world/
2026-02-06 22:22:22 - uvicorn.error - INFO - startup:62 - Application startup complete.
2026-02-06 22:22:25 - app.services.scraper_v2 - INFO - get_links:108 - Scraping feed: https://www.reuters.com/business/
2026-02-06 22:22:28 - app.services.scraper_v2 - INFO - get_links:108 - Scraping feed: https://www.reuters.com/technology/
2026-02-06 22:22:31 - app.services.scraper_v2 - INFO - get_links:108 - Scraping feed: https://www.reuters.com/science/
2026-02-06 22:22:33 - app.services.scraper_v2 - INFO - get_links:108 - Scraping feed: https://apnews.com/hub/health
2026-02-06 22:22:34 - jobs - INFO - run_scraper_loop:30 - Scraping source: Associated Press
2026-02-06 22:22:34 - app.services.scraper_v2 - INFO - get_links:108 - Scraping feed: https://apnews.com/hub/politics
2026-02-06 22:22:48 - jobs - INFO - run_scraper_loop:30 - Scraping source: Bloomberg
2026-02-06 22:22:48 - app.services.scraper_v2 - INFO - get_links:108 - Scraping feed: https://www.bloomberg.com/technology
2026-02-06 22:22:49 - app.services.scraper_v2 - INFO - get_links:108 - Scraping feed: https://www.bloomberg.com/markets
2026-02-06 22:22:50 - app.services.scraper_v2 - INFO - get_links:108 - Scraping feed: https://www.bloomberg.com/politics
2026-02-06 22:22:51 - jobs - INFO - run_scraper_loop:30 - Scraping source: Bloomberg
2026-02-06 22:22:51 - app.services.scraper_v2 - INFO - get_links:108 - Scraping feed: https://www.bloomberg.com/technology
2026-02-06 22:22:52 - jobs - INFO - run_scraper_loop:30 - Scraping source: VentureBeat AI
2026-02-06 22:22:52 - app.services.scraper_v2 - INFO - get_links:108 - Scraping feed: https://venturebeat.com/category/ai/
2026-02-06 22:22:52 - app.services.scraper_v2 - INFO - get_links:108 - Scraping feed: https://www.bloomberg.com/markets
2026-02-06 22:22:53 - app.services.scraper_v2 - INFO - get_links:108 - Scraping feed: https://www.bloomberg.com/politics
2026-02-06 22:22:53 - jobs - INFO - run_scraper_loop:30 - Scraping source: Bloomberg
2026-02-06 22:22:53 - app.services.scraper_v2 - INFO - get_links:108 - Scraping feed: https://www.bloomberg.com/technology
2026-02-06 22:22:54 - jobs - INFO - run_scraper_loop:30 - Scraping source: VentureBeat AI
2026-02-06 22:22:54 - app.services.scraper_v2 - INFO - get_links:108 - Scraping feed: https://venturebeat.com/category/ai/
2026-02-06 22:22:54 - app.services.scraper_v2 - INFO - get_links:108 - Scraping feed: https://www.bloomberg.com/markets
2026-02-06 22:22:56 - app.services.scraper_v2 - INFO - get_links:108 - Scraping feed: https://www.bloomberg.com/politics
2026-02-06 22:22:56 - jobs - INFO - run_scraper_loop:30 - Scraping source: VentureBeat AI
2026-02-06 22:22:56 - app.services.scraper_v2 - INFO - get_links:108 - Scraping feed: https://venturebeat.com/category/ai/
2026-02-06 22:22:57 - jobs - INFO - run_scraper_loop:30 - Scraping source: AI News
2026-02-06 22:22:57 - app.services.scraper_v2 - INFO - get_links:108 - Scraping feed: https://www.artificialintelligence-news.com/
2026-02-06 22:23:00 - app.services.scraper_v2 - ERROR - get_links:127 - Failed to scrape feed https://www.artificialintelligence-news.com/: ('Connection aborted.', RemoteDisconnected('Remote end closed connection without response'))
2026-02-06 22:23:00 - jobs - INFO - run_scraper_loop:30 - Scraping source: Sifted
2026-02-06 22:23:00 - app.services.scraper_v2 - INFO - get_links:108 - Scraping feed: https://sifted.eu/sections/artificial-intelligence/
2026-02-06 22:23:00 - app.services.scraper_v2 - INFO - get_links:108 - Scraping feed: https://sifted.eu/sections/startups/
2026-02-06 22:23:02 - jobs - INFO - run_scraper_loop:30 - Scraping source: Nature
2026-02-06 22:23:02 - app.services.scraper_v2 - INFO - get_links:108 - Scraping feed: https://www.nature.com/nature/articles?type=news
2026-02-06 22:23:06 - jobs - INFO - run_scraper_loop:30 - Scraping source: AI News
2026-02-06 22:23:06 - app.services.scraper_v2 - INFO - get_links:108 - Scraping feed: https://www.artificialintelligence-news.com/
2026-02-06 22:23:06 - jobs - INFO - run_scraper_loop:30 - Scraping source: AI News
2026-02-06 22:23:06 - app.services.scraper_v2 - INFO - get_links:108 - Scraping feed: https://www.artificialintelligence-news.com/
2026-02-06 22:23:06 - jobs - INFO - run_scraper_loop:30 - Scraping source: New Scientist
2026-02-06 22:23:06 - app.services.scraper_v2 - INFO - get_links:108 - Scraping feed: https://www.newscientist.com/section/news/
2026-02-06 22:23:07 - app.services.scraper_v2 - INFO - get_links:108 - Scraping feed: https://apnews.com/hub/business
2026-02-06 22:23:07 - app.services.scraper_v2 - ERROR - get_links:127 - Failed to scrape feed https://www.artificialintelligence-news.com/: ('Connection aborted.', RemoteDisconnected('Remote end closed connection without response'))
2026-02-06 22:23:07 - jobs - INFO - run_scraper_loop:30 - Scraping source: Sifted
2026-02-06 22:23:07 - app.services.scraper_v2 - INFO - get_links:108 - Scraping feed: https://sifted.eu/sections/artificial-intelligence/
2026-02-06 22:23:07 - app.services.scraper_v2 - ERROR - get_links:127 - Failed to scrape feed https://www.artificialintelligence-news.com/: ('Connection aborted.', RemoteDisconnected('Remote end closed connection without response'))
2026-02-06 22:23:07 - jobs - INFO - run_scraper_loop:30 - Scraping source: Sifted
2026-02-06 22:23:07 - app.services.scraper_v2 - INFO - get_links:108 - Scraping feed: https://sifted.eu/sections/artificial-intelligence/
2026-02-06 22:23:08 - app.services.scraper_v2 - INFO - get_links:108 - Scraping feed: https://sifted.eu/sections/startups/
2026-02-06 22:23:08 - app.services.scraper_v2 - INFO - get_links:108 - Scraping feed: https://sifted.eu/sections/startups/
2026-02-06 22:23:09 - jobs - INFO - run_scraper_loop:30 - Scraping source: Nature
2026-02-06 22:23:09 - app.services.scraper_v2 - INFO - get_links:108 - Scraping feed: https://www.nature.com/nature/articles?type=news
2026-02-06 22:23:09 - jobs - INFO - run_scraper_loop:30 - Scraping source: Nature
2026-02-06 22:23:09 - app.services.scraper_v2 - INFO - get_links:108 - Scraping feed: https://www.nature.com/nature/articles?type=news
2026-02-06 22:23:12 - jobs - INFO - run_scraper_loop:30 - Scraping source: New Scientist
2026-02-06 22:23:12 - app.services.scraper_v2 - INFO - get_links:108 - Scraping feed: https://www.newscientist.com/section/news/
2026-02-06 22:23:12 - jobs - INFO - run_scraper_loop:30 - Scraping source: New Scientist
2026-02-06 22:23:12 - app.services.scraper_v2 - INFO - get_links:108 - Scraping feed: https://www.newscientist.com/section/news/
2026-02-06 22:23:18 - jobs - INFO - run_scraper_loop:30 - Scraping source: Bloomberg
2026-02-06 22:23:18 - app.services.scraper_v2 - INFO - get_links:108 - Scraping feed: https://www.bloomberg.com/technology
2026-02-06 22:23:19 - app.services.scraper_v2 - INFO - get_links:108 - Scraping feed: https://www.bloomberg.com/markets
2026-02-06 22:23:20 - app.services.scraper_v2 - INFO - get_links:108 - Scraping feed: https://www.bloomberg.com/politics
2026-02-06 22:23:20 - jobs - INFO - run_scraper_loop:30 - Scraping source: VentureBeat AI
2026-02-06 22:23:20 - app.services.scraper_v2 - INFO - get_links:108 - Scraping feed: https://venturebeat.com/category/ai/
2026-02-06 22:23:26 - app.services.scraper_v2 - INFO - get_links:108 - Scraping feed: https://www.newscientist.com/subject/environment/
2026-02-06 22:23:28 - jobs - INFO - run_scraper_loop:30 - Scraping source: AI News
2026-02-06 22:23:28 - app.services.scraper_v2 - INFO - get_links:108 - Scraping feed: https://www.artificialintelligence-news.com/
2026-02-06 22:23:29 - app.services.scraper_v2 - INFO - get_links:108 - Scraping feed: https://www.newscientist.com/subject/environment/
2026-02-06 22:23:30 - app.services.scraper_v2 - INFO - get_links:108 - Scraping feed: https://www.newscientist.com/subject/environment/
2026-02-06 22:23:30 - app.services.scraper_v2 - ERROR - get_links:127 - Failed to scrape feed https://www.artificialintelligence-news.com/: ('Connection aborted.', RemoteDisconnected('Remote end closed connection without response'))
2026-02-06 22:23:30 - jobs - INFO - run_scraper_loop:30 - Scraping source: Sifted
2026-02-06 22:23:30 - app.services.scraper_v2 - INFO - get_links:108 - Scraping feed: https://sifted.eu/sections/artificial-intelligence/
2026-02-06 22:23:31 - app.services.scraper_v2 - INFO - get_links:108 - Scraping feed: https://sifted.eu/sections/startups/
2026-02-06 22:23:32 - jobs - INFO - run_scraper_loop:30 - Scraping source: Nature
2026-02-06 22:23:32 - app.services.scraper_v2 - INFO - get_links:108 - Scraping feed: https://www.nature.com/nature/articles?type=news
2026-02-06 22:23:33 - app.services.scraper_v2 - INFO - get_links:108 - Scraping feed: https://apnews.com/hub/science
2026-02-06 22:23:35 - jobs - INFO - run_scraper_loop:30 - Scraping source: New Scientist
2026-02-06 22:23:35 - app.services.scraper_v2 - INFO - get_links:108 - Scraping feed: https://www.newscientist.com/section/news/
2026-02-06 22:23:41 - jobs - INFO - run_scraper_loop:30 - Scraping source: EdSurge
2026-02-06 22:23:41 - app.services.scraper_v2 - INFO - get_links:108 - Scraping feed: https://www.edsurge.com/news
2026-02-06 22:23:43 - jobs - INFO - run_scraper_loop:30 - Scraping source: EdSurge
2026-02-06 22:23:43 - app.services.scraper_v2 - INFO - get_links:108 - Scraping feed: https://www.edsurge.com/news
2026-02-06 22:23:46 - jobs - INFO - run_scraper_loop:30 - Scraping source: EdSurge
2026-02-06 22:23:46 - app.services.scraper_v2 - INFO - get_links:108 - Scraping feed: https://www.edsurge.com/news
2026-02-06 22:23:53 - app.services.scraper_v2 - INFO - get_links:108 - Scraping feed: https://www.newscientist.com/subject/environment/
2026-02-06 22:24:10 - jobs - INFO - run_scraper_loop:30 - Scraping source: EdSurge
2026-02-06 22:24:10 - app.services.scraper_v2 - INFO - get_links:108 - Scraping feed: https://www.edsurge.com/news
2026-02-06 22:24:32 - jobs - INFO - run_scraper_loop:30 - Scraping source: Inside Higher Ed
2026-02-06 22:24:32 - app.services.scraper_v2 - INFO - get_links:108 - Scraping feed: https://www.insidehighered.com/news
2026-02-06 22:24:55 - jobs - INFO - run_scraper_loop:30 - Scraping source: The Guardian Environment
2026-02-06 22:24:55 - app.services.scraper_v2 - INFO - get_links:108 - Scraping feed: https://www.theguardian.com/environment
2026-02-06 22:25:21 - jobs - INFO - run_scraper_loop:30 - Scraping source: Grist
2026-02-06 22:25:21 - app.services.scraper_v2 - INFO - get_links:108 - Scraping feed: https://grist.org/news/
2026-02-06 22:25:23 - jobs - INFO - run_scraper_loop:30 - Scraping source: Mongabay
2026-02-06 22:25:23 - app.services.scraper_v2 - INFO - get_links:108 - Scraping feed: https://news.mongabay.com/
2026-02-06 22:25:24 - jobs - INFO - run_scraper_loop:30 - Scraping source: National Geographic
2026-02-06 22:25:24 - app.services.scraper_v2 - INFO - get_links:108 - Scraping feed: https://www.nationalgeographic.com/environment
2026-02-06 22:26:01 - jobs - INFO - run_scraper_loop:30 - Scraping source: The Hindu
2026-02-06 22:26:01 - app.services.scraper_v2 - INFO - get_links:108 - Scraping feed: https://www.thehindu.com/news/national/
2026-02-06 22:26:20 - app.services.scraper_v2 - INFO - get_links:108 - Scraping feed: https://www.thehindu.com/sci-tech/technology/
2026-02-06 22:26:20 - uvicorn.error - INFO - shutdown:265 - Shutting down
2026-02-06 22:26:20 - uvicorn.error - INFO - shutdown:67 - Waiting for application shutdown.
2026-02-06 22:26:20 - uvicorn.error - INFO - shutdown:78 - Application shutdown complete.
2026-02-06 22:26:20 - uvicorn.error - INFO - serve:86 - Finished server process [4856]
2026-02-06 22:26:33 - app.services.scraper_v2 - INFO - get_links:108 - Scraping feed: https://www.thehindu.com/sport/
2026-02-06 22:26:50 - app.core.logging - INFO - setup_logging:70 - Logging system initialized
2026-02-06 22:26:52 - uvicorn.error - INFO - serve:76 - Started server process [11164]
2026-02-06 22:26:52 - uvicorn.error - INFO - startup:48 - Waiting for application startup.
2026-02-06 22:26:52 - app.main - INFO - startup_event:50 - Background News Scraper Started
2026-02-06 22:26:52 - jobs - INFO - init_db:15 - Initializing database...
2026-02-06 22:26:52 - jobs - INFO - run_scraper_loop:25 - Starting Newsroom Ingestion Cycle #1 at 2026-02-06 22:26:52.235185
2026-02-06 22:26:52 - jobs - INFO - run_scraper_loop:30 - Scraping source: Reuters
2026-02-06 22:26:52 - app.services.scraper_v2 - INFO - get_links:108 - Scraping feed: https://www.reuters.com/world/
2026-02-06 22:26:52 - uvicorn.error - INFO - startup:62 - Application startup complete.
2026-02-06 22:26:57 - app.services.scraper_v2 - INFO - get_links:108 - Scraping feed: https://www.reuters.com/business/
2026-02-06 22:26:59 - app.services.scraper_v2 - INFO - get_links:108 - Scraping feed: https://www.reuters.com/technology/
2026-02-06 22:27:03 - app.services.scraper_v2 - INFO - get_links:108 - Scraping feed: https://www.reuters.com/science/
2026-02-06 22:27:06 - jobs - INFO - run_scraper_loop:30 - Scraping source: Associated Press
2026-02-06 22:27:06 - app.services.scraper_v2 - INFO - get_links:108 - Scraping feed: https://apnews.com/hub/politics
2026-02-06 22:27:38 - app.services.scraper_v2 - INFO - get_links:108 - Scraping feed: https://apnews.com/hub/business
2026-02-06 22:28:13 - app.services.scraper_v2 - INFO - get_links:108 - Scraping feed: https://apnews.com/hub/science
2026-02-06 22:28:13 - uvicorn.error - INFO - shutdown:265 - Shutting down
2026-02-06 22:28:13 - uvicorn.error - INFO - shutdown:67 - Waiting for application shutdown.
2026-02-06 22:28:13 - uvicorn.error - INFO - shutdown:78 - Application shutdown complete.
2026-02-06 22:28:13 - uvicorn.error - INFO - serve:86 - Finished server process [11164]
2026-02-06 22:28:42 - app.services.scraper_v2 - INFO - get_links:108 - Scraping feed: https://apnews.com/hub/health
2026-02-06 22:29:22 - app.core.logging - INFO - setup_logging:70 - Logging system initialized
2026-02-06 22:29:23 - uvicorn.error - INFO - serve:76 - Started server process [8472]
2026-02-06 22:29:23 - uvicorn.error - INFO - startup:48 - Waiting for application startup.
2026-02-06 22:29:23 - app.main - INFO - startup_event:50 - Background News Scraper Started
2026-02-06 22:29:23 - jobs - INFO - init_db:15 - Initializing database...
2026-02-06 22:29:23 - jobs - INFO - run_scraper_loop:25 - Starting Newsroom Ingestion Cycle #1 at 2026-02-06 22:29:23.646245
2026-02-06 22:29:23 - jobs - INFO - run_scraper_loop:30 - Scraping source: Reuters
2026-02-06 22:29:23 - app.services.scraper_v2 - INFO - get_links:108 - Scraping feed: https://www.reuters.com/world/
2026-02-06 22:29:23 - uvicorn.error - INFO - startup:62 - Application startup complete.
2026-02-06 22:29:27 - app.services.scraper_v2 - INFO - get_links:108 - Scraping feed: https://www.reuters.com/business/
2026-02-06 22:29:29 - app.services.scraper_v2 - INFO - get_links:108 - Scraping feed: https://www.reuters.com/technology/
2026-02-06 22:29:31 - app.services.scraper_v2 - INFO - get_links:108 - Scraping feed: https://www.reuters.com/science/
2026-02-06 22:29:34 - jobs - INFO - run_scraper_loop:30 - Scraping source: Associated Press
2026-02-06 22:29:34 - app.services.scraper_v2 - INFO - get_links:108 - Scraping feed: https://apnews.com/hub/politics
2026-02-06 22:30:07 - app.services.scraper_v2 - INFO - get_links:108 - Scraping feed: https://apnews.com/hub/business
2026-02-06 22:30:43 - app.services.scraper_v2 - INFO - get_links:108 - Scraping feed: https://apnews.com/hub/science
2026-02-06 22:31:13 - app.services.scraper_v2 - INFO - get_links:108 - Scraping feed: https://apnews.com/hub/health
2026-02-06 22:31:41 - jobs - INFO - run_scraper_loop:30 - Scraping source: Bloomberg
2026-02-06 22:31:41 - app.services.scraper_v2 - INFO - get_links:108 - Scraping feed: https://www.bloomberg.com/technology
2026-02-06 22:31:42 - app.services.scraper_v2 - INFO - get_links:108 - Scraping feed: https://www.bloomberg.com/markets
2026-02-06 22:31:42 - app.services.scraper_v2 - INFO - get_links:108 - Scraping feed: https://www.bloomberg.com/politics
2026-02-06 22:31:43 - jobs - INFO - run_scraper_loop:30 - Scraping source: VentureBeat AI
2026-02-06 22:31:43 - app.services.scraper_v2 - INFO - get_links:108 - Scraping feed: https://venturebeat.com/category/ai/
2026-02-07 09:07:19 - app.core.logging - INFO - setup_logging:70 - Logging system initialized
2026-02-07 09:09:01 - sentence_transformers.SentenceTransformer - INFO - __init__:219 - Use pytorch device_name: cpu
2026-02-07 09:09:01 - sentence_transformers.SentenceTransformer - INFO - __init__:227 - Load pretrained SentenceTransformer: all-MiniLM-L6-v2
2026-02-07 09:09:03 - httpx - INFO - _send_single_request:1025 - HTTP Request: HEAD https://huggingface.co/sentence-transformers/all-MiniLM-L6-v2/resolve/main/modules.json "HTTP/1.1 307 Temporary Redirect"
2026-02-07 09:09:03 - huggingface_hub.utils._http - WARNING - _warn_on_warning_headers:779 - Warning: You are sending unauthenticated requests to the HF Hub. Please set a HF_TOKEN to enable higher rate limits and faster downloads.
2026-02-07 09:09:03 - httpx - INFO - _send_single_request:1025 - HTTP Request: HEAD https://huggingface.co/api/resolve-cache/models/sentence-transformers/all-MiniLM-L6-v2/c9745ed1d9f207416be6d2e6f8de32d1f16199bf/modules.json "HTTP/1.1 200 OK"
2026-02-07 09:09:03 - httpx - INFO - _send_single_request:1025 - HTTP Request: HEAD https://huggingface.co/sentence-transformers/all-MiniLM-L6-v2/resolve/main/config_sentence_transformers.json "HTTP/1.1 307 Temporary Redirect"
2026-02-07 09:09:03 - httpx - INFO - _send_single_request:1025 - HTTP Request: HEAD https://huggingface.co/api/resolve-cache/models/sentence-transformers/all-MiniLM-L6-v2/c9745ed1d9f207416be6d2e6f8de32d1f16199bf/config_sentence_transformers.json "HTTP/1.1 200 OK"
2026-02-07 09:09:04 - httpx - INFO - _send_single_request:1025 - HTTP Request: HEAD https://huggingface.co/sentence-transformers/all-MiniLM-L6-v2/resolve/main/config_sentence_transformers.json "HTTP/1.1 307 Temporary Redirect"
2026-02-07 09:09:04 - httpx - INFO - _send_single_request:1025 - HTTP Request: HEAD https://huggingface.co/api/resolve-cache/models/sentence-transformers/all-MiniLM-L6-v2/c9745ed1d9f207416be6d2e6f8de32d1f16199bf/config_sentence_transformers.json "HTTP/1.1 200 OK"
2026-02-07 09:09:05 - httpx - INFO - _send_single_request:1025 - HTTP Request: HEAD https://huggingface.co/sentence-transformers/all-MiniLM-L6-v2/resolve/main/README.md "HTTP/1.1 307 Temporary Redirect"
2026-02-07 09:09:05 - httpx - INFO - _send_single_request:1025 - HTTP Request: HEAD https://huggingface.co/api/resolve-cache/models/sentence-transformers/all-MiniLM-L6-v2/c9745ed1d9f207416be6d2e6f8de32d1f16199bf/README.md "HTTP/1.1 200 OK"
2026-02-07 09:09:06 - httpx - INFO - _send_single_request:1025 - HTTP Request: HEAD https://huggingface.co/sentence-transformers/all-MiniLM-L6-v2/resolve/main/modules.json "HTTP/1.1 307 Temporary Redirect"
2026-02-07 09:09:06 - httpx - INFO - _send_single_request:1025 - HTTP Request: HEAD https://huggingface.co/api/resolve-cache/models/sentence-transformers/all-MiniLM-L6-v2/c9745ed1d9f207416be6d2e6f8de32d1f16199bf/modules.json "HTTP/1.1 200 OK"
2026-02-07 09:09:06 - httpx - INFO - _send_single_request:1025 - HTTP Request: HEAD https://huggingface.co/sentence-transformers/all-MiniLM-L6-v2/resolve/main/sentence_bert_config.json "HTTP/1.1 307 Temporary Redirect"
2026-02-07 09:09:06 - httpx - INFO - _send_single_request:1025 - HTTP Request: HEAD https://huggingface.co/api/resolve-cache/models/sentence-transformers/all-MiniLM-L6-v2/c9745ed1d9f207416be6d2e6f8de32d1f16199bf/sentence_bert_config.json "HTTP/1.1 200 OK"
2026-02-07 09:09:07 - httpx - INFO - _send_single_request:1025 - HTTP Request: HEAD https://huggingface.co/sentence-transformers/all-MiniLM-L6-v2/resolve/main/adapter_config.json "HTTP/1.1 404 Not Found"
2026-02-07 09:09:07 - httpx - INFO - _send_single_request:1025 - HTTP Request: HEAD https://huggingface.co/sentence-transformers/all-MiniLM-L6-v2/resolve/main/config.json "HTTP/1.1 307 Temporary Redirect"
2026-02-07 09:09:07 - httpx - INFO - _send_single_request:1025 - HTTP Request: HEAD https://huggingface.co/api/resolve-cache/models/sentence-transformers/all-MiniLM-L6-v2/c9745ed1d9f207416be6d2e6f8de32d1f16199bf/config.json "HTTP/1.1 200 OK"
2026-02-07 09:09:08 - httpx - INFO - _send_single_request:1025 - HTTP Request: HEAD https://huggingface.co/sentence-transformers/all-MiniLM-L6-v2/resolve/main/config.json "HTTP/1.1 307 Temporary Redirect"
2026-02-07 09:09:08 - httpx - INFO - _send_single_request:1025 - HTTP Request: HEAD https://huggingface.co/api/resolve-cache/models/sentence-transformers/all-MiniLM-L6-v2/c9745ed1d9f207416be6d2e6f8de32d1f16199bf/config.json "HTTP/1.1 200 OK"
2026-02-07 09:09:08 - httpx - INFO - _send_single_request:1025 - HTTP Request: HEAD https://huggingface.co/sentence-transformers/all-MiniLM-L6-v2/resolve/main/tokenizer_config.json "HTTP/1.1 307 Temporary Redirect"
2026-02-07 09:09:08 - httpx - INFO - _send_single_request:1025 - HTTP Request: HEAD https://huggingface.co/api/resolve-cache/models/sentence-transformers/all-MiniLM-L6-v2/c9745ed1d9f207416be6d2e6f8de32d1f16199bf/tokenizer_config.json "HTTP/1.1 200 OK"
2026-02-07 09:09:09 - httpx - INFO - _send_single_request:1025 - HTTP Request: GET https://huggingface.co/api/models/sentence-transformers/all-MiniLM-L6-v2/tree/main/additional_chat_templates?recursive=false&expand=false "HTTP/1.1 404 Not Found"
2026-02-07 09:09:09 - httpx - INFO - _send_single_request:1025 - HTTP Request: GET https://huggingface.co/api/models/sentence-transformers/all-MiniLM-L6-v2/tree/main?recursive=true&expand=false "HTTP/1.1 200 OK"
2026-02-07 09:09:10 - httpx - INFO - _send_single_request:1025 - HTTP Request: HEAD https://huggingface.co/sentence-transformers/all-MiniLM-L6-v2/resolve/main/1_Pooling/config.json "HTTP/1.1 307 Temporary Redirect"
2026-02-07 09:09:10 - httpx - INFO - _send_single_request:1025 - HTTP Request: HEAD https://huggingface.co/api/resolve-cache/models/sentence-transformers/all-MiniLM-L6-v2/c9745ed1d9f207416be6d2e6f8de32d1f16199bf/1_Pooling%2Fconfig.json "HTTP/1.1 200 OK"
2026-02-07 09:09:10 - httpx - INFO - _send_single_request:1025 - HTTP Request: GET https://huggingface.co/api/models/sentence-transformers/all-MiniLM-L6-v2 "HTTP/1.1 200 OK"
2026-02-07 09:09:10 - app.services.deduplicator - INFO - __init__:20 - Deduplicator loaded on cpu
2026-02-07 09:09:10 - uvicorn.error - INFO - _serve:84 - Started server process [5372]
2026-02-07 09:09:10 - uvicorn.error - INFO - startup:48 - Waiting for application startup.
2026-02-07 09:09:10 - app.main - INFO - startup_event:50 - Background News Scraper Started
2026-02-07 09:09:10 - jobs - INFO - init_db:15 - Initializing database...
2026-02-07 09:09:10 - jobs - INFO - run_scraper_loop:25 - Starting Newsroom Ingestion Cycle #1 at 2026-02-07 09:09:10.711540
2026-02-07 09:09:10 - jobs - INFO - run_scraper_loop:30 - Scraping source: Reuters
2026-02-07 09:09:10 - app.services.scraper_v2 - INFO - get_links:108 - Scraping feed: https://www.reuters.com/world/
2026-02-07 09:09:10 - uvicorn.error - INFO - startup:62 - Application startup complete.
2026-02-07 09:09:15 - app.services.scraper_v2 - INFO - get_links:108 - Scraping feed: https://www.reuters.com/business/
2026-02-07 09:09:19 - app.services.scraper_v2 - INFO - get_links:108 - Scraping feed: https://www.reuters.com/technology/
2026-02-07 09:09:23 - app.services.scraper_v2 - INFO - get_links:108 - Scraping feed: https://www.reuters.com/science/
2026-02-07 09:09:28 - jobs - INFO - run_scraper_loop:30 - Scraping source: Associated Press
2026-02-07 09:09:28 - app.services.scraper_v2 - INFO - get_links:108 - Scraping feed: https://apnews.com/hub/politics
2026-02-07 09:09:45 - app.core.security - INFO - dispatch:32 - GET /health - 127.0.0.1
2026-02-07 09:09:45 - app.core.security - INFO - dispatch:40 - Response: 200 - 0.008s
2026-02-07 09:09:45 - uvicorn.access - INFO - send:483 - 127.0.0.1:60796 - "GET /health HTTP/1.1" 200
2026-02-07 09:10:25 - uvicorn.error - INFO - shutdown:264 - Shutting down
2026-02-07 09:10:25 - uvicorn.error - INFO - shutdown:67 - Waiting for application shutdown.
2026-02-07 09:10:25 - uvicorn.error - INFO - shutdown:76 - Application shutdown complete.
2026-02-07 09:10:25 - uvicorn.error - INFO - _serve:94 - Finished server process [5372]
2026-02-07 09:11:12 - app.services.scraper_v2 - INFO - get_links:108 - Scraping feed: https://apnews.com/hub/business
2026-02-07 09:11:16 - app.services.scraper_v2 - ERROR - get_links:127 - Failed to scrape feed https://apnews.com/hub/business: ('Connection aborted.', ConnectionResetError(10054, 'An existing connection was forcibly closed by the remote host', None, 10054, None))
2026-02-07 09:11:16 - app.services.scraper_v2 - INFO - get_links:108 - Scraping feed: https://apnews.com/hub/science
2026-02-07 09:13:54 - app.services.scraper_v2 - INFO - get_links:108 - Scraping feed: https://apnews.com/hub/health
2026-02-07 09:15:32 - app.core.logging - INFO - setup_logging:70 - Logging system initialized
2026-02-07 09:16:21 - sentence_transformers.SentenceTransformer - INFO - __init__:219 - Use pytorch device_name: cpu
2026-02-07 09:16:21 - sentence_transformers.SentenceTransformer - INFO - __init__:227 - Load pretrained SentenceTransformer: all-MiniLM-L6-v2
2026-02-07 09:16:22 - httpx - INFO - _send_single_request:1025 - HTTP Request: HEAD https://huggingface.co/sentence-transformers/all-MiniLM-L6-v2/resolve/main/modules.json "HTTP/1.1 307 Temporary Redirect"
2026-02-07 09:16:23 - httpx - INFO - _send_single_request:1025 - HTTP Request: HEAD https://huggingface.co/api/resolve-cache/models/sentence-transformers/all-MiniLM-L6-v2/c9745ed1d9f207416be6d2e6f8de32d1f16199bf/modules.json "HTTP/1.1 200 OK"
2026-02-07 09:16:23 - httpx - INFO - _send_single_request:1025 - HTTP Request: HEAD https://huggingface.co/sentence-transformers/all-MiniLM-L6-v2/resolve/main/config_sentence_transformers.json "HTTP/1.1 307 Temporary Redirect"
2026-02-07 09:16:23 - httpx - INFO - _send_single_request:1025 - HTTP Request: HEAD https://huggingface.co/api/resolve-cache/models/sentence-transformers/all-MiniLM-L6-v2/c9745ed1d9f207416be6d2e6f8de32d1f16199bf/config_sentence_transformers.json "HTTP/1.1 200 OK"
2026-02-07 09:16:24 - httpx - INFO - _send_single_request:1025 - HTTP Request: HEAD https://huggingface.co/sentence-transformers/all-MiniLM-L6-v2/resolve/main/config_sentence_transformers.json "HTTP/1.1 307 Temporary Redirect"
2026-02-07 09:16:24 - httpx - INFO - _send_single_request:1025 - HTTP Request: HEAD https://huggingface.co/api/resolve-cache/models/sentence-transformers/all-MiniLM-L6-v2/c9745ed1d9f207416be6d2e6f8de32d1f16199bf/config_sentence_transformers.json "HTTP/1.1 200 OK"
2026-02-07 09:16:24 - httpx - INFO - _send_single_request:1025 - HTTP Request: HEAD https://huggingface.co/sentence-transformers/all-MiniLM-L6-v2/resolve/main/README.md "HTTP/1.1 307 Temporary Redirect"
2026-02-07 09:16:25 - httpx - INFO - _send_single_request:1025 - HTTP Request: HEAD https://huggingface.co/api/resolve-cache/models/sentence-transformers/all-MiniLM-L6-v2/c9745ed1d9f207416be6d2e6f8de32d1f16199bf/README.md "HTTP/1.1 200 OK"
2026-02-07 09:16:25 - httpx - INFO - _send_single_request:1025 - HTTP Request: HEAD https://huggingface.co/sentence-transformers/all-MiniLM-L6-v2/resolve/main/modules.json "HTTP/1.1 307 Temporary Redirect"
2026-02-07 09:16:25 - httpx - INFO - _send_single_request:1025 - HTTP Request: HEAD https://huggingface.co/api/resolve-cache/models/sentence-transformers/all-MiniLM-L6-v2/c9745ed1d9f207416be6d2e6f8de32d1f16199bf/modules.json "HTTP/1.1 200 OK"
2026-02-07 09:16:26 - httpx - INFO - _send_single_request:1025 - HTTP Request: HEAD https://huggingface.co/sentence-transformers/all-MiniLM-L6-v2/resolve/main/sentence_bert_config.json "HTTP/1.1 307 Temporary Redirect"
2026-02-07 09:16:26 - httpx - INFO - _send_single_request:1025 - HTTP Request: HEAD https://huggingface.co/api/resolve-cache/models/sentence-transformers/all-MiniLM-L6-v2/c9745ed1d9f207416be6d2e6f8de32d1f16199bf/sentence_bert_config.json "HTTP/1.1 200 OK"
2026-02-07 09:16:26 - httpx - INFO - _send_single_request:1025 - HTTP Request: HEAD https://huggingface.co/sentence-transformers/all-MiniLM-L6-v2/resolve/main/adapter_config.json "HTTP/1.1 404 Not Found"
2026-02-07 09:16:27 - httpx - INFO - _send_single_request:1025 - HTTP Request: HEAD https://huggingface.co/sentence-transformers/all-MiniLM-L6-v2/resolve/main/config.json "HTTP/1.1 307 Temporary Redirect"
2026-02-07 09:16:27 - httpx - INFO - _send_single_request:1025 - HTTP Request: HEAD https://huggingface.co/api/resolve-cache/models/sentence-transformers/all-MiniLM-L6-v2/c9745ed1d9f207416be6d2e6f8de32d1f16199bf/config.json "HTTP/1.1 200 OK"
2026-02-07 09:16:27 - httpx - INFO - _send_single_request:1025 - HTTP Request: HEAD https://huggingface.co/sentence-transformers/all-MiniLM-L6-v2/resolve/main/config.json "HTTP/1.1 307 Temporary Redirect"
2026-02-07 09:16:28 - httpx - INFO - _send_single_request:1025 - HTTP Request: HEAD https://huggingface.co/api/resolve-cache/models/sentence-transformers/all-MiniLM-L6-v2/c9745ed1d9f207416be6d2e6f8de32d1f16199bf/config.json "HTTP/1.1 200 OK"
2026-02-07 09:16:28 - httpx - INFO - _send_single_request:1025 - HTTP Request: HEAD https://huggingface.co/sentence-transformers/all-MiniLM-L6-v2/resolve/main/tokenizer_config.json "HTTP/1.1 307 Temporary Redirect"
2026-02-07 09:16:28 - httpx - INFO - _send_single_request:1025 - HTTP Request: HEAD https://huggingface.co/api/resolve-cache/models/sentence-transformers/all-MiniLM-L6-v2/c9745ed1d9f207416be6d2e6f8de32d1f16199bf/tokenizer_config.json "HTTP/1.1 200 OK"
2026-02-07 09:16:29 - httpx - INFO - _send_single_request:1025 - HTTP Request: GET https://huggingface.co/api/models/sentence-transformers/all-MiniLM-L6-v2/tree/main/additional_chat_templates?recursive=false&expand=false "HTTP/1.1 404 Not Found"
2026-02-07 09:16:29 - httpx - INFO - _send_single_request:1025 - HTTP Request: GET https://huggingface.co/api/models/sentence-transformers/all-MiniLM-L6-v2/tree/main?recursive=true&expand=false "HTTP/1.1 200 OK"
2026-02-07 09:16:30 - httpx - INFO - _send_single_request:1025 - HTTP Request: HEAD https://huggingface.co/sentence-transformers/all-MiniLM-L6-v2/resolve/main/1_Pooling/config.json "HTTP/1.1 307 Temporary Redirect"
2026-02-07 09:16:30 - httpx - INFO - _send_single_request:1025 - HTTP Request: HEAD https://huggingface.co/api/resolve-cache/models/sentence-transformers/all-MiniLM-L6-v2/c9745ed1d9f207416be6d2e6f8de32d1f16199bf/1_Pooling%2Fconfig.json "HTTP/1.1 200 OK"
2026-02-07 09:16:31 - httpx - INFO - _send_single_request:1025 - HTTP Request: GET https://huggingface.co/api/models/sentence-transformers/all-MiniLM-L6-v2 "HTTP/1.1 200 OK"
2026-02-07 09:16:31 - app.services.deduplicator - INFO - __init__:20 - Deduplicator loaded on cpu
2026-02-07 09:16:31 - uvicorn.error - INFO - _serve:84 - Started server process [8720]
2026-02-07 09:16:31 - uvicorn.error - INFO - startup:48 - Waiting for application startup.
2026-02-07 09:16:31 - app.main - INFO - startup_event:50 - Background News Scraper Started
2026-02-07 09:16:31 - jobs - INFO - init_db:15 - Initializing database...
2026-02-07 09:16:31 - jobs - INFO - run_scraper_loop:25 - Starting Newsroom Ingestion Cycle #1 at 2026-02-07 09:16:31.136785
2026-02-07 09:16:31 - jobs - INFO - run_scraper_loop:30 - Scraping source: Reuters
2026-02-07 09:16:31 - app.services.scraper_v2 - INFO - get_links:108 - Scraping feed: https://www.reuters.com/world/
2026-02-07 09:16:31 - uvicorn.error - INFO - startup:62 - Application startup complete.
2026-02-07 09:16:31 - app.core.security - INFO - dispatch:32 - GET /news/stats - 127.0.0.1
2026-02-07 09:16:31 - app.core.security - INFO - dispatch:40 - Response: 200 - 0.024s
2026-02-07 09:16:31 - uvicorn.access - INFO - send:483 - 127.0.0.1:51783 - "GET /news/stats HTTP/1.1" 200
2026-02-07 09:16:35 - app.services.scraper_v2 - INFO - get_links:108 - Scraping feed: https://www.reuters.com/business/
2026-02-07 09:16:40 - app.services.scraper_v2 - INFO - get_links:108 - Scraping feed: https://www.reuters.com/technology/
2026-02-07 09:16:44 - app.services.scraper_v2 - INFO - get_links:108 - Scraping feed: https://www.reuters.com/science/
2026-02-07 09:16:48 - jobs - INFO - run_scraper_loop:30 - Scraping source: Associated Press
2026-02-07 09:16:48 - app.services.scraper_v2 - INFO - get_links:108 - Scraping feed: https://apnews.com/hub/politics
2026-02-07 09:16:59 - app.core.security - INFO - dispatch:32 - GET /news/stats - 127.0.0.1
2026-02-07 09:16:59 - app.core.security - INFO - dispatch:40 - Response: 200 - 0.024s
2026-02-07 09:16:59 - uvicorn.access - INFO - send:483 - 127.0.0.1:51839 - "GET /news/stats HTTP/1.1" 200
2026-02-07 09:16:59 - app.core.security - INFO - dispatch:32 - GET /news/technology - 127.0.0.1
2026-02-07 09:16:59 - app.core.security - INFO - dispatch:40 - Response: 200 - 0.022s
2026-02-07 09:16:59 - uvicorn.access - INFO - send:483 - 127.0.0.1:51840 - "GET /news/technology?limit=1 HTTP/1.1" 200
2026-02-07 09:17:25 - app.services.scraper_v2 - INFO - get_links:108 - Scraping feed: https://apnews.com/hub/business
2026-02-07 09:19:12 - app.services.scraper_v2 - INFO - get_links:108 - Scraping feed: https://apnews.com/hub/science
2026-02-07 09:19:12 - app.services.scraper_v2 - ERROR - get_links:127 - Failed to scrape feed https://apnews.com/hub/science: HTTPSConnectionPool(host='apnews.com', port=443): Max retries exceeded with url: /hub/science (Caused by NameResolutionError("HTTPSConnection(host='apnews.com', port=443): Failed to resolve 'apnews.com' ([Errno 11001] getaddrinfo failed)"))
2026-02-07 09:19:12 - app.services.scraper_v2 - INFO - get_links:108 - Scraping feed: https://apnews.com/hub/health
2026-02-07 09:19:13 - app.services.scraper_v2 - ERROR - get_links:127 - Failed to scrape feed https://apnews.com/hub/health: HTTPSConnectionPool(host='apnews.com', port=443): Max retries exceeded with url: /hub/health (Caused by NameResolutionError("HTTPSConnection(host='apnews.com', port=443): Failed to resolve 'apnews.com' ([Errno 11001] getaddrinfo failed)"))
2026-02-07 09:19:13 - jobs - INFO - run_scraper_loop:30 - Scraping source: Bloomberg
2026-02-07 09:19:13 - app.services.scraper_v2 - INFO - get_links:108 - Scraping feed: https://www.bloomberg.com/technology
2026-02-07 09:19:13 - app.services.scraper_v2 - ERROR - get_links:127 - Failed to scrape feed https://www.bloomberg.com/technology: HTTPSConnectionPool(host='www.bloomberg.com', port=443): Max retries exceeded with url: /technology (Caused by NameResolutionError("HTTPSConnection(host='www.bloomberg.com', port=443): Failed to resolve 'www.bloomberg.com' ([Errno 11001] getaddrinfo failed)"))
2026-02-07 09:19:13 - app.services.scraper_v2 - INFO - get_links:108 - Scraping feed: https://www.bloomberg.com/markets
2026-02-07 09:19:13 - app.services.scraper_v2 - ERROR - get_links:127 - Failed to scrape feed https://www.bloomberg.com/markets: HTTPSConnectionPool(host='www.bloomberg.com', port=443): Max retries exceeded with url: /markets (Caused by NameResolutionError("HTTPSConnection(host='www.bloomberg.com', port=443): Failed to resolve 'www.bloomberg.com' ([Errno 11001] getaddrinfo failed)"))
2026-02-07 09:19:13 - app.services.scraper_v2 - INFO - get_links:108 - Scraping feed: https://www.bloomberg.com/politics
2026-02-07 09:19:13 - app.services.scraper_v2 - ERROR - get_links:127 - Failed to scrape feed https://www.bloomberg.com/politics: HTTPSConnectionPool(host='www.bloomberg.com', port=443): Max retries exceeded with url: /politics (Caused by NameResolutionError("HTTPSConnection(host='www.bloomberg.com', port=443): Failed to resolve 'www.bloomberg.com' ([Errno 11001] getaddrinfo failed)"))
2026-02-07 09:19:13 - jobs - INFO - run_scraper_loop:30 - Scraping source: VentureBeat AI
2026-02-07 09:19:13 - app.services.scraper_v2 - INFO - get_links:108 - Scraping feed: https://venturebeat.com/category/ai/
2026-02-07 09:19:13 - app.services.scraper_v2 - ERROR - get_links:127 - Failed to scrape feed https://venturebeat.com/category/ai/: HTTPSConnectionPool(host='venturebeat.com', port=443): Max retries exceeded with url: /category/ai/ (Caused by NameResolutionError("HTTPSConnection(host='venturebeat.com', port=443): Failed to resolve 'venturebeat.com' ([Errno 11001] getaddrinfo failed)"))
2026-02-07 09:19:13 - jobs - INFO - run_scraper_loop:30 - Scraping source: AI News
2026-02-07 09:19:13 - app.services.scraper_v2 - INFO - get_links:108 - Scraping feed: https://www.artificialintelligence-news.com/
2026-02-07 09:19:13 - app.services.scraper_v2 - ERROR - get_links:127 - Failed to scrape feed https://www.artificialintelligence-news.com/: HTTPSConnectionPool(host='www.artificialintelligence-news.com', port=443): Max retries exceeded with url: / (Caused by NameResolutionError("HTTPSConnection(host='www.artificialintelligence-news.com', port=443): Failed to resolve 'www.artificialintelligence-news.com' ([Errno 11001] getaddrinfo failed)"))
2026-02-07 09:19:13 - jobs - INFO - run_scraper_loop:30 - Scraping source: Sifted
2026-02-07 09:19:13 - app.services.scraper_v2 - INFO - get_links:108 - Scraping feed: https://sifted.eu/sections/artificial-intelligence/
2026-02-07 09:19:13 - app.services.scraper_v2 - ERROR - get_links:127 - Failed to scrape feed https://sifted.eu/sections/artificial-intelligence/: HTTPSConnectionPool(host='sifted.eu', port=443): Max retries exceeded with url: /sections/artificial-intelligence/ (Caused by NameResolutionError("HTTPSConnection(host='sifted.eu', port=443): Failed to resolve 'sifted.eu' ([Errno 11001] getaddrinfo failed)"))
2026-02-07 09:19:13 - app.services.scraper_v2 - INFO - get_links:108 - Scraping feed: https://sifted.eu/sections/startups/
2026-02-07 09:19:13 - app.services.scraper_v2 - ERROR - get_links:127 - Failed to scrape feed https://sifted.eu/sections/startups/: HTTPSConnectionPool(host='sifted.eu', port=443): Max retries exceeded with url: /sections/startups/ (Caused by NameResolutionError("HTTPSConnection(host='sifted.eu', port=443): Failed to resolve 'sifted.eu' ([Errno 11001] getaddrinfo failed)"))
2026-02-07 09:19:13 - jobs - INFO - run_scraper_loop:30 - Scraping source: Nature
2026-02-07 09:19:13 - app.services.scraper_v2 - INFO - get_links:108 - Scraping feed: https://www.nature.com/nature/articles?type=news
2026-02-07 09:19:13 - app.services.scraper_v2 - ERROR - get_links:127 - Failed to scrape feed https://www.nature.com/nature/articles?type=news: HTTPSConnectionPool(host='www.nature.com', port=443): Max retries exceeded with url: /nature/articles?type=news (Caused by NameResolutionError("HTTPSConnection(host='www.nature.com', port=443): Failed to resolve 'www.nature.com' ([Errno 11001] getaddrinfo failed)"))
2026-02-07 09:19:13 - jobs - INFO - run_scraper_loop:30 - Scraping source: New Scientist
2026-02-07 09:19:13 - app.services.scraper_v2 - INFO - get_links:108 - Scraping feed: https://www.newscientist.com/section/news/
2026-02-07 09:19:13 - app.services.scraper_v2 - ERROR - get_links:127 - Failed to scrape feed https://www.newscientist.com/section/news/: HTTPSConnectionPool(host='www.newscientist.com', port=443): Max retries exceeded with url: /section/news/ (Caused by NameResolutionError("HTTPSConnection(host='www.newscientist.com', port=443): Failed to resolve 'www.newscientist.com' ([Errno 11001] getaddrinfo failed)"))
2026-02-07 09:19:13 - app.services.scraper_v2 - INFO - get_links:108 - Scraping feed: https://www.newscientist.com/subject/environment/
2026-02-07 09:19:13 - app.services.scraper_v2 - ERROR - get_links:127 - Failed to scrape feed https://www.newscientist.com/subject/environment/: HTTPSConnectionPool(host='www.newscientist.com', port=443): Max retries exceeded with url: /subject/environment/ (Caused by NameResolutionError("HTTPSConnection(host='www.newscientist.com', port=443): Failed to resolve 'www.newscientist.com' ([Errno 11001] getaddrinfo failed)"))
2026-02-07 09:19:13 - jobs - INFO - run_scraper_loop:30 - Scraping source: EdSurge
2026-02-07 09:19:13 - app.services.scraper_v2 - INFO - get_links:108 - Scraping feed: https://www.edsurge.com/news
2026-02-07 09:19:13 - app.services.scraper_v2 - ERROR - get_links:127 - Failed to scrape feed https://www.edsurge.com/news: HTTPSConnectionPool(host='www.edsurge.com', port=443): Max retries exceeded with url: /news (Caused by NameResolutionError("HTTPSConnection(host='www.edsurge.com', port=443): Failed to resolve 'www.edsurge.com' ([Errno 11001] getaddrinfo failed)"))
2026-02-07 09:19:13 - jobs - INFO - run_scraper_loop:30 - Scraping source: Inside Higher Ed
2026-02-07 09:19:13 - app.services.scraper_v2 - INFO - get_links:108 - Scraping feed: https://www.insidehighered.com/news
2026-02-07 09:19:13 - app.services.scraper_v2 - ERROR - get_links:127 - Failed to scrape feed https://www.insidehighered.com/news: HTTPSConnectionPool(host='www.insidehighered.com', port=443): Max retries exceeded with url: /news (Caused by NameResolutionError("HTTPSConnection(host='www.insidehighered.com', port=443): Failed to resolve 'www.insidehighered.com' ([Errno 11001] getaddrinfo failed)"))
2026-02-07 09:19:13 - jobs - INFO - run_scraper_loop:30 - Scraping source: The Guardian Environment
2026-02-07 09:19:13 - app.services.scraper_v2 - INFO - get_links:108 - Scraping feed: https://www.theguardian.com/environment
2026-02-07 09:19:13 - app.services.scraper_v2 - ERROR - get_links:127 - Failed to scrape feed https://www.theguardian.com/environment: HTTPSConnectionPool(host='www.theguardian.com', port=443): Max retries exceeded with url: /environment (Caused by NameResolutionError("HTTPSConnection(host='www.theguardian.com', port=443): Failed to resolve 'www.theguardian.com' ([Errno 11001] getaddrinfo failed)"))
2026-02-07 09:19:13 - jobs - INFO - run_scraper_loop:30 - Scraping source: Grist
2026-02-07 09:19:13 - app.services.scraper_v2 - INFO - get_links:108 - Scraping feed: https://grist.org/news/
2026-02-07 09:19:13 - app.services.scraper_v2 - ERROR - get_links:127 - Failed to scrape feed https://grist.org/news/: HTTPSConnectionPool(host='grist.org', port=443): Max retries exceeded with url: /news/ (Caused by NameResolutionError("HTTPSConnection(host='grist.org', port=443): Failed to resolve 'grist.org' ([Errno 11001] getaddrinfo failed)"))
2026-02-07 09:19:13 - jobs - INFO - run_scraper_loop:30 - Scraping source: Mongabay
2026-02-07 09:19:13 - app.services.scraper_v2 - INFO - get_links:108 - Scraping feed: https://news.mongabay.com/
2026-02-07 09:19:13 - app.services.scraper_v2 - ERROR - get_links:127 - Failed to scrape feed https://news.mongabay.com/: HTTPSConnectionPool(host='news.mongabay.com', port=443): Max retries exceeded with url: / (Caused by NameResolutionError("HTTPSConnection(host='news.mongabay.com', port=443): Failed to resolve 'news.mongabay.com' ([Errno 11001] getaddrinfo failed)"))
2026-02-07 09:19:13 - jobs - INFO - run_scraper_loop:30 - Scraping source: National Geographic
2026-02-07 09:19:13 - app.services.scraper_v2 - INFO - get_links:108 - Scraping feed: https://www.nationalgeographic.com/environment
2026-02-07 09:19:13 - app.services.scraper_v2 - ERROR - get_links:127 - Failed to scrape feed https://www.nationalgeographic.com/environment: HTTPSConnectionPool(host='www.nationalgeographic.com', port=443): Max retries exceeded with url: /environment (Caused by NameResolutionError("HTTPSConnection(host='www.nationalgeographic.com', port=443): Failed to resolve 'www.nationalgeographic.com' ([Errno 11001] getaddrinfo failed)"))
2026-02-07 09:19:13 - jobs - INFO - run_scraper_loop:30 - Scraping source: The Hindu
2026-02-07 09:19:13 - app.services.scraper_v2 - INFO - get_links:108 - Scraping feed: https://www.thehindu.com/news/national/
2026-02-07 09:19:13 - app.services.scraper_v2 - ERROR - get_links:127 - Failed to scrape feed https://www.thehindu.com/news/national/: HTTPSConnectionPool(host='www.thehindu.com', port=443): Max retries exceeded with url: /news/national/ (Caused by NameResolutionError("HTTPSConnection(host='www.thehindu.com', port=443): Failed to resolve 'www.thehindu.com' ([Errno 11001] getaddrinfo failed)"))
2026-02-07 09:19:13 - app.services.scraper_v2 - INFO - get_links:108 - Scraping feed: https://www.thehindu.com/sci-tech/technology/
2026-02-07 09:19:13 - app.services.scraper_v2 - ERROR - get_links:127 - Failed to scrape feed https://www.thehindu.com/sci-tech/technology/: HTTPSConnectionPool(host='www.thehindu.com', port=443): Max retries exceeded with url: /sci-tech/technology/ (Caused by NameResolutionError("HTTPSConnection(host='www.thehindu.com', port=443): Failed to resolve 'www.thehindu.com' ([Errno 11001] getaddrinfo failed)"))
2026-02-07 09:19:13 - app.services.scraper_v2 - INFO - get_links:108 - Scraping feed: https://www.thehindu.com/sport/
2026-02-07 09:19:13 - app.services.scraper_v2 - ERROR - get_links:127 - Failed to scrape feed https://www.thehindu.com/sport/: HTTPSConnectionPool(host='www.thehindu.com', port=443): Max retries exceeded with url: /sport/ (Caused by NameResolutionError("HTTPSConnection(host='www.thehindu.com', port=443): Failed to resolve 'www.thehindu.com' ([Errno 11001] getaddrinfo failed)"))
2026-02-07 09:19:13 - jobs - INFO - run_scraper_loop:30 - Scraping source: ESPN
2026-02-07 09:19:13 - app.services.scraper_v2 - INFO - get_links:108 - Scraping feed: https://www.espn.com/
2026-02-07 09:19:13 - app.services.scraper_v2 - ERROR - get_links:127 - Failed to scrape feed https://www.espn.com/: HTTPSConnectionPool(host='www.espn.com', port=443): Max retries exceeded with url: / (Caused by NameResolutionError("HTTPSConnection(host='www.espn.com', port=443): Failed to resolve 'www.espn.com' ([Errno 11001] getaddrinfo failed)"))
2026-02-07 09:19:13 - app.services.scraper_v2 - INFO - get_links:108 - Scraping feed: https://www.espn.com/nfl/
2026-02-07 09:19:13 - app.services.scraper_v2 - ERROR - get_links:127 - Failed to scrape feed https://www.espn.com/nfl/: HTTPSConnectionPool(host='www.espn.com', port=443): Max retries exceeded with url: /nfl/ (Caused by NameResolutionError("HTTPSConnection(host='www.espn.com', port=443): Failed to resolve 'www.espn.com' ([Errno 11001] getaddrinfo failed)"))
2026-02-07 09:19:13 - app.services.scraper_v2 - INFO - get_links:108 - Scraping feed: https://www.espn.com/nba/
2026-02-07 09:19:13 - app.services.scraper_v2 - ERROR - get_links:127 - Failed to scrape feed https://www.espn.com/nba/: HTTPSConnectionPool(host='www.espn.com', port=443): Max retries exceeded with url: /nba/ (Caused by NameResolutionError("HTTPSConnection(host='www.espn.com', port=443): Failed to resolve 'www.espn.com' ([Errno 11001] getaddrinfo failed)"))
2026-02-07 09:19:13 - jobs - INFO - run_scraper_loop:30 - Scraping source: BBC Sport
2026-02-07 09:19:13 - app.services.scraper_v2 - INFO - get_links:108 - Scraping feed: https://www.bbc.com/sport
2026-02-07 09:19:13 - app.services.scraper_v2 - ERROR - get_links:127 - Failed to scrape feed https://www.bbc.com/sport: HTTPSConnectionPool(host='www.bbc.com', port=443): Max retries exceeded with url: /sport (Caused by NameResolutionError("HTTPSConnection(host='www.bbc.com', port=443): Failed to resolve 'www.bbc.com' ([Errno 11001] getaddrinfo failed)"))
2026-02-07 09:19:13 - app.services.scraper_v2 - INFO - get_links:108 - Scraping feed: https://www.bbc.com/sport/football
2026-02-07 09:19:13 - app.services.scraper_v2 - ERROR - get_links:127 - Failed to scrape feed https://www.bbc.com/sport/football: HTTPSConnectionPool(host='www.bbc.com', port=443): Max retries exceeded with url: /sport/football (Caused by NameResolutionError("HTTPSConnection(host='www.bbc.com', port=443): Failed to resolve 'www.bbc.com' ([Errno 11001] getaddrinfo failed)"))
2026-02-07 09:19:13 - app.services.scraper_v2 - INFO - get_links:108 - Scraping feed: https://www.bbc.com/sport/cricket
2026-02-07 09:19:13 - app.services.scraper_v2 - ERROR - get_links:127 - Failed to scrape feed https://www.bbc.com/sport/cricket: HTTPSConnectionPool(host='www.bbc.com', port=443): Max retries exceeded with url: /sport/cricket (Caused by NameResolutionError("HTTPSConnection(host='www.bbc.com', port=443): Failed to resolve 'www.bbc.com' ([Errno 11001] getaddrinfo failed)"))
2026-02-07 09:19:13 - jobs - INFO - run_scraper_loop:34 - Cycle #1 complete. Added 5 high-quality articles.
2026-02-07 09:19:13 - jobs - INFO - run_scraper_loop:38 - Newsroom heartbeat: Next cycle in 30 minutes.
2026-02-07 09:19:46 - app.core.security - INFO - dispatch:32 - GET /news/stats - 127.0.0.1
2026-02-07 09:19:46 - app.core.security - INFO - dispatch:40 - Response: 200 - 0.015s
2026-02-07 09:19:46 - uvicorn.access - INFO - send:483 - 127.0.0.1:52495 - "GET /news/stats HTTP/1.1" 200
2026-02-07 09:19:46 - app.core.security - INFO - dispatch:32 - GET /news/technology - 127.0.0.1
2026-02-07 09:19:46 - app.core.security - INFO - dispatch:40 - Response: 200 - 0.009s
2026-02-07 09:19:46 - uvicorn.access - INFO - send:483 - 127.0.0.1:52496 - "GET /news/technology?limit=1 HTTP/1.1" 200
2026-02-07 09:21:17 - app.core.security - INFO - dispatch:32 - GET /health - 127.0.0.1
2026-02-07 09:21:17 - app.core.security - INFO - dispatch:40 - Response: 200 - 0.003s
2026-02-07 09:21:17 - uvicorn.access - INFO - send:483 - 127.0.0.1:58909 - "GET /health HTTP/1.1" 200
2026-02-07 09:21:17 - app.core.security - INFO - dispatch:32 - GET /news/stats - 127.0.0.1
2026-02-07 09:21:18 - app.core.security - INFO - dispatch:40 - Response: 200 - 0.018s
2026-02-07 09:21:18 - uvicorn.access - INFO - send:483 - 127.0.0.1:58910 - "GET /news/stats HTTP/1.1" 200
2026-02-07 09:21:18 - app.core.security - INFO - dispatch:32 - GET /news/technology - 127.0.0.1
2026-02-07 09:21:18 - app.core.security - INFO - dispatch:40 - Response: 200 - 0.017s
2026-02-07 09:21:18 - uvicorn.access - INFO - send:483 - 127.0.0.1:58911 - "GET /news/technology?limit=1 HTTP/1.1" 200
2026-02-07 09:22:19 - app.core.security - INFO - dispatch:32 - GET /health - 127.0.0.1
2026-02-07 09:22:19 - app.core.security - INFO - dispatch:40 - Response: 200 - 0.003s
2026-02-07 09:22:19 - uvicorn.access - INFO - send:483 - 127.0.0.1:62711 - "GET /health HTTP/1.1" 200
2026-02-07 09:22:19 - app.core.security - INFO - dispatch:32 - GET /news/stats - 127.0.0.1
2026-02-07 09:22:19 - app.core.security - INFO - dispatch:40 - Response: 200 - 0.016s
2026-02-07 09:22:19 - uvicorn.access - INFO - send:483 - 127.0.0.1:62712 - "GET /news/stats HTTP/1.1" 200
2026-02-07 09:22:19 - app.core.security - INFO - dispatch:32 - GET /news/technology - 127.0.0.1
2026-02-07 09:22:19 - app.core.security - INFO - dispatch:40 - Response: 200 - 0.011s
2026-02-07 09:22:19 - uvicorn.access - INFO - send:483 - 127.0.0.1:62713 - "GET /news/technology?limit=1 HTTP/1.1" 200
2026-02-07 09:23:28 - app.core.security - INFO - dispatch:32 - GET /api/v1/articles - 127.0.0.1
2026-02-07 09:23:28 - app.core.security - INFO - dispatch:40 - Response: 307 - 0.001s
2026-02-07 09:23:28 - uvicorn.access - INFO - send:483 - 127.0.0.1:49274 - "GET /api/v1/articles?limit=20 HTTP/1.1" 307
2026-02-07 09:23:28 - app.core.security - INFO - dispatch:32 - GET /api/v1/trending - 127.0.0.1
2026-02-07 09:23:28 - app.core.security - INFO - dispatch:40 - Response: 404 - 0.001s
2026-02-07 09:23:28 - uvicorn.access - INFO - send:483 - 127.0.0.1:49275 - "GET /api/v1/trending HTTP/1.1" 404
2026-02-07 09:23:28 - app.core.security - INFO - dispatch:32 - GET /api/v1/articles/ - 127.0.0.1
2026-02-07 09:23:28 - app.core.security - INFO - dispatch:32 - GET /api/v1/articles - 127.0.0.1
2026-02-07 09:23:28 - app.core.security - INFO - dispatch:40 - Response: 307 - 0.001s
2026-02-07 09:23:28 - uvicorn.access - INFO - send:483 - 127.0.0.1:49274 - "GET /api/v1/articles?category=World&limit=20 HTTP/1.1" 307
2026-02-07 09:23:28 - app.core.security - INFO - dispatch:32 - GET /api/v1/articles - 127.0.0.1
2026-02-07 09:23:28 - app.core.security - INFO - dispatch:40 - Response: 307 - 0.001s
2026-02-07 09:23:28 - uvicorn.access - INFO - send:483 - 127.0.0.1:49275 - "GET /api/v1/articles?category=Business&limit=20 HTTP/1.1" 307
2026-02-07 09:23:28 - app.core.security - INFO - dispatch:40 - Response: 200 - 0.036s
2026-02-07 09:23:28 - uvicorn.access - INFO - send:483 - 127.0.0.1:49276 - "GET /api/v1/articles/?limit=20 HTTP/1.1" 200
2026-02-07 09:23:28 - app.core.security - INFO - dispatch:32 - GET /api/v1/articles - 127.0.0.1
2026-02-07 09:23:28 - app.core.security - INFO - dispatch:40 - Response: 307 - 0.001s
2026-02-07 09:23:28 - uvicorn.access - INFO - send:483 - 127.0.0.1:49277 - "GET /api/v1/articles?category=Technology&limit=20 HTTP/1.1" 307
2026-02-07 09:23:28 - app.core.security - INFO - dispatch:32 - GET /api/v1/articles - 127.0.0.1
2026-02-07 09:23:28 - app.core.security - INFO - dispatch:32 - GET /api/v1/articles - 127.0.0.1
2026-02-07 09:23:28 - app.core.security - INFO - dispatch:40 - Response: 307 - 0.003s
2026-02-07 09:23:28 - uvicorn.access - INFO - send:483 - 127.0.0.1:49278 - "GET /api/v1/articles?category=AI+%26+Startups&limit=20 HTTP/1.1" 307
2026-02-07 09:23:28 - app.core.security - INFO - dispatch:40 - Response: 307 - 0.002s
2026-02-07 09:23:28 - uvicorn.access - INFO - send:483 - 127.0.0.1:49279 - "GET /api/v1/articles?category=Science&limit=20 HTTP/1.1" 307
2026-02-07 09:23:28 - app.core.security - INFO - dispatch:32 - GET /api/v1/articles - 127.0.0.1
2026-02-07 09:23:28 - app.core.security - INFO - dispatch:32 - GET /api/v1/articles - 127.0.0.1
2026-02-07 09:23:28 - app.core.security - INFO - dispatch:32 - GET /api/v1/articles - 127.0.0.1
2026-02-07 09:23:28 - app.core.security - INFO - dispatch:32 - GET /api/v1/articles - 127.0.0.1
2026-02-07 09:23:28 - app.core.security - INFO - dispatch:32 - GET /api/v1/articles - 127.0.0.1
2026-02-07 09:23:28 - app.core.security - INFO - dispatch:32 - GET /api/v1/articles - 127.0.0.1
2026-02-07 09:23:28 - app.core.security - INFO - dispatch:32 - GET /api/v1/articles/ - 127.0.0.1
2026-02-07 09:23:28 - app.core.security - INFO - dispatch:32 - GET /api/v1/articles/ - 127.0.0.1
2026-02-07 09:23:28 - app.core.security - INFO - dispatch:32 - GET /api/v1/articles/ - 127.0.0.1
2026-02-07 09:23:28 - app.core.security - INFO - dispatch:32 - GET /api/v1/articles/ - 127.0.0.1
2026-02-07 09:23:28 - app.core.security - INFO - dispatch:32 - GET /api/v1/articles/ - 127.0.0.1
2026-02-07 09:23:28 - app.core.security - INFO - dispatch:40 - Response: 307 - 0.016s
2026-02-07 09:23:28 - uvicorn.access - INFO - send:483 - 127.0.0.1:49280 - "GET /api/v1/articles?category=Health&limit=20 HTTP/1.1" 307
2026-02-07 09:23:28 - app.core.security - INFO - dispatch:40 - Response: 307 - 0.019s
2026-02-07 09:23:28 - app.core.security - INFO - dispatch:40 - Response: 307 - 0.018s
2026-02-07 09:23:28 - app.core.security - INFO - dispatch:40 - Response: 307 - 0.018s
2026-02-07 09:23:28 - app.core.security - INFO - dispatch:40 - Response: 307 - 0.018s
2026-02-07 09:23:28 - app.core.security - INFO - dispatch:40 - Response: 307 - 0.018s
2026-02-07 09:23:28 - uvicorn.access - INFO - send:483 - 127.0.0.1:49281 - "GET /api/v1/articles?category=Culture&limit=20 HTTP/1.1" 307
2026-02-07 09:23:28 - uvicorn.access - INFO - send:483 - 127.0.0.1:49282 - "GET /api/v1/articles?category=Politics&limit=20 HTTP/1.1" 307
2026-02-07 09:23:28 - uvicorn.access - INFO - send:483 - 127.0.0.1:49285 - "GET /api/v1/articles?category=Environment&limit=20 HTTP/1.1" 307
2026-02-07 09:23:28 - uvicorn.access - INFO - send:483 - 127.0.0.1:49283 - "GET /api/v1/articles?category=Sports&limit=20 HTTP/1.1" 307
2026-02-07 09:23:28 - uvicorn.access - INFO - send:483 - 127.0.0.1:49284 - "GET /api/v1/articles?category=Education&limit=20 HTTP/1.1" 307
2026-02-07 09:23:28 - app.core.security - INFO - dispatch:32 - GET /api/v1/articles/ - 127.0.0.1
2026-02-07 09:23:28 - app.core.security - INFO - dispatch:32 - GET /api/v1/articles/ - 127.0.0.1
2026-02-07 09:23:28 - app.core.security - INFO - dispatch:32 - GET /api/v1/articles/ - 127.0.0.1
2026-02-07 09:23:28 - app.core.security - INFO - dispatch:32 - GET /api/v1/articles/ - 127.0.0.1
2026-02-07 09:23:28 - app.core.security - INFO - dispatch:32 - GET /api/v1/articles/ - 127.0.0.1
2026-02-07 09:23:28 - app.core.security - INFO - dispatch:32 - GET /api/v1/articles/ - 127.0.0.1
2026-02-07 09:23:28 - app.core.security - INFO - dispatch:40 - Response: 200 - 0.080s
2026-02-07 09:23:28 - uvicorn.access - INFO - send:483 - 127.0.0.1:49286 - "GET /api/v1/articles/?category=World&limit=20 HTTP/1.1" 200
2026-02-07 09:23:28 - app.core.security - INFO - dispatch:40 - Response: 200 - 0.110s
2026-02-07 09:23:28 - uvicorn.access - INFO - send:483 - 127.0.0.1:49274 - "GET /api/v1/articles/?category=Technology&limit=20 HTTP/1.1" 200
2026-02-07 09:23:28 - app.core.security - INFO - dispatch:40 - Response: 200 - 0.128s
2026-02-07 09:23:28 - app.core.security - INFO - dispatch:40 - Response: 200 - 0.138s
2026-02-07 09:23:28 - uvicorn.access - INFO - send:483 - 127.0.0.1:49276 - "GET /api/v1/articles/?category=Science&limit=20 HTTP/1.1" 200
2026-02-07 09:23:28 - uvicorn.access - INFO - send:483 - 127.0.0.1:49287 - "GET /api/v1/articles/?category=Business&limit=20 HTTP/1.1" 200
2026-02-07 09:23:28 - app.core.security - INFO - dispatch:40 - Response: 200 - 0.154s
2026-02-07 09:23:28 - uvicorn.access - INFO - send:483 - 127.0.0.1:49275 - "GET /api/v1/articles/?category=AI+%26+Startups&limit=20 HTTP/1.1" 200
2026-02-07 09:23:28 - app.core.security - INFO - dispatch:40 - Response: 200 - 0.126s
2026-02-07 09:23:28 - uvicorn.access - INFO - send:483 - 127.0.0.1:49278 - "GET /api/v1/articles/?category=Culture&limit=20 HTTP/1.1" 200
2026-02-07 09:23:28 - app.core.security - INFO - dispatch:40 - Response: 200 - 0.094s
2026-02-07 09:23:28 - uvicorn.access - INFO - send:483 - 127.0.0.1:49288 - "GET /api/v1/articles/?category=Education&limit=20 HTTP/1.1" 200
2026-02-07 09:23:28 - app.core.security - INFO - dispatch:40 - Response: 200 - 0.129s
2026-02-07 09:23:28 - app.core.security - INFO - dispatch:40 - Response: 200 - 0.160s
2026-02-07 09:23:28 - uvicorn.access - INFO - send:483 - 127.0.0.1:49279 - "GET /api/v1/articles/?category=Politics&limit=20 HTTP/1.1" 200
2026-02-07 09:23:28 - uvicorn.access - INFO - send:483 - 127.0.0.1:49277 - "GET /api/v1/articles/?category=Health&limit=20 HTTP/1.1" 200
2026-02-07 09:23:28 - app.core.security - INFO - dispatch:40 - Response: 200 - 0.149s
2026-02-07 09:23:28 - app.core.security - INFO - dispatch:40 - Response: 200 - 0.151s
2026-02-07 09:23:28 - uvicorn.access - INFO - send:483 - 127.0.0.1:49281 - "GET /api/v1/articles/?category=Sports&limit=20 HTTP/1.1" 200
2026-02-07 09:23:28 - uvicorn.access - INFO - send:483 - 127.0.0.1:49280 - "GET /api/v1/articles/?category=Environment&limit=20 HTTP/1.1" 200
2026-02-07 09:23:48 - app.core.security - INFO - dispatch:32 - GET /api/v1/trending - 127.0.0.1
2026-02-07 09:23:48 - app.core.security - INFO - dispatch:40 - Response: 404 - 0.002s
2026-02-07 09:23:48 - uvicorn.access - INFO - send:483 - 127.0.0.1:54106 - "GET /api/v1/trending HTTP/1.1" 404
2026-02-07 09:23:51 - app.core.security - INFO - dispatch:32 - GET /api/v1/trending - 127.0.0.1
2026-02-07 09:23:51 - app.core.security - INFO - dispatch:40 - Response: 404 - 0.001s
2026-02-07 09:23:51 - uvicorn.access - INFO - send:483 - 127.0.0.1:54106 - "GET /api/v1/trending HTTP/1.1" 404
2026-02-07 09:25:11 - app.core.security - INFO - dispatch:32 - GET /api/v1/trending - 127.0.0.1
2026-02-07 09:25:11 - app.core.security - INFO - dispatch:40 - Response: 404 - 0.001s
2026-02-07 09:25:11 - uvicorn.access - INFO - send:483 - 127.0.0.1:56360 - "GET /api/v1/trending HTTP/1.1" 404
2026-02-07 09:25:35 - app.core.security - INFO - dispatch:32 - GET /api/v1/articles - 127.0.0.1
2026-02-07 09:25:35 - app.core.security - INFO - dispatch:32 - GET /api/v1/trending - 127.0.0.1
2026-02-07 09:25:35 - app.core.security - INFO - dispatch:40 - Response: 307 - 0.004s
2026-02-07 09:25:35 - uvicorn.access - INFO - send:483 - 127.0.0.1:54354 - "GET /api/v1/articles?limit=20 HTTP/1.1" 307
2026-02-07 09:25:35 - app.core.security - INFO - dispatch:40 - Response: 404 - 0.003s
2026-02-07 09:25:35 - uvicorn.access - INFO - send:483 - 127.0.0.1:54355 - "GET /api/v1/trending HTTP/1.1" 404
2026-02-07 09:25:35 - app.core.security - INFO - dispatch:32 - GET /api/v1/articles/ - 127.0.0.1
2026-02-07 09:25:35 - app.core.security - INFO - dispatch:32 - GET /api/v1/articles - 127.0.0.1
2026-02-07 09:25:35 - app.core.security - INFO - dispatch:32 - GET /api/v1/articles - 127.0.0.1
2026-02-07 09:25:35 - app.core.security - INFO - dispatch:32 - GET /api/v1/articles - 127.0.0.1
2026-02-07 09:25:35 - app.core.security - INFO - dispatch:32 - GET /api/v1/articles - 127.0.0.1
2026-02-07 09:25:35 - app.core.security - INFO - dispatch:32 - GET /api/v1/articles - 127.0.0.1
2026-02-07 09:25:35 - app.core.security - INFO - dispatch:32 - GET /api/v1/articles - 127.0.0.1
2026-02-07 09:25:35 - app.core.security - INFO - dispatch:32 - GET /api/v1/articles - 127.0.0.1
2026-02-07 09:25:35 - app.core.security - INFO - dispatch:32 - GET /api/v1/articles - 127.0.0.1
2026-02-07 09:25:35 - app.core.security - INFO - dispatch:32 - GET /api/v1/articles - 127.0.0.1
2026-02-07 09:25:35 - app.core.security - INFO - dispatch:32 - GET /api/v1/articles - 127.0.0.1
2026-02-07 09:25:35 - app.core.security - INFO - dispatch:32 - GET /api/v1/articles - 127.0.0.1
2026-02-07 09:25:35 - app.core.security - INFO - dispatch:40 - Response: 307 - 0.037s
2026-02-07 09:25:35 - app.core.security - INFO - dispatch:40 - Response: 307 - 0.039s
2026-02-07 09:25:35 - uvicorn.access - INFO - send:483 - 127.0.0.1:54357 - "GET /api/v1/articles?category=World&limit=20 HTTP/1.1" 307
2026-02-07 09:25:35 - app.core.security - INFO - dispatch:40 - Response: 307 - 0.030s
2026-02-07 09:25:35 - app.core.security - INFO - dispatch:40 - Response: 307 - 0.030s
2026-02-07 09:25:35 - app.core.security - INFO - dispatch:40 - Response: 307 - 0.030s
2026-02-07 09:25:35 - app.core.security - INFO - dispatch:40 - Response: 307 - 0.031s
2026-02-07 09:25:35 - app.core.security - INFO - dispatch:40 - Response: 307 - 0.032s
2026-02-07 09:25:35 - app.core.security - INFO - dispatch:40 - Response: 307 - 0.033s
2026-02-07 09:25:35 - app.core.security - INFO - dispatch:40 - Response: 307 - 0.034s
2026-02-07 09:25:35 - app.core.security - INFO - dispatch:40 - Response: 307 - 0.034s
2026-02-07 09:25:35 - app.core.security - INFO - dispatch:40 - Response: 307 - 0.035s
2026-02-07 09:25:35 - uvicorn.access - INFO - send:483 - 127.0.0.1:54358 - "GET /api/v1/articles?category=Business&limit=20 HTTP/1.1" 307
2026-02-07 09:25:35 - uvicorn.access - INFO - send:483 - 127.0.0.1:54361 - "GET /api/v1/articles?category=Science&limit=20 HTTP/1.1" 307
2026-02-07 09:25:35 - uvicorn.access - INFO - send:483 - 127.0.0.1:54362 - "GET /api/v1/articles?category=Health&limit=20 HTTP/1.1" 307
2026-02-07 09:25:35 - uvicorn.access - INFO - send:483 - 127.0.0.1:54359 - "GET /api/v1/articles?category=Technology&limit=20 HTTP/1.1" 307
2026-02-07 09:25:35 - uvicorn.access - INFO - send:483 - 127.0.0.1:54363 - "GET /api/v1/articles?category=Politics&limit=20 HTTP/1.1" 307
2026-02-07 09:25:35 - uvicorn.access - INFO - send:483 - 127.0.0.1:54364 - "GET /api/v1/articles?category=Culture&limit=20 HTTP/1.1" 307
2026-02-07 09:25:35 - uvicorn.access - INFO - send:483 - 127.0.0.1:54365 - "GET /api/v1/articles?category=Sports&limit=20 HTTP/1.1" 307
2026-02-07 09:25:35 - uvicorn.access - INFO - send:483 - 127.0.0.1:54366 - "GET /api/v1/articles?category=Environment&limit=20 HTTP/1.1" 307
2026-02-07 09:25:35 - uvicorn.access - INFO - send:483 - 127.0.0.1:54367 - "GET /api/v1/articles?category=Education&limit=20 HTTP/1.1" 307
2026-02-07 09:25:35 - uvicorn.access - INFO - send:483 - 127.0.0.1:54360 - "GET /api/v1/articles?category=AI+%26+Startups&limit=20 HTTP/1.1" 307
2026-02-07 09:25:35 - app.core.security - INFO - dispatch:40 - Response: 200 - 0.116s
2026-02-07 09:25:35 - app.core.security - INFO - dispatch:32 - GET /api/v1/articles/ - 127.0.0.1
2026-02-07 09:25:35 - uvicorn.access - INFO - send:483 - 127.0.0.1:54356 - "GET /api/v1/articles/?limit=20 HTTP/1.1" 200
2026-02-07 09:25:35 - app.core.security - INFO - dispatch:32 - GET /api/v1/articles/ - 127.0.0.1
2026-02-07 09:25:35 - app.core.security - INFO - dispatch:32 - GET /api/v1/articles/ - 127.0.0.1
2026-02-07 09:25:35 - app.core.security - INFO - dispatch:32 - GET /api/v1/articles/ - 127.0.0.1
2026-02-07 09:25:35 - app.core.security - INFO - dispatch:32 - GET /api/v1/articles/ - 127.0.0.1
2026-02-07 09:25:35 - app.core.security - INFO - dispatch:32 - GET /api/v1/articles/ - 127.0.0.1
2026-02-07 09:25:35 - app.core.security - INFO - dispatch:32 - GET /api/v1/articles/ - 127.0.0.1
2026-02-07 09:25:35 - app.core.security - INFO - dispatch:32 - GET /api/v1/articles/ - 127.0.0.1
2026-02-07 09:25:35 - app.core.security - INFO - dispatch:32 - GET /api/v1/articles/ - 127.0.0.1
2026-02-07 09:25:35 - app.core.security - INFO - dispatch:32 - GET /api/v1/articles/ - 127.0.0.1
2026-02-07 09:25:35 - app.core.security - INFO - dispatch:32 - GET /api/v1/articles/ - 127.0.0.1
2026-02-07 09:25:35 - app.core.security - INFO - dispatch:40 - Response: 200 - 0.112s
2026-02-07 09:25:35 - app.core.security - INFO - dispatch:40 - Response: 200 - 0.117s
2026-02-07 09:25:35 - uvicorn.access - INFO - send:483 - 127.0.0.1:54355 - "GET /api/v1/articles/?category=Business&limit=20 HTTP/1.1" 200
2026-02-07 09:25:35 - uvicorn.access - INFO - send:483 - 127.0.0.1:54354 - "GET /api/v1/articles/?category=World&limit=20 HTTP/1.1" 200
2026-02-07 09:25:35 - app.core.security - INFO - dispatch:40 - Response: 200 - 0.123s
2026-02-07 09:25:35 - uvicorn.access - INFO - send:483 - 127.0.0.1:54374 - "GET /api/v1/articles/?category=Culture&limit=20 HTTP/1.1" 200
2026-02-07 09:25:35 - app.core.security - INFO - dispatch:40 - Response: 200 - 0.328s
2026-02-07 09:25:35 - uvicorn.access - INFO - send:483 - 127.0.0.1:54372 - "GET /api/v1/articles/?category=Technology&limit=20 HTTP/1.1" 200
2026-02-07 09:25:35 - app.core.security - INFO - dispatch:40 - Response: 200 - 0.386s
2026-02-07 09:25:35 - uvicorn.access - INFO - send:483 - 127.0.0.1:54377 - "GET /api/v1/articles/?category=Education&limit=20 HTTP/1.1" 200
2026-02-07 09:25:35 - app.core.security - INFO - dispatch:40 - Response: 200 - 0.454s
2026-02-07 09:25:35 - app.core.security - INFO - dispatch:40 - Response: 200 - 0.459s
2026-02-07 09:25:35 - uvicorn.access - INFO - send:483 - 127.0.0.1:54371 - "GET /api/v1/articles/?category=Health&limit=20 HTTP/1.1" 200
2026-02-07 09:25:35 - app.core.security - INFO - dispatch:40 - Response: 200 - 0.458s
2026-02-07 09:25:36 - uvicorn.access - INFO - send:483 - 127.0.0.1:54375 - "GET /api/v1/articles/?category=Sports&limit=20 HTTP/1.1" 200
2026-02-07 09:25:36 - app.core.security - INFO - dispatch:40 - Response: 200 - 0.460s
2026-02-07 09:25:36 - uvicorn.access - INFO - send:483 - 127.0.0.1:54370 - "GET /api/v1/articles/?category=Science&limit=20 HTTP/1.1" 200
2026-02-07 09:25:36 - app.core.security - INFO - dispatch:40 - Response: 200 - 0.465s
2026-02-07 09:25:36 - app.core.security - INFO - dispatch:40 - Response: 200 - 0.467s
2026-02-07 09:25:36 - uvicorn.access - INFO - send:483 - 127.0.0.1:54373 - "GET /api/v1/articles/?category=Politics&limit=20 HTTP/1.1" 200
2026-02-07 09:25:36 - uvicorn.access - INFO - send:483 - 127.0.0.1:54378 - "GET /api/v1/articles/?category=AI+%26+Startups&limit=20 HTTP/1.1" 200
2026-02-07 09:25:36 - uvicorn.access - INFO - send:483 - 127.0.0.1:54376 - "GET /api/v1/articles/?category=Environment&limit=20 HTTP/1.1" 200
2026-02-07 09:25:36 - app.core.security - INFO - dispatch:32 - GET /api/v1/articles - 127.0.0.1
2026-02-07 09:25:36 - app.core.security - INFO - dispatch:40 - Response: 307 - 0.002s
2026-02-07 09:25:36 - uvicorn.access - INFO - send:483 - 127.0.0.1:51092 - "GET /api/v1/articles?limit=30 HTTP/1.1" 307
2026-02-07 09:25:36 - app.core.security - INFO - dispatch:32 - GET /api/v1/articles - 127.0.0.1
2026-02-07 09:25:36 - app.core.security - INFO - dispatch:40 - Response: 307 - 0.002s
2026-02-07 09:25:36 - uvicorn.access - INFO - send:483 - 127.0.0.1:51092 - "GET /api/v1/articles?limit=30 HTTP/1.1" 307
2026-02-07 09:25:36 - app.core.security - INFO - dispatch:32 - GET /api/v1/articles/ - 127.0.0.1
2026-02-07 09:25:36 - app.core.security - INFO - dispatch:40 - Response: 200 - 0.052s
2026-02-07 09:25:36 - uvicorn.access - INFO - send:483 - 127.0.0.1:49987 - "GET /api/v1/articles/?limit=30 HTTP/1.1" 200
2026-02-07 09:25:36 - app.core.security - INFO - dispatch:32 - GET /api/v1/articles/ - 127.0.0.1
2026-02-07 09:25:36 - app.core.security - INFO - dispatch:40 - Response: 200 - 0.070s
2026-02-07 09:25:36 - uvicorn.access - INFO - send:483 - 127.0.0.1:51092 - "GET /api/v1/articles/?limit=30 HTTP/1.1" 200
2026-02-07 09:25:49 - app.core.security - INFO - dispatch:32 - GET /api/v1/trending - 127.0.0.1
2026-02-07 09:25:49 - app.core.security - INFO - dispatch:40 - Response: 404 - 0.001s
2026-02-07 09:25:49 - uvicorn.access - INFO - send:483 - 127.0.0.1:53058 - "GET /api/v1/trending HTTP/1.1" 404
2026-02-07 09:25:54 - app.core.security - INFO - dispatch:32 - GET /api/v1/trending - 127.0.0.1
2026-02-07 09:25:54 - app.core.security - INFO - dispatch:40 - Response: 404 - 0.001s
2026-02-07 09:25:54 - uvicorn.access - INFO - send:483 - 127.0.0.1:58278 - "GET /api/v1/trending HTTP/1.1" 404
2026-02-07 09:25:55 - app.core.security - INFO - dispatch:32 - GET /health - 127.0.0.1
2026-02-07 09:25:55 - app.core.security - INFO - dispatch:40 - Response: 200 - 0.004s
2026-02-07 09:25:55 - uvicorn.access - INFO - send:483 - 127.0.0.1:59027 - "GET /health HTTP/1.1" 200
2026-02-07 09:25:55 - uvicorn.access - INFO - send:483 - 127.0.0.1:59027 - "OPTIONS /news/stats HTTP/1.1" 200
2026-02-07 09:25:55 - uvicorn.access - INFO - send:483 - 127.0.0.1:53861 - "OPTIONS /news/quick-feed HTTP/1.1" 200
2026-02-07 09:25:55 - app.core.security - INFO - dispatch:32 - GET /news/stats - 127.0.0.1
2026-02-07 09:25:55 - app.core.security - INFO - dispatch:32 - GET /news/quick-feed - 127.0.0.1
2026-02-07 09:25:55 - app.core.security - INFO - dispatch:40 - Response: 200 - 0.038s
2026-02-07 09:25:55 - uvicorn.access - INFO - send:483 - 127.0.0.1:59027 - "GET /news/stats HTTP/1.1" 200
2026-02-07 09:25:55 - app.core.security - INFO - dispatch:40 - Response: 200 - 0.045s
2026-02-07 09:25:55 - uvicorn.access - INFO - send:483 - 127.0.0.1:53861 - "GET /news/quick-feed HTTP/1.1" 200
2026-02-07 09:26:25 - app.core.security - INFO - dispatch:32 - POST /api/v1/auth/login/access-token - 127.0.0.1
2026-02-07 09:26:25 - app.core.security - INFO - dispatch:40 - Response: 400 - 0.022s
2026-02-07 09:26:25 - uvicorn.access - INFO - send:483 - 127.0.0.1:58323 - "POST /api/v1/auth/login/access-token HTTP/1.1" 400
2026-02-07 09:26:39 - app.core.security - INFO - dispatch:32 - GET /api/v1/articles/search - 127.0.0.1
2026-02-07 09:26:39 - app.core.security - INFO - dispatch:40 - Response: 200 - 0.110s
2026-02-07 09:26:39 - uvicorn.access - INFO - send:483 - 127.0.0.1:51634 - "GET /api/v1/articles/search?q=Sports+News&limit=10 HTTP/1.1" 200
2026-02-07 09:27:57 - uvicorn.error - INFO - shutdown:264 - Shutting down
2026-02-07 09:27:57 - uvicorn.error - INFO - shutdown:67 - Waiting for application shutdown.
2026-02-07 09:27:57 - uvicorn.error - INFO - shutdown:76 - Application shutdown complete.
2026-02-07 09:27:57 - uvicorn.error - INFO - _serve:94 - Finished server process [8720]
2026-02-07 09:28:00 - app.core.logging - INFO - setup_logging:70 - Logging system initialized
2026-02-07 09:28:06 - sentence_transformers.SentenceTransformer - INFO - __init__:219 - Use pytorch device_name: cpu
2026-02-07 09:28:06 - sentence_transformers.SentenceTransformer - INFO - __init__:227 - Load pretrained SentenceTransformer: all-MiniLM-L6-v2
2026-02-07 09:28:07 - httpx - INFO - _send_single_request:1025 - HTTP Request: HEAD https://huggingface.co/sentence-transformers/all-MiniLM-L6-v2/resolve/main/modules.json "HTTP/1.1 307 Temporary Redirect"
2026-02-07 09:28:07 - httpx - INFO - _send_single_request:1025 - HTTP Request: HEAD https://huggingface.co/api/resolve-cache/models/sentence-transformers/all-MiniLM-L6-v2/c9745ed1d9f207416be6d2e6f8de32d1f16199bf/modules.json "HTTP/1.1 200 OK"
2026-02-07 09:28:07 - httpx - INFO - _send_single_request:1025 - HTTP Request: HEAD https://huggingface.co/sentence-transformers/all-MiniLM-L6-v2/resolve/main/config_sentence_transformers.json "HTTP/1.1 307 Temporary Redirect"
2026-02-07 09:28:07 - httpx - INFO - _send_single_request:1025 - HTTP Request: HEAD https://huggingface.co/api/resolve-cache/models/sentence-transformers/all-MiniLM-L6-v2/c9745ed1d9f207416be6d2e6f8de32d1f16199bf/config_sentence_transformers.json "HTTP/1.1 200 OK"
2026-02-07 09:28:08 - httpx - INFO - _send_single_request:1025 - HTTP Request: HEAD https://huggingface.co/sentence-transformers/all-MiniLM-L6-v2/resolve/main/config_sentence_transformers.json "HTTP/1.1 307 Temporary Redirect"
2026-02-07 09:28:08 - httpx - INFO - _send_single_request:1025 - HTTP Request: HEAD https://huggingface.co/api/resolve-cache/models/sentence-transformers/all-MiniLM-L6-v2/c9745ed1d9f207416be6d2e6f8de32d1f16199bf/config_sentence_transformers.json "HTTP/1.1 200 OK"
2026-02-07 09:28:08 - httpx - INFO - _send_single_request:1025 - HTTP Request: HEAD https://huggingface.co/sentence-transformers/all-MiniLM-L6-v2/resolve/main/README.md "HTTP/1.1 307 Temporary Redirect"
2026-02-07 09:28:08 - httpx - INFO - _send_single_request:1025 - HTTP Request: HEAD https://huggingface.co/api/resolve-cache/models/sentence-transformers/all-MiniLM-L6-v2/c9745ed1d9f207416be6d2e6f8de32d1f16199bf/README.md "HTTP/1.1 200 OK"
2026-02-07 09:28:08 - httpx - INFO - _send_single_request:1025 - HTTP Request: HEAD https://huggingface.co/sentence-transformers/all-MiniLM-L6-v2/resolve/main/modules.json "HTTP/1.1 307 Temporary Redirect"
2026-02-07 09:28:08 - httpx - INFO - _send_single_request:1025 - HTTP Request: HEAD https://huggingface.co/api/resolve-cache/models/sentence-transformers/all-MiniLM-L6-v2/c9745ed1d9f207416be6d2e6f8de32d1f16199bf/modules.json "HTTP/1.1 200 OK"
2026-02-07 09:28:09 - httpx - INFO - _send_single_request:1025 - HTTP Request: HEAD https://huggingface.co/sentence-transformers/all-MiniLM-L6-v2/resolve/main/sentence_bert_config.json "HTTP/1.1 307 Temporary Redirect"
2026-02-07 09:28:09 - httpx - INFO - _send_single_request:1025 - HTTP Request: HEAD https://huggingface.co/api/resolve-cache/models/sentence-transformers/all-MiniLM-L6-v2/c9745ed1d9f207416be6d2e6f8de32d1f16199bf/sentence_bert_config.json "HTTP/1.1 200 OK"
2026-02-07 09:28:09 - httpx - INFO - _send_single_request:1025 - HTTP Request: HEAD https://huggingface.co/sentence-transformers/all-MiniLM-L6-v2/resolve/main/adapter_config.json "HTTP/1.1 404 Not Found"
2026-02-07 09:28:10 - httpx - INFO - _send_single_request:1025 - HTTP Request: HEAD https://huggingface.co/sentence-transformers/all-MiniLM-L6-v2/resolve/main/config.json "HTTP/1.1 307 Temporary Redirect"
2026-02-07 09:28:10 - httpx - INFO - _send_single_request:1025 - HTTP Request: HEAD https://huggingface.co/api/resolve-cache/models/sentence-transformers/all-MiniLM-L6-v2/c9745ed1d9f207416be6d2e6f8de32d1f16199bf/config.json "HTTP/1.1 200 OK"
2026-02-07 09:28:10 - httpx - INFO - _send_single_request:1025 - HTTP Request: HEAD https://huggingface.co/sentence-transformers/all-MiniLM-L6-v2/resolve/main/config.json "HTTP/1.1 307 Temporary Redirect"
2026-02-07 09:28:10 - httpx - INFO - _send_single_request:1025 - HTTP Request: HEAD https://huggingface.co/api/resolve-cache/models/sentence-transformers/all-MiniLM-L6-v2/c9745ed1d9f207416be6d2e6f8de32d1f16199bf/config.json "HTTP/1.1 200 OK"
2026-02-07 09:28:11 - httpx - INFO - _send_single_request:1025 - HTTP Request: HEAD https://huggingface.co/sentence-transformers/all-MiniLM-L6-v2/resolve/main/tokenizer_config.json "HTTP/1.1 307 Temporary Redirect"
2026-02-07 09:28:11 - httpx - INFO - _send_single_request:1025 - HTTP Request: HEAD https://huggingface.co/api/resolve-cache/models/sentence-transformers/all-MiniLM-L6-v2/c9745ed1d9f207416be6d2e6f8de32d1f16199bf/tokenizer_config.json "HTTP/1.1 200 OK"
2026-02-07 09:28:11 - httpx - INFO - _send_single_request:1025 - HTTP Request: GET https://huggingface.co/api/models/sentence-transformers/all-MiniLM-L6-v2/tree/main/additional_chat_templates?recursive=false&expand=false "HTTP/1.1 404 Not Found"
2026-02-07 09:28:11 - httpx - INFO - _send_single_request:1025 - HTTP Request: GET https://huggingface.co/api/models/sentence-transformers/all-MiniLM-L6-v2/tree/main?recursive=true&expand=false "HTTP/1.1 200 OK"
2026-02-07 09:28:12 - httpx - INFO - _send_single_request:1025 - HTTP Request: HEAD https://huggingface.co/sentence-transformers/all-MiniLM-L6-v2/resolve/main/1_Pooling/config.json "HTTP/1.1 307 Temporary Redirect"
2026-02-07 09:28:12 - httpx - INFO - _send_single_request:1025 - HTTP Request: HEAD https://huggingface.co/api/resolve-cache/models/sentence-transformers/all-MiniLM-L6-v2/c9745ed1d9f207416be6d2e6f8de32d1f16199bf/1_Pooling%2Fconfig.json "HTTP/1.1 200 OK"
2026-02-07 09:28:12 - httpx - INFO - _send_single_request:1025 - HTTP Request: GET https://huggingface.co/api/models/sentence-transformers/all-MiniLM-L6-v2 "HTTP/1.1 200 OK"
2026-02-07 09:28:12 - app.services.deduplicator - INFO - __init__:20 - Deduplicator loaded on cpu
2026-02-07 09:28:12 - uvicorn.error - INFO - _serve:84 - Started server process [4236]
2026-02-07 09:28:12 - uvicorn.error - INFO - startup:48 - Waiting for application startup.
2026-02-07 09:28:12 - app.main - INFO - startup_event:50 - Background News Scraper Started
2026-02-07 09:28:12 - jobs - INFO - init_db:15 - Initializing database...
2026-02-07 09:28:12 - jobs - INFO - run_scraper_loop:25 - Starting Newsroom Ingestion Cycle #1 at 2026-02-07 09:28:12.669474
2026-02-07 09:28:12 - jobs - INFO - run_scraper_loop:30 - Scraping source: Reuters
2026-02-07 09:28:12 - app.services.scraper_v2 - INFO - get_links:108 - Scraping feed: https://www.reuters.com/world/
2026-02-07 09:28:12 - uvicorn.error - INFO - startup:62 - Application startup complete.
2026-02-07 09:28:16 - app.services.scraper_v2 - INFO - get_links:108 - Scraping feed: https://www.reuters.com/business/
2026-02-07 09:28:16 - uvicorn.error - INFO - shutdown:264 - Shutting down
2026-02-07 09:28:16 - uvicorn.error - INFO - shutdown:67 - Waiting for application shutdown.
2026-02-07 09:28:16 - uvicorn.error - INFO - shutdown:76 - Application shutdown complete.
2026-02-07 09:28:16 - uvicorn.error - INFO - _serve:94 - Finished server process [4236]
2026-02-07 09:28:19 - app.services.scraper_v2 - INFO - get_links:108 - Scraping feed: https://www.reuters.com/technology/
2026-02-07 09:28:21 - app.services.scraper_v2 - INFO - get_links:108 - Scraping feed: https://www.reuters.com/science/
2026-02-07 09:28:26 - app.core.logging - INFO - setup_logging:70 - Logging system initialized
2026-02-07 09:28:31 - sentence_transformers.SentenceTransformer - INFO - __init__:219 - Use pytorch device_name: cpu
2026-02-07 09:28:31 - sentence_transformers.SentenceTransformer - INFO - __init__:227 - Load pretrained SentenceTransformer: all-MiniLM-L6-v2
2026-02-07 09:28:32 - httpx - INFO - _send_single_request:1025 - HTTP Request: HEAD https://huggingface.co/sentence-transformers/all-MiniLM-L6-v2/resolve/main/modules.json "HTTP/1.1 307 Temporary Redirect"
2026-02-07 09:28:32 - httpx - INFO - _send_single_request:1025 - HTTP Request: HEAD https://huggingface.co/api/resolve-cache/models/sentence-transformers/all-MiniLM-L6-v2/c9745ed1d9f207416be6d2e6f8de32d1f16199bf/modules.json "HTTP/1.1 200 OK"
2026-02-07 09:28:32 - httpx - INFO - _send_single_request:1025 - HTTP Request: HEAD https://huggingface.co/sentence-transformers/all-MiniLM-L6-v2/resolve/main/config_sentence_transformers.json "HTTP/1.1 307 Temporary Redirect"
2026-02-07 09:28:32 - httpx - INFO - _send_single_request:1025 - HTTP Request: HEAD https://huggingface.co/api/resolve-cache/models/sentence-transformers/all-MiniLM-L6-v2/c9745ed1d9f207416be6d2e6f8de32d1f16199bf/config_sentence_transformers.json "HTTP/1.1 200 OK"
2026-02-07 09:28:32 - httpx - INFO - _send_single_request:1025 - HTTP Request: HEAD https://huggingface.co/sentence-transformers/all-MiniLM-L6-v2/resolve/main/config_sentence_transformers.json "HTTP/1.1 307 Temporary Redirect"
2026-02-07 09:28:32 - huggingface_hub.utils._http - WARNING - _warn_on_warning_headers:779 - Warning: You are sending unauthenticated requests to the HF Hub. Please set a HF_TOKEN to enable higher rate limits and faster downloads.
2026-02-07 09:28:32 - httpx - INFO - _send_single_request:1025 - HTTP Request: HEAD https://huggingface.co/api/resolve-cache/models/sentence-transformers/all-MiniLM-L6-v2/c9745ed1d9f207416be6d2e6f8de32d1f16199bf/config_sentence_transformers.json "HTTP/1.1 200 OK"
2026-02-07 09:28:33 - httpx - INFO - _send_single_request:1025 - HTTP Request: HEAD https://huggingface.co/sentence-transformers/all-MiniLM-L6-v2/resolve/main/README.md "HTTP/1.1 307 Temporary Redirect"
2026-02-07 09:28:33 - httpx - INFO - _send_single_request:1025 - HTTP Request: HEAD https://huggingface.co/api/resolve-cache/models/sentence-transformers/all-MiniLM-L6-v2/c9745ed1d9f207416be6d2e6f8de32d1f16199bf/README.md "HTTP/1.1 200 OK"
2026-02-07 09:28:33 - httpx - INFO - _send_single_request:1025 - HTTP Request: HEAD https://huggingface.co/sentence-transformers/all-MiniLM-L6-v2/resolve/main/modules.json "HTTP/1.1 307 Temporary Redirect"
2026-02-07 09:28:33 - httpx - INFO - _send_single_request:1025 - HTTP Request: HEAD https://huggingface.co/api/resolve-cache/models/sentence-transformers/all-MiniLM-L6-v2/c9745ed1d9f207416be6d2e6f8de32d1f16199bf/modules.json "HTTP/1.1 200 OK"
2026-02-07 09:28:34 - httpx - INFO - _send_single_request:1025 - HTTP Request: HEAD https://huggingface.co/sentence-transformers/all-MiniLM-L6-v2/resolve/main/sentence_bert_config.json "HTTP/1.1 307 Temporary Redirect"
2026-02-07 09:28:34 - httpx - INFO - _send_single_request:1025 - HTTP Request: HEAD https://huggingface.co/api/resolve-cache/models/sentence-transformers/all-MiniLM-L6-v2/c9745ed1d9f207416be6d2e6f8de32d1f16199bf/sentence_bert_config.json "HTTP/1.1 200 OK"
2026-02-07 09:28:34 - httpx - INFO - _send_single_request:1025 - HTTP Request: HEAD https://huggingface.co/sentence-transformers/all-MiniLM-L6-v2/resolve/main/adapter_config.json "HTTP/1.1 404 Not Found"
2026-02-07 09:28:34 - httpx - INFO - _send_single_request:1025 - HTTP Request: HEAD https://huggingface.co/sentence-transformers/all-MiniLM-L6-v2/resolve/main/config.json "HTTP/1.1 307 Temporary Redirect"
2026-02-07 09:28:34 - httpx - INFO - _send_single_request:1025 - HTTP Request: HEAD https://huggingface.co/api/resolve-cache/models/sentence-transformers/all-MiniLM-L6-v2/c9745ed1d9f207416be6d2e6f8de32d1f16199bf/config.json "HTTP/1.1 200 OK"
2026-02-07 09:28:35 - httpx - INFO - _send_single_request:1025 - HTTP Request: HEAD https://huggingface.co/sentence-transformers/all-MiniLM-L6-v2/resolve/main/config.json "HTTP/1.1 307 Temporary Redirect"
2026-02-07 09:28:35 - httpx - INFO - _send_single_request:1025 - HTTP Request: HEAD https://huggingface.co/api/resolve-cache/models/sentence-transformers/all-MiniLM-L6-v2/c9745ed1d9f207416be6d2e6f8de32d1f16199bf/config.json "HTTP/1.1 200 OK"
2026-02-07 09:28:35 - httpx - INFO - _send_single_request:1025 - HTTP Request: HEAD https://huggingface.co/sentence-transformers/all-MiniLM-L6-v2/resolve/main/tokenizer_config.json "HTTP/1.1 307 Temporary Redirect"
2026-02-07 09:28:35 - httpx - INFO - _send_single_request:1025 - HTTP Request: HEAD https://huggingface.co/api/resolve-cache/models/sentence-transformers/all-MiniLM-L6-v2/c9745ed1d9f207416be6d2e6f8de32d1f16199bf/tokenizer_config.json "HTTP/1.1 200 OK"
2026-02-07 09:28:35 - httpx - INFO - _send_single_request:1025 - HTTP Request: GET https://huggingface.co/api/models/sentence-transformers/all-MiniLM-L6-v2/tree/main/additional_chat_templates?recursive=false&expand=false "HTTP/1.1 404 Not Found"
2026-02-07 09:28:36 - httpx - INFO - _send_single_request:1025 - HTTP Request: GET https://huggingface.co/api/models/sentence-transformers/all-MiniLM-L6-v2/tree/main?recursive=true&expand=false "HTTP/1.1 200 OK"
2026-02-07 09:28:36 - httpx - INFO - _send_single_request:1025 - HTTP Request: HEAD https://huggingface.co/sentence-transformers/all-MiniLM-L6-v2/resolve/main/1_Pooling/config.json "HTTP/1.1 307 Temporary Redirect"
2026-02-07 09:28:36 - httpx - INFO - _send_single_request:1025 - HTTP Request: HEAD https://huggingface.co/api/resolve-cache/models/sentence-transformers/all-MiniLM-L6-v2/c9745ed1d9f207416be6d2e6f8de32d1f16199bf/1_Pooling%2Fconfig.json "HTTP/1.1 200 OK"
2026-02-07 09:28:36 - httpx - INFO - _send_single_request:1025 - HTTP Request: GET https://huggingface.co/api/models/sentence-transformers/all-MiniLM-L6-v2 "HTTP/1.1 200 OK"
2026-02-07 09:28:36 - app.services.deduplicator - INFO - __init__:20 - Deduplicator loaded on cpu
2026-02-07 09:28:36 - uvicorn.error - INFO - _serve:84 - Started server process [3680]
2026-02-07 09:28:36 - uvicorn.error - INFO - startup:48 - Waiting for application startup.
2026-02-07 09:28:36 - app.main - INFO - startup_event:50 - Background News Scraper Started
2026-02-07 09:28:36 - jobs - INFO - init_db:15 - Initializing database...
2026-02-07 09:28:36 - jobs - INFO - run_scraper_loop:25 - Starting Newsroom Ingestion Cycle #1 at 2026-02-07 09:28:36.759582
2026-02-07 09:28:36 - jobs - INFO - run_scraper_loop:30 - Scraping source: Reuters
2026-02-07 09:28:36 - app.services.scraper_v2 - INFO - get_links:108 - Scraping feed: https://www.reuters.com/world/
2026-02-07 09:28:36 - uvicorn.error - INFO - startup:62 - Application startup complete.
2026-02-07 09:28:40 - app.services.scraper_v2 - INFO - get_links:108 - Scraping feed: https://www.reuters.com/business/
2026-02-07 09:28:43 - app.services.scraper_v2 - INFO - get_links:108 - Scraping feed: https://www.reuters.com/technology/
2026-02-07 09:28:45 - app.services.scraper_v2 - INFO - get_links:108 - Scraping feed: https://www.reuters.com/science/
2026-02-07 09:28:47 - jobs - INFO - run_scraper_loop:30 - Scraping source: Associated Press
2026-02-07 09:28:47 - app.services.scraper_v2 - INFO - get_links:108 - Scraping feed: https://apnews.com/hub/politics
2026-02-07 09:29:12 - app.services.scraper_v2 - INFO - get_links:108 - Scraping feed: https://apnews.com/hub/business
2026-02-07 09:29:33 - app.services.scraper_v2 - INFO - get_links:108 - Scraping feed: https://apnews.com/hub/science
2026-02-07 09:29:55 - uvicorn.error - INFO - shutdown:264 - Shutting down
2026-02-07 09:29:55 - uvicorn.error - INFO - shutdown:67 - Waiting for application shutdown.
2026-02-07 09:29:55 - uvicorn.error - INFO - shutdown:76 - Application shutdown complete.
2026-02-07 09:29:55 - uvicorn.error - INFO - _serve:94 - Finished server process [3680]
2026-02-07 09:29:57 - app.services.scraper_v2 - INFO - get_links:108 - Scraping feed: https://apnews.com/hub/health
2026-02-07 09:30:03 - app.core.logging - INFO - setup_logging:70 - Logging system initialized
2026-02-07 09:30:08 - sentence_transformers.SentenceTransformer - INFO - __init__:219 - Use pytorch device_name: cpu
2026-02-07 09:30:08 - sentence_transformers.SentenceTransformer - INFO - __init__:227 - Load pretrained SentenceTransformer: all-MiniLM-L6-v2
2026-02-07 09:30:09 - httpx - INFO - _send_single_request:1025 - HTTP Request: HEAD https://huggingface.co/sentence-transformers/all-MiniLM-L6-v2/resolve/main/modules.json "HTTP/1.1 307 Temporary Redirect"
2026-02-07 09:30:09 - httpx - INFO - _send_single_request:1025 - HTTP Request: HEAD https://huggingface.co/api/resolve-cache/models/sentence-transformers/all-MiniLM-L6-v2/c9745ed1d9f207416be6d2e6f8de32d1f16199bf/modules.json "HTTP/1.1 200 OK"
2026-02-07 09:30:10 - httpx - INFO - _send_single_request:1025 - HTTP Request: HEAD https://huggingface.co/sentence-transformers/all-MiniLM-L6-v2/resolve/main/config_sentence_transformers.json "HTTP/1.1 307 Temporary Redirect"
2026-02-07 09:30:10 - huggingface_hub.utils._http - WARNING - _warn_on_warning_headers:779 - Warning: You are sending unauthenticated requests to the HF Hub. Please set a HF_TOKEN to enable higher rate limits and faster downloads.
2026-02-07 09:30:10 - httpx - INFO - _send_single_request:1025 - HTTP Request: HEAD https://huggingface.co/api/resolve-cache/models/sentence-transformers/all-MiniLM-L6-v2/c9745ed1d9f207416be6d2e6f8de32d1f16199bf/config_sentence_transformers.json "HTTP/1.1 200 OK"
2026-02-07 09:30:10 - httpx - INFO - _send_single_request:1025 - HTTP Request: HEAD https://huggingface.co/sentence-transformers/all-MiniLM-L6-v2/resolve/main/config_sentence_transformers.json "HTTP/1.1 307 Temporary Redirect"
2026-02-07 09:30:10 - httpx - INFO - _send_single_request:1025 - HTTP Request: HEAD https://huggingface.co/api/resolve-cache/models/sentence-transformers/all-MiniLM-L6-v2/c9745ed1d9f207416be6d2e6f8de32d1f16199bf/config_sentence_transformers.json "HTTP/1.1 200 OK"
2026-02-07 09:30:10 - httpx - INFO - _send_single_request:1025 - HTTP Request: HEAD https://huggingface.co/sentence-transformers/all-MiniLM-L6-v2/resolve/main/README.md "HTTP/1.1 307 Temporary Redirect"
2026-02-07 09:30:10 - httpx - INFO - _send_single_request:1025 - HTTP Request: HEAD https://huggingface.co/api/resolve-cache/models/sentence-transformers/all-MiniLM-L6-v2/c9745ed1d9f207416be6d2e6f8de32d1f16199bf/README.md "HTTP/1.1 200 OK"
2026-02-07 09:30:10 - httpx - INFO - _send_single_request:1025 - HTTP Request: HEAD https://huggingface.co/sentence-transformers/all-MiniLM-L6-v2/resolve/main/modules.json "HTTP/1.1 307 Temporary Redirect"
2026-02-07 09:30:11 - httpx - INFO - _send_single_request:1025 - HTTP Request: HEAD https://huggingface.co/api/resolve-cache/models/sentence-transformers/all-MiniLM-L6-v2/c9745ed1d9f207416be6d2e6f8de32d1f16199bf/modules.json "HTTP/1.1 200 OK"
2026-02-07 09:30:11 - httpx - INFO - _send_single_request:1025 - HTTP Request: HEAD https://huggingface.co/sentence-transformers/all-MiniLM-L6-v2/resolve/main/sentence_bert_config.json "HTTP/1.1 307 Temporary Redirect"
2026-02-07 09:30:11 - httpx - INFO - _send_single_request:1025 - HTTP Request: HEAD https://huggingface.co/api/resolve-cache/models/sentence-transformers/all-MiniLM-L6-v2/c9745ed1d9f207416be6d2e6f8de32d1f16199bf/sentence_bert_config.json "HTTP/1.1 200 OK"
2026-02-07 09:30:11 - httpx - INFO - _send_single_request:1025 - HTTP Request: HEAD https://huggingface.co/sentence-transformers/all-MiniLM-L6-v2/resolve/main/adapter_config.json "HTTP/1.1 404 Not Found"
2026-02-07 09:30:12 - httpx - INFO - _send_single_request:1025 - HTTP Request: HEAD https://huggingface.co/sentence-transformers/all-MiniLM-L6-v2/resolve/main/config.json "HTTP/1.1 307 Temporary Redirect"
2026-02-07 09:30:12 - httpx - INFO - _send_single_request:1025 - HTTP Request: HEAD https://huggingface.co/api/resolve-cache/models/sentence-transformers/all-MiniLM-L6-v2/c9745ed1d9f207416be6d2e6f8de32d1f16199bf/config.json "HTTP/1.1 200 OK"
2026-02-07 09:30:12 - httpx - INFO - _send_single_request:1025 - HTTP Request: HEAD https://huggingface.co/sentence-transformers/all-MiniLM-L6-v2/resolve/main/config.json "HTTP/1.1 307 Temporary Redirect"
2026-02-07 09:30:12 - httpx - INFO - _send_single_request:1025 - HTTP Request: HEAD https://huggingface.co/api/resolve-cache/models/sentence-transformers/all-MiniLM-L6-v2/c9745ed1d9f207416be6d2e6f8de32d1f16199bf/config.json "HTTP/1.1 200 OK"
2026-02-07 09:30:12 - httpx - INFO - _send_single_request:1025 - HTTP Request: HEAD https://huggingface.co/sentence-transformers/all-MiniLM-L6-v2/resolve/main/tokenizer_config.json "HTTP/1.1 307 Temporary Redirect"
2026-02-07 09:30:13 - httpx - INFO - _send_single_request:1025 - HTTP Request: HEAD https://huggingface.co/api/resolve-cache/models/sentence-transformers/all-MiniLM-L6-v2/c9745ed1d9f207416be6d2e6f8de32d1f16199bf/tokenizer_config.json "HTTP/1.1 200 OK"
2026-02-07 09:30:13 - httpx - INFO - _send_single_request:1025 - HTTP Request: GET https://huggingface.co/api/models/sentence-transformers/all-MiniLM-L6-v2/tree/main/additional_chat_templates?recursive=false&expand=false "HTTP/1.1 404 Not Found"
2026-02-07 09:30:13 - httpx - INFO - _send_single_request:1025 - HTTP Request: GET https://huggingface.co/api/models/sentence-transformers/all-MiniLM-L6-v2/tree/main?recursive=true&expand=false "HTTP/1.1 200 OK"
2026-02-07 09:30:14 - httpx - INFO - _send_single_request:1025 - HTTP Request: HEAD https://huggingface.co/sentence-transformers/all-MiniLM-L6-v2/resolve/main/1_Pooling/config.json "HTTP/1.1 307 Temporary Redirect"
2026-02-07 09:30:14 - httpx - INFO - _send_single_request:1025 - HTTP Request: HEAD https://huggingface.co/api/resolve-cache/models/sentence-transformers/all-MiniLM-L6-v2/c9745ed1d9f207416be6d2e6f8de32d1f16199bf/1_Pooling%2Fconfig.json "HTTP/1.1 200 OK"
2026-02-07 09:30:14 - httpx - INFO - _send_single_request:1025 - HTTP Request: GET https://huggingface.co/api/models/sentence-transformers/all-MiniLM-L6-v2 "HTTP/1.1 200 OK"
2026-02-07 09:30:14 - app.services.deduplicator - INFO - __init__:20 - Deduplicator loaded on cpu
2026-02-07 09:30:14 - uvicorn.error - INFO - _serve:84 - Started server process [9504]
2026-02-07 09:30:14 - uvicorn.error - INFO - startup:48 - Waiting for application startup.
2026-02-07 09:30:14 - app.main - INFO - startup_event:50 - Background News Scraper Started
2026-02-07 09:30:14 - jobs - INFO - init_db:15 - Initializing database...
2026-02-07 09:30:14 - jobs - INFO - run_scraper_loop:25 - Starting Newsroom Ingestion Cycle #1 at 2026-02-07 09:30:14.567701
2026-02-07 09:30:14 - jobs - INFO - run_scraper_loop:30 - Scraping source: Reuters
2026-02-07 09:30:14 - app.services.scraper_v2 - INFO - get_links:108 - Scraping feed: https://www.reuters.com/world/
2026-02-07 09:30:14 - uvicorn.error - INFO - startup:62 - Application startup complete.
2026-02-07 09:30:18 - app.services.scraper_v2 - INFO - get_links:108 - Scraping feed: https://www.reuters.com/business/
2026-02-07 09:30:20 - app.services.scraper_v2 - INFO - get_links:108 - Scraping feed: https://www.reuters.com/technology/
2026-02-07 09:30:23 - app.services.scraper_v2 - INFO - get_links:108 - Scraping feed: https://www.reuters.com/science/
2026-02-07 09:30:25 - jobs - INFO - run_scraper_loop:30 - Scraping source: Associated Press
2026-02-07 09:30:25 - app.services.scraper_v2 - INFO - get_links:108 - Scraping feed: https://apnews.com/hub/politics
2026-02-07 09:30:50 - app.services.scraper_v2 - INFO - get_links:108 - Scraping feed: https://apnews.com/hub/business
2026-02-07 09:31:01 - app.core.security - INFO - dispatch:32 - POST /api/v1/auth/login/access-token - 127.0.0.1
2026-02-07 09:31:01 - app.core.security - INFO - dispatch:40 - Response: 400 - 0.273s
2026-02-07 09:31:01 - uvicorn.access - INFO - send:483 - 127.0.0.1:52793 - "POST /api/v1/auth/login/access-token HTTP/1.1" 400
2026-02-07 09:31:13 - app.services.scraper_v2 - INFO - get_links:108 - Scraping feed: https://apnews.com/hub/science
2026-02-07 09:31:37 - app.services.scraper_v2 - INFO - get_links:108 - Scraping feed: https://apnews.com/hub/health
2026-02-07 09:32:00 - jobs - INFO - run_scraper_loop:30 - Scraping source: Bloomberg
2026-02-07 09:32:00 - app.services.scraper_v2 - INFO - get_links:108 - Scraping feed: https://www.bloomberg.com/technology
2026-02-07 09:32:01 - app.services.scraper_v2 - INFO - get_links:108 - Scraping feed: https://www.bloomberg.com/markets
2026-02-07 09:32:02 - app.services.scraper_v2 - INFO - get_links:108 - Scraping feed: https://www.bloomberg.com/politics
2026-02-07 09:32:03 - jobs - INFO - run_scraper_loop:30 - Scraping source: VentureBeat AI
2026-02-07 09:32:03 - app.services.scraper_v2 - INFO - get_links:108 - Scraping feed: https://venturebeat.com/category/ai/
2026-02-07 09:32:10 - jobs - INFO - run_scraper_loop:30 - Scraping source: AI News
2026-02-07 09:32:10 - app.services.scraper_v2 - INFO - get_links:108 - Scraping feed: https://www.artificialintelligence-news.com/
2026-02-07 09:32:12 - app.services.scraper_v2 - ERROR - get_links:127 - Failed to scrape feed https://www.artificialintelligence-news.com/: ('Connection aborted.', RemoteDisconnected('Remote end closed connection without response'))
2026-02-07 09:32:12 - jobs - INFO - run_scraper_loop:30 - Scraping source: Sifted
2026-02-07 09:32:12 - app.services.scraper_v2 - INFO - get_links:108 - Scraping feed: https://sifted.eu/sections/artificial-intelligence/
2026-02-07 09:32:13 - app.services.scraper_v2 - INFO - get_links:108 - Scraping feed: https://sifted.eu/sections/startups/
2026-02-07 09:32:13 - jobs - INFO - run_scraper_loop:30 - Scraping source: Nature
2026-02-07 09:32:13 - app.services.scraper_v2 - INFO - get_links:108 - Scraping feed: https://www.nature.com/nature/articles?type=news
2026-02-07 09:32:16 - jobs - INFO - run_scraper_loop:30 - Scraping source: New Scientist
2026-02-07 09:32:16 - app.services.scraper_v2 - INFO - get_links:108 - Scraping feed: https://www.newscientist.com/section/news/
2026-02-07 09:32:30 - app.services.scraper_v2 - INFO - get_links:108 - Scraping feed: https://www.newscientist.com/subject/environment/
2026-02-07 09:32:43 - jobs - INFO - run_scraper_loop:30 - Scraping source: EdSurge
2026-02-07 09:32:43 - app.services.scraper_v2 - INFO - get_links:108 - Scraping feed: https://www.edsurge.com/news
2026-02-07 09:33:03 - jobs - INFO - run_scraper_loop:30 - Scraping source: Inside Higher Ed
2026-02-07 09:33:03 - app.services.scraper_v2 - INFO - get_links:108 - Scraping feed: https://www.insidehighered.com/news
2026-02-07 09:33:20 - jobs - INFO - run_scraper_loop:30 - Scraping source: The Guardian Environment
2026-02-07 09:33:20 - app.services.scraper_v2 - INFO - get_links:108 - Scraping feed: https://www.theguardian.com/environment
2026-02-07 09:33:36 - jobs - INFO - run_scraper_loop:30 - Scraping source: Grist
2026-02-07 09:33:36 - app.services.scraper_v2 - INFO - get_links:108 - Scraping feed: https://grist.org/news/
2026-02-07 09:33:37 - jobs - INFO - run_scraper_loop:30 - Scraping source: Mongabay
2026-02-07 09:33:37 - app.services.scraper_v2 - INFO - get_links:108 - Scraping feed: https://news.mongabay.com/
2026-02-07 09:33:37 - jobs - INFO - run_scraper_loop:30 - Scraping source: National Geographic
2026-02-07 09:33:37 - app.services.scraper_v2 - INFO - get_links:108 - Scraping feed: https://www.nationalgeographic.com/environment
2026-02-07 09:34:18 - jobs - INFO - run_scraper_loop:30 - Scraping source: The Hindu
2026-02-07 09:34:18 - app.services.scraper_v2 - INFO - get_links:108 - Scraping feed: https://www.thehindu.com/news/national/
2026-02-07 09:34:27 - app.services.scraper_v2 - INFO - get_links:108 - Scraping feed: https://www.thehindu.com/sci-tech/technology/
2026-02-07 09:34:35 - app.services.scraper_v2 - INFO - get_links:108 - Scraping feed: https://www.thehindu.com/sport/
2026-02-07 09:34:44 - jobs - INFO - run_scraper_loop:30 - Scraping source: ESPN
2026-02-07 09:34:44 - app.services.scraper_v2 - INFO - get_links:108 - Scraping feed: https://www.espn.com/
2026-02-07 09:35:15 - app.services.scraper_v2 - INFO - get_links:108 - Scraping feed: https://www.espn.com/nfl/
2026-02-07 09:35:44 - app.services.scraper_v2 - INFO - get_links:108 - Scraping feed: https://www.espn.com/nba/
2026-02-07 09:36:16 - jobs - INFO - run_scraper_loop:30 - Scraping source: BBC Sport
2026-02-07 09:36:16 - app.services.scraper_v2 - INFO - get_links:108 - Scraping feed: https://www.bbc.com/sport
2026-02-07 09:36:36 - app.services.scraper_v2 - INFO - get_links:108 - Scraping feed: https://www.bbc.com/sport/football
2026-02-07 09:36:55 - app.services.scraper_v2 - INFO - get_links:108 - Scraping feed: https://www.bbc.com/sport/cricket
2026-02-07 09:37:13 - jobs - INFO - run_scraper_loop:34 - Cycle #1 complete. Added 50 high-quality articles.
2026-02-07 09:37:13 - jobs - INFO - run_scraper_loop:38 - Newsroom heartbeat: Next cycle in 30 minutes.
2026-02-07 09:51:52 - uvicorn.error - INFO - shutdown:264 - Shutting down
2026-02-07 09:51:52 - uvicorn.error - INFO - shutdown:67 - Waiting for application shutdown.
2026-02-07 09:51:52 - uvicorn.error - INFO - shutdown:76 - Application shutdown complete.
2026-02-07 09:51:52 - uvicorn.error - INFO - _serve:94 - Finished server process [9504]
2026-02-07 09:51:55 - app.core.logging - INFO - setup_logging:70 - Logging system initialized
2026-02-07 09:52:02 - sentence_transformers.SentenceTransformer - INFO - __init__:219 - Use pytorch device_name: cpu
2026-02-07 09:52:02 - sentence_transformers.SentenceTransformer - INFO - __init__:227 - Load pretrained SentenceTransformer: all-MiniLM-L6-v2
2026-02-07 09:52:03 - httpx - INFO - _send_single_request:1025 - HTTP Request: HEAD https://huggingface.co/sentence-transformers/all-MiniLM-L6-v2/resolve/main/modules.json "HTTP/1.1 307 Temporary Redirect"
2026-02-07 09:52:03 - httpx - INFO - _send_single_request:1025 - HTTP Request: HEAD https://huggingface.co/api/resolve-cache/models/sentence-transformers/all-MiniLM-L6-v2/c9745ed1d9f207416be6d2e6f8de32d1f16199bf/modules.json "HTTP/1.1 200 OK"
2026-02-07 09:52:03 - httpx - INFO - _send_single_request:1025 - HTTP Request: HEAD https://huggingface.co/sentence-transformers/all-MiniLM-L6-v2/resolve/main/config_sentence_transformers.json "HTTP/1.1 307 Temporary Redirect"
2026-02-07 09:52:03 - httpx - INFO - _send_single_request:1025 - HTTP Request: HEAD https://huggingface.co/api/resolve-cache/models/sentence-transformers/all-MiniLM-L6-v2/c9745ed1d9f207416be6d2e6f8de32d1f16199bf/config_sentence_transformers.json "HTTP/1.1 200 OK"
2026-02-07 09:52:03 - httpx - INFO - _send_single_request:1025 - HTTP Request: HEAD https://huggingface.co/sentence-transformers/all-MiniLM-L6-v2/resolve/main/config_sentence_transformers.json "HTTP/1.1 307 Temporary Redirect"
2026-02-07 09:52:03 - httpx - INFO - _send_single_request:1025 - HTTP Request: HEAD https://huggingface.co/api/resolve-cache/models/sentence-transformers/all-MiniLM-L6-v2/c9745ed1d9f207416be6d2e6f8de32d1f16199bf/config_sentence_transformers.json "HTTP/1.1 200 OK"
2026-02-07 09:52:04 - httpx - INFO - _send_single_request:1025 - HTTP Request: HEAD https://huggingface.co/sentence-transformers/all-MiniLM-L6-v2/resolve/main/README.md "HTTP/1.1 307 Temporary Redirect"
2026-02-07 09:52:04 - httpx - INFO - _send_single_request:1025 - HTTP Request: HEAD https://huggingface.co/api/resolve-cache/models/sentence-transformers/all-MiniLM-L6-v2/c9745ed1d9f207416be6d2e6f8de32d1f16199bf/README.md "HTTP/1.1 200 OK"
2026-02-07 09:52:04 - httpx - INFO - _send_single_request:1025 - HTTP Request: HEAD https://huggingface.co/sentence-transformers/all-MiniLM-L6-v2/resolve/main/modules.json "HTTP/1.1 307 Temporary Redirect"
2026-02-07 09:52:04 - httpx - INFO - _send_single_request:1025 - HTTP Request: HEAD https://huggingface.co/api/resolve-cache/models/sentence-transformers/all-MiniLM-L6-v2/c9745ed1d9f207416be6d2e6f8de32d1f16199bf/modules.json "HTTP/1.1 200 OK"
2026-02-07 09:52:04 - httpx - INFO - _send_single_request:1025 - HTTP Request: HEAD https://huggingface.co/sentence-transformers/all-MiniLM-L6-v2/resolve/main/sentence_bert_config.json "HTTP/1.1 307 Temporary Redirect"
2026-02-07 09:52:04 - httpx - INFO - _send_single_request:1025 - HTTP Request: HEAD https://huggingface.co/api/resolve-cache/models/sentence-transformers/all-MiniLM-L6-v2/c9745ed1d9f207416be6d2e6f8de32d1f16199bf/sentence_bert_config.json "HTTP/1.1 200 OK"
2026-02-07 09:52:05 - httpx - INFO - _send_single_request:1025 - HTTP Request: HEAD https://huggingface.co/sentence-transformers/all-MiniLM-L6-v2/resolve/main/adapter_config.json "HTTP/1.1 404 Not Found"
2026-02-07 09:52:05 - huggingface_hub.utils._http - WARNING - _warn_on_warning_headers:779 - Warning: You are sending unauthenticated requests to the HF Hub. Please set a HF_TOKEN to enable higher rate limits and faster downloads.
2026-02-07 09:52:05 - httpx - INFO - _send_single_request:1025 - HTTP Request: HEAD https://huggingface.co/sentence-transformers/all-MiniLM-L6-v2/resolve/main/config.json "HTTP/1.1 307 Temporary Redirect"
2026-02-07 09:52:05 - httpx - INFO - _send_single_request:1025 - HTTP Request: HEAD https://huggingface.co/api/resolve-cache/models/sentence-transformers/all-MiniLM-L6-v2/c9745ed1d9f207416be6d2e6f8de32d1f16199bf/config.json "HTTP/1.1 200 OK"
2026-02-07 09:52:05 - httpx - INFO - _send_single_request:1025 - HTTP Request: HEAD https://huggingface.co/sentence-transformers/all-MiniLM-L6-v2/resolve/main/config.json "HTTP/1.1 307 Temporary Redirect"
2026-02-07 09:52:05 - httpx - INFO - _send_single_request:1025 - HTTP Request: HEAD https://huggingface.co/api/resolve-cache/models/sentence-transformers/all-MiniLM-L6-v2/c9745ed1d9f207416be6d2e6f8de32d1f16199bf/config.json "HTTP/1.1 200 OK"
2026-02-07 09:52:06 - httpx - INFO - _send_single_request:1025 - HTTP Request: HEAD https://huggingface.co/sentence-transformers/all-MiniLM-L6-v2/resolve/main/tokenizer_config.json "HTTP/1.1 307 Temporary Redirect"
2026-02-07 09:52:06 - httpx - INFO - _send_single_request:1025 - HTTP Request: HEAD https://huggingface.co/api/resolve-cache/models/sentence-transformers/all-MiniLM-L6-v2/c9745ed1d9f207416be6d2e6f8de32d1f16199bf/tokenizer_config.json "HTTP/1.1 200 OK"
2026-02-07 09:52:06 - httpx - INFO - _send_single_request:1025 - HTTP Request: GET https://huggingface.co/api/models/sentence-transformers/all-MiniLM-L6-v2/tree/main/additional_chat_templates?recursive=false&expand=false "HTTP/1.1 404 Not Found"
2026-02-07 09:52:07 - httpx - INFO - _send_single_request:1025 - HTTP Request: GET https://huggingface.co/api/models/sentence-transformers/all-MiniLM-L6-v2/tree/main?recursive=true&expand=false "HTTP/1.1 200 OK"
2026-02-07 09:52:07 - httpx - INFO - _send_single_request:1025 - HTTP Request: HEAD https://huggingface.co/sentence-transformers/all-MiniLM-L6-v2/resolve/main/1_Pooling/config.json "HTTP/1.1 307 Temporary Redirect"
2026-02-07 09:52:07 - httpx - INFO - _send_single_request:1025 - HTTP Request: HEAD https://huggingface.co/api/resolve-cache/models/sentence-transformers/all-MiniLM-L6-v2/c9745ed1d9f207416be6d2e6f8de32d1f16199bf/1_Pooling%2Fconfig.json "HTTP/1.1 200 OK"
2026-02-07 09:52:07 - httpx - INFO - _send_single_request:1025 - HTTP Request: GET https://huggingface.co/api/models/sentence-transformers/all-MiniLM-L6-v2 "HTTP/1.1 200 OK"
2026-02-07 09:52:07 - app.services.deduplicator - INFO - __init__:20 - Deduplicator loaded on cpu
2026-02-07 09:52:07 - uvicorn.error - INFO - _serve:84 - Started server process [18488]
2026-02-07 09:52:07 - uvicorn.error - INFO - startup:48 - Waiting for application startup.
2026-02-07 09:52:07 - app.main - INFO - startup_event:50 - Background News Scraper Started
2026-02-07 09:52:07 - jobs - INFO - init_db:15 - Initializing database...
2026-02-07 09:52:07 - jobs - INFO - run_scraper_loop:25 - Starting Newsroom Ingestion Cycle #1 at 2026-02-07 09:52:07.728765
2026-02-07 09:52:07 - jobs - INFO - run_scraper_loop:30 - Scraping source: Reuters
2026-02-07 09:52:07 - app.services.scraper_v2 - INFO - get_links:108 - Scraping feed: https://www.reuters.com/world/
2026-02-07 09:52:07 - uvicorn.error - INFO - startup:62 - Application startup complete.
2026-02-07 09:52:11 - app.services.scraper_v2 - INFO - get_links:108 - Scraping feed: https://www.reuters.com/business/
2026-02-07 09:52:13 - app.services.scraper_v2 - INFO - get_links:108 - Scraping feed: https://www.reuters.com/technology/
2026-02-07 09:52:15 - app.services.scraper_v2 - INFO - get_links:108 - Scraping feed: https://www.reuters.com/science/
2026-02-07 09:52:17 - jobs - INFO - run_scraper_loop:30 - Scraping source: Associated Press
2026-02-07 09:52:17 - app.services.scraper_v2 - INFO - get_links:108 - Scraping feed: https://apnews.com/hub/politics
2026-02-07 09:52:47 - app.core.security - INFO - dispatch:32 - GET /api/v1/articles - 127.0.0.1
2026-02-07 09:52:47 - app.core.security - INFO - dispatch:32 - GET /api/v1/trending - 127.0.0.1
2026-02-07 09:52:47 - app.core.security - INFO - dispatch:40 - Response: 307 - 0.004s
2026-02-07 09:52:47 - uvicorn.access - INFO - send:483 - 127.0.0.1:60499 - "GET /api/v1/articles?category=Business&limit=20 HTTP/1.1" 307
2026-02-07 09:52:47 - app.core.security - INFO - dispatch:40 - Response: 404 - 0.003s
2026-02-07 09:52:47 - uvicorn.access - INFO - send:483 - 127.0.0.1:60500 - "GET /api/v1/trending HTTP/1.1" 404
2026-02-07 09:52:47 - app.core.security - INFO - dispatch:32 - GET /api/v1/articles/ - 127.0.0.1
2026-02-07 09:52:47 - app.core.security - INFO - dispatch:40 - Response: 200 - 0.056s
2026-02-07 09:52:47 - uvicorn.access - INFO - send:483 - 127.0.0.1:60501 - "GET /api/v1/articles/?category=Business&limit=20 HTTP/1.1" 200
2026-02-07 09:52:49 - app.core.security - INFO - dispatch:32 - GET /api/v1/articles - 127.0.0.1
2026-02-07 09:52:49 - app.core.security - INFO - dispatch:40 - Response: 307 - 0.002s
2026-02-07 09:52:49 - uvicorn.access - INFO - send:483 - 127.0.0.1:60499 - "GET /api/v1/articles?category=Business&limit=20 HTTP/1.1" 307
2026-02-07 09:52:49 - app.core.security - INFO - dispatch:32 - GET /api/v1/articles/ - 127.0.0.1
2026-02-07 09:52:50 - app.core.security - INFO - dispatch:40 - Response: 200 - 0.026s
2026-02-07 09:52:50 - uvicorn.access - INFO - send:483 - 127.0.0.1:60500 - "GET /api/v1/articles/?category=Business&limit=20 HTTP/1.1" 200
2026-02-07 09:52:50 - app.core.security - INFO - dispatch:32 - GET /api/v1/trending - 127.0.0.1
2026-02-07 09:52:50 - app.core.security - INFO - dispatch:40 - Response: 404 - 0.001s
2026-02-07 09:52:50 - uvicorn.access - INFO - send:483 - 127.0.0.1:60499 - "GET /api/v1/trending HTTP/1.1" 404
2026-02-07 09:52:51 - app.services.scraper_v2 - INFO - get_links:108 - Scraping feed: https://apnews.com/hub/business
2026-02-07 09:52:52 - app.core.security - INFO - dispatch:32 - GET /api/v1/articles - 127.0.0.1
2026-02-07 09:52:52 - app.core.security - INFO - dispatch:40 - Response: 307 - 0.002s
2026-02-07 09:52:52 - uvicorn.access - INFO - send:483 - 127.0.0.1:60499 - "GET /api/v1/articles?category=Business&limit=20 HTTP/1.1" 307
2026-02-07 09:52:52 - app.core.security - INFO - dispatch:32 - GET /api/v1/articles/ - 127.0.0.1
2026-02-07 09:52:52 - app.core.security - INFO - dispatch:40 - Response: 200 - 0.034s
2026-02-07 09:52:52 - uvicorn.access - INFO - send:483 - 127.0.0.1:60500 - "GET /api/v1/articles/?category=Business&limit=20 HTTP/1.1" 200
2026-02-07 09:52:52 - app.core.security - INFO - dispatch:32 - GET /api/v1/trending - 127.0.0.1
2026-02-07 09:52:52 - app.core.security - INFO - dispatch:40 - Response: 404 - 0.001s
2026-02-07 09:52:52 - uvicorn.access - INFO - send:483 - 127.0.0.1:60499 - "GET /api/v1/trending HTTP/1.1" 404
2026-02-07 09:53:10 - app.core.security - INFO - dispatch:32 - POST /api/v1/auth/login/access-token - 127.0.0.1
2026-02-07 09:53:11 - app.core.security - INFO - dispatch:40 - Response: 400 - 0.299s
2026-02-07 09:53:11 - uvicorn.access - INFO - send:483 - 127.0.0.1:53528 - "POST /api/v1/auth/login/access-token HTTP/1.1" 400
2026-02-07 09:53:20 - app.services.scraper_v2 - INFO - get_links:108 - Scraping feed: https://apnews.com/hub/science
2026-02-07 09:53:38 - uvicorn.error - INFO - shutdown:264 - Shutting down
2026-02-07 09:53:38 - uvicorn.error - INFO - shutdown:67 - Waiting for application shutdown.
2026-02-07 09:53:38 - uvicorn.error - INFO - shutdown:76 - Application shutdown complete.
2026-02-07 09:53:38 - uvicorn.error - INFO - _serve:94 - Finished server process [18488]
2026-02-07 09:53:49 - app.services.scraper_v2 - INFO - get_links:108 - Scraping feed: https://apnews.com/hub/health
2026-02-07 09:54:23 - app.core.logging - INFO - setup_logging:70 - Logging system initialized
2026-02-07 09:54:28 - sentence_transformers.SentenceTransformer - INFO - __init__:219 - Use pytorch device_name: cpu
2026-02-07 09:54:28 - sentence_transformers.SentenceTransformer - INFO - __init__:227 - Load pretrained SentenceTransformer: all-MiniLM-L6-v2
2026-02-07 09:54:29 - httpx - INFO - _send_single_request:1025 - HTTP Request: HEAD https://huggingface.co/sentence-transformers/all-MiniLM-L6-v2/resolve/main/modules.json "HTTP/1.1 307 Temporary Redirect"
2026-02-07 09:54:29 - httpx - INFO - _send_single_request:1025 - HTTP Request: HEAD https://huggingface.co/api/resolve-cache/models/sentence-transformers/all-MiniLM-L6-v2/c9745ed1d9f207416be6d2e6f8de32d1f16199bf/modules.json "HTTP/1.1 200 OK"
2026-02-07 09:54:29 - httpx - INFO - _send_single_request:1025 - HTTP Request: HEAD https://huggingface.co/sentence-transformers/all-MiniLM-L6-v2/resolve/main/config_sentence_transformers.json "HTTP/1.1 307 Temporary Redirect"
2026-02-07 09:54:29 - httpx - INFO - _send_single_request:1025 - HTTP Request: HEAD https://huggingface.co/api/resolve-cache/models/sentence-transformers/all-MiniLM-L6-v2/c9745ed1d9f207416be6d2e6f8de32d1f16199bf/config_sentence_transformers.json "HTTP/1.1 200 OK"
2026-02-07 09:54:29 - httpx - INFO - _send_single_request:1025 - HTTP Request: HEAD https://huggingface.co/sentence-transformers/all-MiniLM-L6-v2/resolve/main/config_sentence_transformers.json "HTTP/1.1 307 Temporary Redirect"
2026-02-07 09:54:29 - httpx - INFO - _send_single_request:1025 - HTTP Request: HEAD https://huggingface.co/api/resolve-cache/models/sentence-transformers/all-MiniLM-L6-v2/c9745ed1d9f207416be6d2e6f8de32d1f16199bf/config_sentence_transformers.json "HTTP/1.1 200 OK"
2026-02-07 09:54:29 - httpx - INFO - _send_single_request:1025 - HTTP Request: HEAD https://huggingface.co/sentence-transformers/all-MiniLM-L6-v2/resolve/main/README.md "HTTP/1.1 307 Temporary Redirect"
2026-02-07 09:54:30 - httpx - INFO - _send_single_request:1025 - HTTP Request: HEAD https://huggingface.co/api/resolve-cache/models/sentence-transformers/all-MiniLM-L6-v2/c9745ed1d9f207416be6d2e6f8de32d1f16199bf/README.md "HTTP/1.1 200 OK"
2026-02-07 09:54:30 - httpx - INFO - _send_single_request:1025 - HTTP Request: HEAD https://huggingface.co/sentence-transformers/all-MiniLM-L6-v2/resolve/main/modules.json "HTTP/1.1 307 Temporary Redirect"
2026-02-07 09:54:30 - httpx - INFO - _send_single_request:1025 - HTTP Request: HEAD https://huggingface.co/api/resolve-cache/models/sentence-transformers/all-MiniLM-L6-v2/c9745ed1d9f207416be6d2e6f8de32d1f16199bf/modules.json "HTTP/1.1 200 OK"
2026-02-07 09:54:30 - httpx - INFO - _send_single_request:1025 - HTTP Request: HEAD https://huggingface.co/sentence-transformers/all-MiniLM-L6-v2/resolve/main/sentence_bert_config.json "HTTP/1.1 307 Temporary Redirect"
2026-02-07 09:54:30 - httpx - INFO - _send_single_request:1025 - HTTP Request: HEAD https://huggingface.co/api/resolve-cache/models/sentence-transformers/all-MiniLM-L6-v2/c9745ed1d9f207416be6d2e6f8de32d1f16199bf/sentence_bert_config.json "HTTP/1.1 200 OK"
2026-02-07 09:54:30 - httpx - INFO - _send_single_request:1025 - HTTP Request: HEAD https://huggingface.co/sentence-transformers/all-MiniLM-L6-v2/resolve/main/adapter_config.json "HTTP/1.1 404 Not Found"
2026-02-07 09:54:31 - httpx - INFO - _send_single_request:1025 - HTTP Request: HEAD https://huggingface.co/sentence-transformers/all-MiniLM-L6-v2/resolve/main/config.json "HTTP/1.1 307 Temporary Redirect"
2026-02-07 09:54:31 - huggingface_hub.utils._http - WARNING - _warn_on_warning_headers:779 - Warning: You are sending unauthenticated requests to the HF Hub. Please set a HF_TOKEN to enable higher rate limits and faster downloads.
2026-02-07 09:54:31 - httpx - INFO - _send_single_request:1025 - HTTP Request: HEAD https://huggingface.co/api/resolve-cache/models/sentence-transformers/all-MiniLM-L6-v2/c9745ed1d9f207416be6d2e6f8de32d1f16199bf/config.json "HTTP/1.1 200 OK"
2026-02-07 09:54:31 - httpx - INFO - _send_single_request:1025 - HTTP Request: HEAD https://huggingface.co/sentence-transformers/all-MiniLM-L6-v2/resolve/main/config.json "HTTP/1.1 307 Temporary Redirect"
2026-02-07 09:54:31 - httpx - INFO - _send_single_request:1025 - HTTP Request: HEAD https://huggingface.co/api/resolve-cache/models/sentence-transformers/all-MiniLM-L6-v2/c9745ed1d9f207416be6d2e6f8de32d1f16199bf/config.json "HTTP/1.1 200 OK"
2026-02-07 09:54:31 - httpx - INFO - _send_single_request:1025 - HTTP Request: HEAD https://huggingface.co/sentence-transformers/all-MiniLM-L6-v2/resolve/main/tokenizer_config.json "HTTP/1.1 307 Temporary Redirect"
2026-02-07 09:54:31 - httpx - INFO - _send_single_request:1025 - HTTP Request: HEAD https://huggingface.co/api/resolve-cache/models/sentence-transformers/all-MiniLM-L6-v2/c9745ed1d9f207416be6d2e6f8de32d1f16199bf/tokenizer_config.json "HTTP/1.1 200 OK"
2026-02-07 09:54:31 - httpx - INFO - _send_single_request:1025 - HTTP Request: GET https://huggingface.co/api/models/sentence-transformers/all-MiniLM-L6-v2/tree/main/additional_chat_templates?recursive=false&expand=false "HTTP/1.1 404 Not Found"
2026-02-07 09:54:32 - httpx - INFO - _send_single_request:1025 - HTTP Request: GET https://huggingface.co/api/models/sentence-transformers/all-MiniLM-L6-v2/tree/main?recursive=true&expand=false "HTTP/1.1 200 OK"
2026-02-07 09:54:32 - httpx - INFO - _send_single_request:1025 - HTTP Request: HEAD https://huggingface.co/sentence-transformers/all-MiniLM-L6-v2/resolve/main/1_Pooling/config.json "HTTP/1.1 307 Temporary Redirect"
2026-02-07 09:54:32 - httpx - INFO - _send_single_request:1025 - HTTP Request: HEAD https://huggingface.co/api/resolve-cache/models/sentence-transformers/all-MiniLM-L6-v2/c9745ed1d9f207416be6d2e6f8de32d1f16199bf/1_Pooling%2Fconfig.json "HTTP/1.1 200 OK"
2026-02-07 09:54:32 - httpx - INFO - _send_single_request:1025 - HTTP Request: GET https://huggingface.co/api/models/sentence-transformers/all-MiniLM-L6-v2 "HTTP/1.1 200 OK"
2026-02-07 09:54:32 - app.services.deduplicator - INFO - __init__:20 - Deduplicator loaded on cpu
2026-02-07 09:54:32 - uvicorn.error - INFO - _serve:84 - Started server process [3964]
2026-02-07 09:54:32 - uvicorn.error - INFO - startup:48 - Waiting for application startup.
2026-02-07 09:54:32 - app.main - INFO - startup_event:50 - Background News Scraper Started
2026-02-07 09:54:32 - jobs - INFO - init_db:15 - Initializing database...
2026-02-07 09:54:32 - jobs - INFO - run_scraper_loop:25 - Starting Newsroom Ingestion Cycle #1 at 2026-02-07 09:54:32.740536
2026-02-07 09:54:32 - jobs - INFO - run_scraper_loop:30 - Scraping source: Reuters
2026-02-07 09:54:32 - app.services.scraper_v2 - INFO - get_links:108 - Scraping feed: https://www.reuters.com/world/
2026-02-07 09:54:32 - uvicorn.error - INFO - startup:62 - Application startup complete.
2026-02-07 09:54:32 - app.core.security - INFO - dispatch:32 - POST /api/v1/auth/login/access-token - 127.0.0.1
2026-02-07 09:54:32 - app.core.security - INFO - dispatch:40 - Response: 400 - 0.004s
2026-02-07 09:54:36 - app.services.scraper_v2 - INFO - get_links:108 - Scraping feed: https://www.reuters.com/business/
2026-02-07 09:54:39 - app.services.scraper_v2 - INFO - get_links:108 - Scraping feed: https://www.reuters.com/technology/
2026-02-07 09:54:42 - app.services.scraper_v2 - INFO - get_links:108 - Scraping feed: https://www.reuters.com/science/
2026-02-07 09:54:44 - jobs - INFO - run_scraper_loop:30 - Scraping source: Associated Press
2026-02-07 09:54:44 - app.services.scraper_v2 - INFO - get_links:108 - Scraping feed: https://apnews.com/hub/politics
2026-02-07 09:55:06 - app.core.security - INFO - dispatch:32 - POST /api/v1/auth/login/access-token - 127.0.0.1
2026-02-07 09:55:06 - app.core.security - INFO - dispatch:40 - Response: 200 - 0.607s
2026-02-07 09:55:06 - uvicorn.access - INFO - send:483 - 127.0.0.1:56122 - "POST /api/v1/auth/login/access-token HTTP/1.1" 200
2026-02-07 09:55:18 - app.services.scraper_v2 - INFO - get_links:108 - Scraping feed: https://apnews.com/hub/business
2026-02-07 09:55:18 - app.core.security - INFO - dispatch:32 - POST /api/v1/auth/login/access-token - 127.0.0.1
2026-02-07 09:55:19 - app.core.security - INFO - dispatch:40 - Response: 200 - 0.527s
2026-02-07 09:55:19 - uvicorn.access - INFO - send:483 - 127.0.0.1:56172 - "POST /api/v1/auth/login/access-token HTTP/1.1" 200
2026-02-07 09:55:45 - app.services.scraper_v2 - INFO - get_links:108 - Scraping feed: https://apnews.com/hub/science
2026-02-07 09:56:08 - app.services.scraper_v2 - INFO - get_links:108 - Scraping feed: https://apnews.com/hub/health
2026-02-07 09:56:34 - jobs - INFO - run_scraper_loop:30 - Scraping source: Bloomberg
2026-02-07 09:56:34 - app.services.scraper_v2 - INFO - get_links:108 - Scraping feed: https://www.bloomberg.com/technology
2026-02-07 09:56:35 - app.services.scraper_v2 - INFO - get_links:108 - Scraping feed: https://www.bloomberg.com/markets
2026-02-07 09:56:36 - app.services.scraper_v2 - INFO - get_links:108 - Scraping feed: https://www.bloomberg.com/politics
2026-02-07 09:56:36 - jobs - INFO - run_scraper_loop:30 - Scraping source: VentureBeat AI
2026-02-07 09:56:36 - app.services.scraper_v2 - INFO - get_links:108 - Scraping feed: https://venturebeat.com/category/ai/
2026-02-07 09:56:41 - uvicorn.error - INFO - shutdown:264 - Shutting down
2026-02-07 09:56:41 - uvicorn.error - INFO - shutdown:67 - Waiting for application shutdown.
2026-02-07 09:56:41 - uvicorn.error - INFO - shutdown:76 - Application shutdown complete.
2026-02-07 09:56:41 - uvicorn.error - INFO - _serve:94 - Finished server process [3964]
2026-02-07 09:56:50 - app.core.logging - INFO - setup_logging:70 - Logging system initialized
2026-02-07 09:56:58 - sentence_transformers.SentenceTransformer - INFO - __init__:219 - Use pytorch device_name: cpu
2026-02-07 09:56:58 - sentence_transformers.SentenceTransformer - INFO - __init__:227 - Load pretrained SentenceTransformer: all-MiniLM-L6-v2
2026-02-07 09:56:59 - httpx - INFO - _send_single_request:1025 - HTTP Request: HEAD https://huggingface.co/sentence-transformers/all-MiniLM-L6-v2/resolve/main/modules.json "HTTP/1.1 307 Temporary Redirect"
2026-02-07 09:56:59 - httpx - INFO - _send_single_request:1025 - HTTP Request: HEAD https://huggingface.co/api/resolve-cache/models/sentence-transformers/all-MiniLM-L6-v2/c9745ed1d9f207416be6d2e6f8de32d1f16199bf/modules.json "HTTP/1.1 200 OK"
2026-02-07 09:56:59 - httpx - INFO - _send_single_request:1025 - HTTP Request: HEAD https://huggingface.co/sentence-transformers/all-MiniLM-L6-v2/resolve/main/config_sentence_transformers.json "HTTP/1.1 307 Temporary Redirect"
2026-02-07 09:56:59 - httpx - INFO - _send_single_request:1025 - HTTP Request: HEAD https://huggingface.co/api/resolve-cache/models/sentence-transformers/all-MiniLM-L6-v2/c9745ed1d9f207416be6d2e6f8de32d1f16199bf/config_sentence_transformers.json "HTTP/1.1 200 OK"
2026-02-07 09:56:59 - httpx - INFO - _send_single_request:1025 - HTTP Request: HEAD https://huggingface.co/sentence-transformers/all-MiniLM-L6-v2/resolve/main/config_sentence_transformers.json "HTTP/1.1 307 Temporary Redirect"
2026-02-07 09:56:59 - httpx - INFO - _send_single_request:1025 - HTTP Request: HEAD https://huggingface.co/api/resolve-cache/models/sentence-transformers/all-MiniLM-L6-v2/c9745ed1d9f207416be6d2e6f8de32d1f16199bf/config_sentence_transformers.json "HTTP/1.1 200 OK"
2026-02-07 09:56:59 - httpx - INFO - _send_single_request:1025 - HTTP Request: HEAD https://huggingface.co/sentence-transformers/all-MiniLM-L6-v2/resolve/main/README.md "HTTP/1.1 307 Temporary Redirect"
2026-02-07 09:57:00 - httpx - INFO - _send_single_request:1025 - HTTP Request: HEAD https://huggingface.co/api/resolve-cache/models/sentence-transformers/all-MiniLM-L6-v2/c9745ed1d9f207416be6d2e6f8de32d1f16199bf/README.md "HTTP/1.1 200 OK"
2026-02-07 09:57:00 - httpx - INFO - _send_single_request:1025 - HTTP Request: HEAD https://huggingface.co/sentence-transformers/all-MiniLM-L6-v2/resolve/main/modules.json "HTTP/1.1 307 Temporary Redirect"
2026-02-07 09:57:00 - httpx - INFO - _send_single_request:1025 - HTTP Request: HEAD https://huggingface.co/api/resolve-cache/models/sentence-transformers/all-MiniLM-L6-v2/c9745ed1d9f207416be6d2e6f8de32d1f16199bf/modules.json "HTTP/1.1 200 OK"
2026-02-07 09:57:00 - httpx - INFO - _send_single_request:1025 - HTTP Request: HEAD https://huggingface.co/sentence-transformers/all-MiniLM-L6-v2/resolve/main/sentence_bert_config.json "HTTP/1.1 307 Temporary Redirect"
2026-02-07 09:57:00 - httpx - INFO - _send_single_request:1025 - HTTP Request: HEAD https://huggingface.co/api/resolve-cache/models/sentence-transformers/all-MiniLM-L6-v2/c9745ed1d9f207416be6d2e6f8de32d1f16199bf/sentence_bert_config.json "HTTP/1.1 200 OK"
2026-02-07 09:57:00 - httpx - INFO - _send_single_request:1025 - HTTP Request: HEAD https://huggingface.co/sentence-transformers/all-MiniLM-L6-v2/resolve/main/adapter_config.json "HTTP/1.1 404 Not Found"
2026-02-07 09:57:01 - httpx - INFO - _send_single_request:1025 - HTTP Request: HEAD https://huggingface.co/sentence-transformers/all-MiniLM-L6-v2/resolve/main/config.json "HTTP/1.1 307 Temporary Redirect"
2026-02-07 09:57:01 - httpx - INFO - _send_single_request:1025 - HTTP Request: HEAD https://huggingface.co/api/resolve-cache/models/sentence-transformers/all-MiniLM-L6-v2/c9745ed1d9f207416be6d2e6f8de32d1f16199bf/config.json "HTTP/1.1 200 OK"
2026-02-07 09:57:01 - httpx - INFO - _send_single_request:1025 - HTTP Request: HEAD https://huggingface.co/sentence-transformers/all-MiniLM-L6-v2/resolve/main/config.json "HTTP/1.1 307 Temporary Redirect"
2026-02-07 09:57:01 - httpx - INFO - _send_single_request:1025 - HTTP Request: HEAD https://huggingface.co/api/resolve-cache/models/sentence-transformers/all-MiniLM-L6-v2/c9745ed1d9f207416be6d2e6f8de32d1f16199bf/config.json "HTTP/1.1 200 OK"
2026-02-07 09:57:01 - httpx - INFO - _send_single_request:1025 - HTTP Request: HEAD https://huggingface.co/sentence-transformers/all-MiniLM-L6-v2/resolve/main/tokenizer_config.json "HTTP/1.1 307 Temporary Redirect"
2026-02-07 09:57:01 - httpx - INFO - _send_single_request:1025 - HTTP Request: HEAD https://huggingface.co/api/resolve-cache/models/sentence-transformers/all-MiniLM-L6-v2/c9745ed1d9f207416be6d2e6f8de32d1f16199bf/tokenizer_config.json "HTTP/1.1 200 OK"
2026-02-07 09:57:02 - httpx - INFO - _send_single_request:1025 - HTTP Request: GET https://huggingface.co/api/models/sentence-transformers/all-MiniLM-L6-v2/tree/main/additional_chat_templates?recursive=false&expand=false "HTTP/1.1 404 Not Found"
2026-02-07 09:57:02 - httpx - INFO - _send_single_request:1025 - HTTP Request: GET https://huggingface.co/api/models/sentence-transformers/all-MiniLM-L6-v2/tree/main?recursive=true&expand=false "HTTP/1.1 200 OK"
2026-02-07 09:57:02 - httpx - INFO - _send_single_request:1025 - HTTP Request: HEAD https://huggingface.co/sentence-transformers/all-MiniLM-L6-v2/resolve/main/1_Pooling/config.json "HTTP/1.1 307 Temporary Redirect"
2026-02-07 09:57:02 - httpx - INFO - _send_single_request:1025 - HTTP Request: HEAD https://huggingface.co/api/resolve-cache/models/sentence-transformers/all-MiniLM-L6-v2/c9745ed1d9f207416be6d2e6f8de32d1f16199bf/1_Pooling%2Fconfig.json "HTTP/1.1 200 OK"
2026-02-07 09:57:03 - httpx - INFO - _send_single_request:1025 - HTTP Request: GET https://huggingface.co/api/models/sentence-transformers/all-MiniLM-L6-v2 "HTTP/1.1 200 OK"
2026-02-07 09:57:03 - app.services.deduplicator - INFO - __init__:20 - Deduplicator loaded on cpu
2026-02-07 09:57:03 - uvicorn.error - INFO - _serve:84 - Started server process [22536]
2026-02-07 09:57:03 - uvicorn.error - INFO - startup:48 - Waiting for application startup.
2026-02-07 09:57:03 - app.main - INFO - startup_event:50 - Background News Scraper Started
2026-02-07 09:57:03 - jobs - INFO - init_db:15 - Initializing database...
2026-02-07 09:57:03 - jobs - INFO - run_scraper_loop:25 - Starting Newsroom Ingestion Cycle #1 at 2026-02-07 09:57:03.061428
2026-02-07 09:57:03 - jobs - INFO - run_scraper_loop:30 - Scraping source: Reuters
2026-02-07 09:57:03 - app.services.scraper_v2 - INFO - get_links:108 - Scraping feed: https://www.reuters.com/world/
2026-02-07 09:57:03 - uvicorn.error - INFO - startup:62 - Application startup complete.
2026-02-07 09:57:07 - app.services.scraper_v2 - INFO - get_links:108 - Scraping feed: https://www.reuters.com/business/
2026-02-07 09:57:10 - app.services.scraper_v2 - INFO - get_links:108 - Scraping feed: https://www.reuters.com/technology/
2026-02-07 09:57:12 - app.services.scraper_v2 - INFO - get_links:108 - Scraping feed: https://www.reuters.com/science/
2026-02-07 09:57:14 - jobs - INFO - run_scraper_loop:30 - Scraping source: Associated Press
2026-02-07 09:57:14 - app.services.scraper_v2 - INFO - get_links:108 - Scraping feed: https://apnews.com/hub/politics
2026-02-07 09:57:43 - app.services.scraper_v2 - INFO - get_links:108 - Scraping feed: https://apnews.com/hub/business
2026-02-07 09:58:15 - app.services.scraper_v2 - INFO - get_links:108 - Scraping feed: https://apnews.com/hub/science
2026-02-07 09:58:48 - app.services.scraper_v2 - INFO - get_links:108 - Scraping feed: https://apnews.com/hub/health
2026-02-07 09:59:15 - jobs - INFO - run_scraper_loop:30 - Scraping source: Bloomberg
2026-02-07 09:59:15 - app.services.scraper_v2 - INFO - get_links:108 - Scraping feed: https://www.bloomberg.com/technology
2026-02-07 09:59:15 - app.services.scraper_v2 - INFO - get_links:108 - Scraping feed: https://www.bloomberg.com/markets
2026-02-07 09:59:16 - app.services.scraper_v2 - INFO - get_links:108 - Scraping feed: https://www.bloomberg.com/politics
2026-02-07 09:59:16 - jobs - INFO - run_scraper_loop:30 - Scraping source: VentureBeat AI
2026-02-07 09:59:16 - app.services.scraper_v2 - INFO - get_links:108 - Scraping feed: https://venturebeat.com/category/ai/
2026-02-07 09:59:22 - jobs - INFO - run_scraper_loop:30 - Scraping source: AI News
2026-02-07 09:59:22 - app.services.scraper_v2 - INFO - get_links:108 - Scraping feed: https://www.artificialintelligence-news.com/
2026-02-07 09:59:23 - app.core.security - INFO - dispatch:32 - POST /api/v1/auth/login/access-token - 127.0.0.1
2026-02-07 09:59:24 - app.services.scraper_v2 - ERROR - get_links:127 - Failed to scrape feed https://www.artificialintelligence-news.com/: ('Connection aborted.', RemoteDisconnected('Remote end closed connection without response'))
2026-02-07 09:59:24 - jobs - INFO - run_scraper_loop:30 - Scraping source: Sifted
2026-02-07 09:59:24 - app.services.scraper_v2 - INFO - get_links:108 - Scraping feed: https://sifted.eu/sections/artificial-intelligence/
2026-02-07 09:59:24 - app.core.security - INFO - dispatch:40 - Response: 200 - 0.542s
2026-02-07 09:59:24 - uvicorn.access - INFO - send:483 - 127.0.0.1:61857 - "POST /api/v1/auth/login/access-token HTTP/1.1" 200
2026-02-07 09:59:25 - app.services.scraper_v2 - INFO - get_links:108 - Scraping feed: https://sifted.eu/sections/startups/
2026-02-07 09:59:25 - jobs - INFO - run_scraper_loop:30 - Scraping source: Nature
2026-02-07 09:59:25 - app.services.scraper_v2 - INFO - get_links:108 - Scraping feed: https://www.nature.com/nature/articles?type=news
2026-02-07 09:59:29 - jobs - INFO - run_scraper_loop:30 - Scraping source: New Scientist
2026-02-07 09:59:29 - app.services.scraper_v2 - INFO - get_links:108 - Scraping feed: https://www.newscientist.com/section/news/
2026-02-07 09:59:40 - app.services.scraper_v2 - INFO - get_links:108 - Scraping feed: https://www.newscientist.com/subject/environment/
2026-02-07 09:59:49 - jobs - INFO - run_scraper_loop:30 - Scraping source: EdSurge
2026-02-07 09:59:49 - app.services.scraper_v2 - INFO - get_links:108 - Scraping feed: https://www.edsurge.com/news
2026-02-07 10:00:01 - jobs - INFO - run_scraper_loop:30 - Scraping source: Inside Higher Ed
2026-02-07 10:00:01 - app.services.scraper_v2 - INFO - get_links:108 - Scraping feed: https://www.insidehighered.com/news
2026-02-07 10:00:19 - jobs - INFO - run_scraper_loop:30 - Scraping source: The Guardian Environment
2026-02-07 10:00:19 - app.services.scraper_v2 - INFO - get_links:108 - Scraping feed: https://www.theguardian.com/environment
2026-02-07 10:00:24 - app.core.security - INFO - dispatch:32 - POST /api/v1/auth/login/access-token - 127.0.0.1
2026-02-07 10:00:24 - app.core.security - INFO - dispatch:40 - Response: 400 - 0.006s
2026-02-07 10:00:24 - uvicorn.access - INFO - send:483 - 127.0.0.1:53537 - "POST /api/v1/auth/login/access-token HTTP/1.1" 400
2026-02-07 10:00:33 - jobs - INFO - run_scraper_loop:30 - Scraping source: Grist
2026-02-07 10:00:33 - app.services.scraper_v2 - INFO - get_links:108 - Scraping feed: https://grist.org/news/
2026-02-07 10:00:34 - jobs - INFO - run_scraper_loop:30 - Scraping source: Mongabay
2026-02-07 10:00:34 - app.services.scraper_v2 - INFO - get_links:108 - Scraping feed: https://news.mongabay.com/
2026-02-07 10:00:35 - jobs - INFO - run_scraper_loop:30 - Scraping source: National Geographic
2026-02-07 10:00:35 - app.services.scraper_v2 - INFO - get_links:108 - Scraping feed: https://www.nationalgeographic.com/environment
2026-02-07 10:00:44 - app.core.security - INFO - dispatch:32 - GET /api/v1/trending - 127.0.0.1
2026-02-07 10:00:44 - app.core.security - INFO - dispatch:32 - GET /api/v1/articles - 127.0.0.1
2026-02-07 10:00:44 - app.core.security - INFO - dispatch:40 - Response: 404 - 0.002s
2026-02-07 10:00:44 - app.core.security - INFO - dispatch:40 - Response: 307 - 0.002s
2026-02-07 10:00:44 - uvicorn.access - INFO - send:483 - 127.0.0.1:65526 - "GET /api/v1/trending HTTP/1.1" 404
2026-02-07 10:00:44 - uvicorn.access - INFO - send:483 - 127.0.0.1:65525 - "GET /api/v1/articles?category=Business&limit=20 HTTP/1.1" 307
2026-02-07 10:00:44 - app.core.security - INFO - dispatch:32 - GET /api/v1/articles/ - 127.0.0.1
2026-02-07 10:00:44 - app.core.security - INFO - dispatch:40 - Response: 200 - 0.058s
2026-02-07 10:00:44 - uvicorn.access - INFO - send:483 - 127.0.0.1:65527 - "GET /api/v1/articles/?category=Business&limit=20 HTTP/1.1" 200
2026-02-07 10:00:46 - app.core.security - INFO - dispatch:32 - GET /api/v1/trending - 127.0.0.1
2026-02-07 10:00:46 - app.core.security - INFO - dispatch:40 - Response: 404 - 0.001s
2026-02-07 10:00:46 - uvicorn.access - INFO - send:483 - 127.0.0.1:65525 - "GET /api/v1/trending HTTP/1.1" 404
2026-02-07 10:00:49 - app.core.security - INFO - dispatch:32 - GET /api/v1/articles - 127.0.0.1
2026-02-07 10:00:49 - app.core.security - INFO - dispatch:40 - Response: 307 - 0.001s
2026-02-07 10:00:49 - uvicorn.access - INFO - send:483 - 127.0.0.1:65525 - "GET /api/v1/articles?category=Business&limit=20 HTTP/1.1" 307
2026-02-07 10:00:49 - app.core.security - INFO - dispatch:32 - GET /api/v1/articles/ - 127.0.0.1
2026-02-07 10:00:49 - app.core.security - INFO - dispatch:40 - Response: 200 - 0.026s
2026-02-07 10:00:49 - uvicorn.access - INFO - send:483 - 127.0.0.1:54712 - "GET /api/v1/articles/?category=Business&limit=20 HTTP/1.1" 200
2026-02-07 10:00:49 - app.core.security - INFO - dispatch:32 - GET /api/v1/trending - 127.0.0.1
2026-02-07 10:00:49 - app.core.security - INFO - dispatch:40 - Response: 404 - 0.001s
2026-02-07 10:00:49 - uvicorn.access - INFO - send:483 - 127.0.0.1:65525 - "GET /api/v1/trending HTTP/1.1" 404
2026-02-07 10:00:51 - app.core.security - INFO - dispatch:32 - GET /api/v1/articles - 127.0.0.1
2026-02-07 10:00:51 - app.core.security - INFO - dispatch:40 - Response: 307 - 0.002s
2026-02-07 10:00:51 - uvicorn.access - INFO - send:483 - 127.0.0.1:65525 - "GET /api/v1/articles?category=Business&limit=20 HTTP/1.1" 307
2026-02-07 10:00:51 - app.core.security - INFO - dispatch:32 - GET /api/v1/articles/ - 127.0.0.1
2026-02-07 10:00:51 - app.core.security - INFO - dispatch:40 - Response: 200 - 0.024s
2026-02-07 10:00:51 - uvicorn.access - INFO - send:483 - 127.0.0.1:54712 - "GET /api/v1/articles/?category=Business&limit=20 HTTP/1.1" 200
2026-02-07 10:00:51 - app.core.security - INFO - dispatch:32 - GET /api/v1/trending - 127.0.0.1
2026-02-07 10:00:51 - app.core.security - INFO - dispatch:40 - Response: 404 - 0.001s
2026-02-07 10:00:51 - uvicorn.access - INFO - send:483 - 127.0.0.1:65525 - "GET /api/v1/trending HTTP/1.1" 404
2026-02-07 10:00:52 - app.core.security - INFO - dispatch:32 - GET /api/v1/articles - 127.0.0.1
2026-02-07 10:00:52 - app.core.security - INFO - dispatch:40 - Response: 307 - 0.001s
2026-02-07 10:00:52 - uvicorn.access - INFO - send:483 - 127.0.0.1:65525 - "GET /api/v1/articles?category=Business&limit=20 HTTP/1.1" 307
2026-02-07 10:00:52 - app.core.security - INFO - dispatch:32 - GET /api/v1/articles/ - 127.0.0.1
2026-02-07 10:00:52 - app.core.security - INFO - dispatch:40 - Response: 200 - 0.028s
2026-02-07 10:00:52 - uvicorn.access - INFO - send:483 - 127.0.0.1:54712 - "GET /api/v1/articles/?category=Business&limit=20 HTTP/1.1" 200
2026-02-07 10:00:52 - app.core.security - INFO - dispatch:32 - GET /api/v1/trending - 127.0.0.1
2026-02-07 10:00:52 - app.core.security - INFO - dispatch:40 - Response: 404 - 0.002s
2026-02-07 10:00:52 - uvicorn.access - INFO - send:483 - 127.0.0.1:65525 - "GET /api/v1/trending HTTP/1.1" 404
2026-02-07 10:00:54 - app.core.security - INFO - dispatch:32 - GET /api/v1/articles - 127.0.0.1
2026-02-07 10:00:54 - app.core.security - INFO - dispatch:40 - Response: 307 - 0.001s
2026-02-07 10:00:54 - uvicorn.access - INFO - send:483 - 127.0.0.1:65525 - "GET /api/v1/articles?category=Business&limit=20 HTTP/1.1" 307
2026-02-07 10:00:54 - app.core.security - INFO - dispatch:32 - GET /api/v1/articles/ - 127.0.0.1
2026-02-07 10:00:54 - app.core.security - INFO - dispatch:40 - Response: 200 - 0.027s
2026-02-07 10:00:54 - uvicorn.access - INFO - send:483 - 127.0.0.1:54712 - "GET /api/v1/articles/?category=Business&limit=20 HTTP/1.1" 200
2026-02-07 10:00:54 - app.core.security - INFO - dispatch:32 - GET /api/v1/trending - 127.0.0.1
2026-02-07 10:00:54 - app.core.security - INFO - dispatch:40 - Response: 404 - 0.001s
2026-02-07 10:00:54 - uvicorn.access - INFO - send:483 - 127.0.0.1:65525 - "GET /api/v1/trending HTTP/1.1" 404
2026-02-07 10:01:11 - uvicorn.error - INFO - shutdown:264 - Shutting down
2026-02-07 10:01:11 - uvicorn.error - INFO - shutdown:67 - Waiting for application shutdown.
2026-02-07 10:01:11 - uvicorn.error - INFO - shutdown:76 - Application shutdown complete.
2026-02-07 10:01:11 - uvicorn.error - INFO - _serve:94 - Finished server process [22536]
2026-02-07 10:01:19 - app.core.logging - INFO - setup_logging:70 - Logging system initialized
2026-02-07 10:01:26 - sentence_transformers.SentenceTransformer - INFO - __init__:219 - Use pytorch device_name: cpu
2026-02-07 10:01:26 - sentence_transformers.SentenceTransformer - INFO - __init__:227 - Load pretrained SentenceTransformer: all-MiniLM-L6-v2
2026-02-07 10:01:27 - httpx - INFO - _send_single_request:1025 - HTTP Request: HEAD https://huggingface.co/sentence-transformers/all-MiniLM-L6-v2/resolve/main/modules.json "HTTP/1.1 307 Temporary Redirect"
2026-02-07 10:01:27 - httpx - INFO - _send_single_request:1025 - HTTP Request: HEAD https://huggingface.co/api/resolve-cache/models/sentence-transformers/all-MiniLM-L6-v2/c9745ed1d9f207416be6d2e6f8de32d1f16199bf/modules.json "HTTP/1.1 200 OK"
2026-02-07 10:01:27 - httpx - INFO - _send_single_request:1025 - HTTP Request: HEAD https://huggingface.co/sentence-transformers/all-MiniLM-L6-v2/resolve/main/config_sentence_transformers.json "HTTP/1.1 307 Temporary Redirect"
2026-02-07 10:01:27 - httpx - INFO - _send_single_request:1025 - HTTP Request: HEAD https://huggingface.co/api/resolve-cache/models/sentence-transformers/all-MiniLM-L6-v2/c9745ed1d9f207416be6d2e6f8de32d1f16199bf/config_sentence_transformers.json "HTTP/1.1 200 OK"
2026-02-07 10:01:27 - httpx - INFO - _send_single_request:1025 - HTTP Request: HEAD https://huggingface.co/sentence-transformers/all-MiniLM-L6-v2/resolve/main/config_sentence_transformers.json "HTTP/1.1 307 Temporary Redirect"
2026-02-07 10:01:27 - httpx - INFO - _send_single_request:1025 - HTTP Request: HEAD https://huggingface.co/api/resolve-cache/models/sentence-transformers/all-MiniLM-L6-v2/c9745ed1d9f207416be6d2e6f8de32d1f16199bf/config_sentence_transformers.json "HTTP/1.1 200 OK"
2026-02-07 10:01:27 - httpx - INFO - _send_single_request:1025 - HTTP Request: HEAD https://huggingface.co/sentence-transformers/all-MiniLM-L6-v2/resolve/main/README.md "HTTP/1.1 307 Temporary Redirect"
2026-02-07 10:01:27 - httpx - INFO - _send_single_request:1025 - HTTP Request: HEAD https://huggingface.co/api/resolve-cache/models/sentence-transformers/all-MiniLM-L6-v2/c9745ed1d9f207416be6d2e6f8de32d1f16199bf/README.md "HTTP/1.1 200 OK"
2026-02-07 10:01:28 - httpx - INFO - _send_single_request:1025 - HTTP Request: HEAD https://huggingface.co/sentence-transformers/all-MiniLM-L6-v2/resolve/main/modules.json "HTTP/1.1 307 Temporary Redirect"
2026-02-07 10:01:28 - huggingface_hub.utils._http - WARNING - _warn_on_warning_headers:779 - Warning: You are sending unauthenticated requests to the HF Hub. Please set a HF_TOKEN to enable higher rate limits and faster downloads.
2026-02-07 10:01:28 - httpx - INFO - _send_single_request:1025 - HTTP Request: HEAD https://huggingface.co/api/resolve-cache/models/sentence-transformers/all-MiniLM-L6-v2/c9745ed1d9f207416be6d2e6f8de32d1f16199bf/modules.json "HTTP/1.1 200 OK"
2026-02-07 10:01:28 - httpx - INFO - _send_single_request:1025 - HTTP Request: HEAD https://huggingface.co/sentence-transformers/all-MiniLM-L6-v2/resolve/main/sentence_bert_config.json "HTTP/1.1 307 Temporary Redirect"
2026-02-07 10:01:28 - httpx - INFO - _send_single_request:1025 - HTTP Request: HEAD https://huggingface.co/api/resolve-cache/models/sentence-transformers/all-MiniLM-L6-v2/c9745ed1d9f207416be6d2e6f8de32d1f16199bf/sentence_bert_config.json "HTTP/1.1 200 OK"
2026-02-07 10:01:28 - httpx - INFO - _send_single_request:1025 - HTTP Request: HEAD https://huggingface.co/sentence-transformers/all-MiniLM-L6-v2/resolve/main/adapter_config.json "HTTP/1.1 404 Not Found"
2026-02-07 10:01:28 - httpx - INFO - _send_single_request:1025 - HTTP Request: HEAD https://huggingface.co/sentence-transformers/all-MiniLM-L6-v2/resolve/main/config.json "HTTP/1.1 307 Temporary Redirect"
2026-02-07 10:01:28 - httpx - INFO - _send_single_request:1025 - HTTP Request: HEAD https://huggingface.co/api/resolve-cache/models/sentence-transformers/all-MiniLM-L6-v2/c9745ed1d9f207416be6d2e6f8de32d1f16199bf/config.json "HTTP/1.1 200 OK"
2026-02-07 10:01:29 - httpx - INFO - _send_single_request:1025 - HTTP Request: HEAD https://huggingface.co/sentence-transformers/all-MiniLM-L6-v2/resolve/main/config.json "HTTP/1.1 307 Temporary Redirect"
2026-02-07 10:01:29 - httpx - INFO - _send_single_request:1025 - HTTP Request: HEAD https://huggingface.co/api/resolve-cache/models/sentence-transformers/all-MiniLM-L6-v2/c9745ed1d9f207416be6d2e6f8de32d1f16199bf/config.json "HTTP/1.1 200 OK"
2026-02-07 10:01:29 - httpx - INFO - _send_single_request:1025 - HTTP Request: HEAD https://huggingface.co/sentence-transformers/all-MiniLM-L6-v2/resolve/main/tokenizer_config.json "HTTP/1.1 307 Temporary Redirect"
2026-02-07 10:01:29 - httpx - INFO - _send_single_request:1025 - HTTP Request: HEAD https://huggingface.co/api/resolve-cache/models/sentence-transformers/all-MiniLM-L6-v2/c9745ed1d9f207416be6d2e6f8de32d1f16199bf/tokenizer_config.json "HTTP/1.1 200 OK"
2026-02-07 10:01:29 - httpx - INFO - _send_single_request:1025 - HTTP Request: GET https://huggingface.co/api/models/sentence-transformers/all-MiniLM-L6-v2/tree/main/additional_chat_templates?recursive=false&expand=false "HTTP/1.1 404 Not Found"
2026-02-07 10:01:30 - httpx - INFO - _send_single_request:1025 - HTTP Request: GET https://huggingface.co/api/models/sentence-transformers/all-MiniLM-L6-v2/tree/main?recursive=true&expand=false "HTTP/1.1 200 OK"
2026-02-07 10:01:30 - httpx - INFO - _send_single_request:1025 - HTTP Request: HEAD https://huggingface.co/sentence-transformers/all-MiniLM-L6-v2/resolve/main/1_Pooling/config.json "HTTP/1.1 307 Temporary Redirect"
2026-02-07 10:01:30 - httpx - INFO - _send_single_request:1025 - HTTP Request: HEAD https://huggingface.co/api/resolve-cache/models/sentence-transformers/all-MiniLM-L6-v2/c9745ed1d9f207416be6d2e6f8de32d1f16199bf/1_Pooling%2Fconfig.json "HTTP/1.1 200 OK"
2026-02-07 10:01:30 - httpx - INFO - _send_single_request:1025 - HTTP Request: GET https://huggingface.co/api/models/sentence-transformers/all-MiniLM-L6-v2 "HTTP/1.1 200 OK"
2026-02-07 10:01:30 - app.services.deduplicator - INFO - __init__:20 - Deduplicator loaded on cpu
2026-02-07 10:01:30 - uvicorn.error - INFO - _serve:84 - Started server process [17520]
2026-02-07 10:01:30 - uvicorn.error - INFO - startup:48 - Waiting for application startup.
2026-02-07 10:01:30 - app.main - INFO - startup_event:50 - Background News Scraper Started
2026-02-07 10:01:30 - jobs - INFO - init_db:15 - Initializing database...
2026-02-07 10:01:30 - jobs - INFO - run_scraper_loop:25 - Starting Newsroom Ingestion Cycle #1 at 2026-02-07 10:01:30.833633
2026-02-07 10:01:30 - jobs - INFO - run_scraper_loop:30 - Scraping source: Reuters
2026-02-07 10:01:30 - app.services.scraper_v2 - INFO - get_links:108 - Scraping feed: https://www.reuters.com/world/
2026-02-07 10:01:30 - uvicorn.error - INFO - startup:62 - Application startup complete.
2026-02-07 10:01:34 - app.services.scraper_v2 - INFO - get_links:108 - Scraping feed: https://www.reuters.com/business/
2026-02-07 10:01:36 - app.services.scraper_v2 - INFO - get_links:108 - Scraping feed: https://www.reuters.com/technology/
2026-02-07 10:01:39 - app.services.scraper_v2 - INFO - get_links:108 - Scraping feed: https://www.reuters.com/science/
2026-02-07 10:01:41 - jobs - INFO - run_scraper_loop:30 - Scraping source: Associated Press
2026-02-07 10:01:41 - app.services.scraper_v2 - INFO - get_links:108 - Scraping feed: https://apnews.com/hub/politics
2026-02-07 10:01:51 - uvicorn.error - INFO - shutdown:264 - Shutting down
2026-02-07 10:01:51 - uvicorn.error - INFO - shutdown:67 - Waiting for application shutdown.
2026-02-07 10:01:51 - uvicorn.error - INFO - shutdown:76 - Application shutdown complete.
2026-02-07 10:01:51 - uvicorn.error - INFO - _serve:94 - Finished server process [17520]
2026-02-07 10:02:00 - app.core.logging - INFO - setup_logging:70 - Logging system initialized
2026-02-07 10:02:04 - app.services.scraper_v2 - INFO - get_links:108 - Scraping feed: https://apnews.com/hub/business
2026-02-07 10:02:06 - sentence_transformers.SentenceTransformer - INFO - __init__:219 - Use pytorch device_name: cpu
2026-02-07 10:02:06 - sentence_transformers.SentenceTransformer - INFO - __init__:227 - Load pretrained SentenceTransformer: all-MiniLM-L6-v2
2026-02-07 10:02:07 - httpx - INFO - _send_single_request:1025 - HTTP Request: HEAD https://huggingface.co/sentence-transformers/all-MiniLM-L6-v2/resolve/main/modules.json "HTTP/1.1 307 Temporary Redirect"
2026-02-07 10:02:07 - httpx - INFO - _send_single_request:1025 - HTTP Request: HEAD https://huggingface.co/api/resolve-cache/models/sentence-transformers/all-MiniLM-L6-v2/c9745ed1d9f207416be6d2e6f8de32d1f16199bf/modules.json "HTTP/1.1 200 OK"
2026-02-07 10:02:07 - httpx - INFO - _send_single_request:1025 - HTTP Request: HEAD https://huggingface.co/sentence-transformers/all-MiniLM-L6-v2/resolve/main/config_sentence_transformers.json "HTTP/1.1 307 Temporary Redirect"
2026-02-07 10:02:07 - httpx - INFO - _send_single_request:1025 - HTTP Request: HEAD https://huggingface.co/api/resolve-cache/models/sentence-transformers/all-MiniLM-L6-v2/c9745ed1d9f207416be6d2e6f8de32d1f16199bf/config_sentence_transformers.json "HTTP/1.1 200 OK"
2026-02-07 10:02:07 - httpx - INFO - _send_single_request:1025 - HTTP Request: HEAD https://huggingface.co/sentence-transformers/all-MiniLM-L6-v2/resolve/main/config_sentence_transformers.json "HTTP/1.1 307 Temporary Redirect"
2026-02-07 10:02:07 - httpx - INFO - _send_single_request:1025 - HTTP Request: HEAD https://huggingface.co/api/resolve-cache/models/sentence-transformers/all-MiniLM-L6-v2/c9745ed1d9f207416be6d2e6f8de32d1f16199bf/config_sentence_transformers.json "HTTP/1.1 200 OK"
2026-02-07 10:02:07 - httpx - INFO - _send_single_request:1025 - HTTP Request: HEAD https://huggingface.co/sentence-transformers/all-MiniLM-L6-v2/resolve/main/README.md "HTTP/1.1 307 Temporary Redirect"
2026-02-07 10:02:07 - httpx - INFO - _send_single_request:1025 - HTTP Request: HEAD https://huggingface.co/api/resolve-cache/models/sentence-transformers/all-MiniLM-L6-v2/c9745ed1d9f207416be6d2e6f8de32d1f16199bf/README.md "HTTP/1.1 200 OK"
2026-02-07 10:02:08 - httpx - INFO - _send_single_request:1025 - HTTP Request: HEAD https://huggingface.co/sentence-transformers/all-MiniLM-L6-v2/resolve/main/modules.json "HTTP/1.1 307 Temporary Redirect"
2026-02-07 10:02:08 - httpx - INFO - _send_single_request:1025 - HTTP Request: HEAD https://huggingface.co/api/resolve-cache/models/sentence-transformers/all-MiniLM-L6-v2/c9745ed1d9f207416be6d2e6f8de32d1f16199bf/modules.json "HTTP/1.1 200 OK"
2026-02-07 10:02:08 - httpx - INFO - _send_single_request:1025 - HTTP Request: HEAD https://huggingface.co/sentence-transformers/all-MiniLM-L6-v2/resolve/main/sentence_bert_config.json "HTTP/1.1 307 Temporary Redirect"
2026-02-07 10:02:08 - httpx - INFO - _send_single_request:1025 - HTTP Request: HEAD https://huggingface.co/api/resolve-cache/models/sentence-transformers/all-MiniLM-L6-v2/c9745ed1d9f207416be6d2e6f8de32d1f16199bf/sentence_bert_config.json "HTTP/1.1 200 OK"
2026-02-07 10:02:08 - httpx - INFO - _send_single_request:1025 - HTTP Request: HEAD https://huggingface.co/sentence-transformers/all-MiniLM-L6-v2/resolve/main/adapter_config.json "HTTP/1.1 404 Not Found"
2026-02-07 10:02:08 - httpx - INFO - _send_single_request:1025 - HTTP Request: HEAD https://huggingface.co/sentence-transformers/all-MiniLM-L6-v2/resolve/main/config.json "HTTP/1.1 307 Temporary Redirect"
2026-02-07 10:02:08 - huggingface_hub.utils._http - WARNING - _warn_on_warning_headers:779 - Warning: You are sending unauthenticated requests to the HF Hub. Please set a HF_TOKEN to enable higher rate limits and faster downloads.
2026-02-07 10:02:08 - httpx - INFO - _send_single_request:1025 - HTTP Request: HEAD https://huggingface.co/api/resolve-cache/models/sentence-transformers/all-MiniLM-L6-v2/c9745ed1d9f207416be6d2e6f8de32d1f16199bf/config.json "HTTP/1.1 200 OK"
2026-02-07 10:02:09 - httpx - INFO - _send_single_request:1025 - HTTP Request: HEAD https://huggingface.co/sentence-transformers/all-MiniLM-L6-v2/resolve/main/config.json "HTTP/1.1 307 Temporary Redirect"
2026-02-07 10:02:09 - httpx - INFO - _send_single_request:1025 - HTTP Request: HEAD https://huggingface.co/api/resolve-cache/models/sentence-transformers/all-MiniLM-L6-v2/c9745ed1d9f207416be6d2e6f8de32d1f16199bf/config.json "HTTP/1.1 200 OK"
2026-02-07 10:02:09 - httpx - INFO - _send_single_request:1025 - HTTP Request: HEAD https://huggingface.co/sentence-transformers/all-MiniLM-L6-v2/resolve/main/tokenizer_config.json "HTTP/1.1 307 Temporary Redirect"
2026-02-07 10:02:09 - httpx - INFO - _send_single_request:1025 - HTTP Request: HEAD https://huggingface.co/api/resolve-cache/models/sentence-transformers/all-MiniLM-L6-v2/c9745ed1d9f207416be6d2e6f8de32d1f16199bf/tokenizer_config.json "HTTP/1.1 200 OK"
2026-02-07 10:02:10 - httpx - INFO - _send_single_request:1025 - HTTP Request: GET https://huggingface.co/api/models/sentence-transformers/all-MiniLM-L6-v2/tree/main/additional_chat_templates?recursive=false&expand=false "HTTP/1.1 404 Not Found"
2026-02-07 10:02:10 - httpx - INFO - _send_single_request:1025 - HTTP Request: GET https://huggingface.co/api/models/sentence-transformers/all-MiniLM-L6-v2/tree/main?recursive=true&expand=false "HTTP/1.1 200 OK"
2026-02-07 10:02:10 - httpx - INFO - _send_single_request:1025 - HTTP Request: HEAD https://huggingface.co/sentence-transformers/all-MiniLM-L6-v2/resolve/main/1_Pooling/config.json "HTTP/1.1 307 Temporary Redirect"
2026-02-07 10:02:10 - httpx - INFO - _send_single_request:1025 - HTTP Request: HEAD https://huggingface.co/api/resolve-cache/models/sentence-transformers/all-MiniLM-L6-v2/c9745ed1d9f207416be6d2e6f8de32d1f16199bf/1_Pooling%2Fconfig.json "HTTP/1.1 200 OK"
2026-02-07 10:02:10 - httpx - INFO - _send_single_request:1025 - HTTP Request: GET https://huggingface.co/api/models/sentence-transformers/all-MiniLM-L6-v2 "HTTP/1.1 200 OK"
2026-02-07 10:02:10 - app.services.deduplicator - INFO - __init__:20 - Deduplicator loaded on cpu
2026-02-07 10:02:10 - uvicorn.error - INFO - _serve:84 - Started server process [16172]
2026-02-07 10:02:10 - uvicorn.error - INFO - startup:48 - Waiting for application startup.
2026-02-07 10:02:10 - app.main - INFO - startup_event:50 - Background News Scraper Started
2026-02-07 10:02:10 - jobs - INFO - init_db:15 - Initializing database...
2026-02-07 10:02:10 - jobs - INFO - run_scraper_loop:25 - Starting Newsroom Ingestion Cycle #1 at 2026-02-07 10:02:10.947794
2026-02-07 10:02:10 - jobs - INFO - run_scraper_loop:30 - Scraping source: Reuters
2026-02-07 10:02:10 - app.services.scraper_v2 - INFO - get_links:108 - Scraping feed: https://www.reuters.com/world/
2026-02-07 10:02:10 - uvicorn.error - INFO - startup:62 - Application startup complete.
2026-02-07 10:02:14 - app.services.scraper_v2 - INFO - get_links:108 - Scraping feed: https://www.reuters.com/business/
2026-02-07 10:02:17 - app.services.scraper_v2 - INFO - get_links:108 - Scraping feed: https://www.reuters.com/technology/
2026-02-07 10:02:19 - app.services.scraper_v2 - INFO - get_links:108 - Scraping feed: https://www.reuters.com/science/
2026-02-07 10:02:22 - jobs - INFO - run_scraper_loop:30 - Scraping source: Associated Press
2026-02-07 10:02:22 - app.services.scraper_v2 - INFO - get_links:108 - Scraping feed: https://apnews.com/hub/politics
2026-02-07 10:02:30 - app.services.scraper_v2 - INFO - get_links:108 - Scraping feed: https://apnews.com/hub/science
2026-02-07 10:02:48 - app.services.scraper_v2 - INFO - get_links:108 - Scraping feed: https://apnews.com/hub/business
2026-02-07 10:02:54 - app.services.scraper_v2 - INFO - get_links:108 - Scraping feed: https://apnews.com/hub/health
2026-02-07 10:03:10 - app.services.scraper_v2 - INFO - get_links:108 - Scraping feed: https://apnews.com/hub/science
2026-02-07 10:03:35 - app.core.security - INFO - dispatch:32 - GET /api/v1/articles - 127.0.0.1
2026-02-07 10:03:35 - app.core.security - INFO - dispatch:32 - GET /api/v1/trending - 127.0.0.1
2026-02-07 10:03:35 - app.core.security - INFO - dispatch:40 - Response: 307 - 0.002s
2026-02-07 10:03:35 - uvicorn.access - INFO - send:483 - 127.0.0.1:62840 - "GET /api/v1/articles?category=Technology&limit=20 HTTP/1.1" 307
2026-02-07 10:03:35 - app.core.security - INFO - dispatch:40 - Response: 404 - 0.003s
2026-02-07 10:03:35 - uvicorn.access - INFO - send:483 - 127.0.0.1:62841 - "GET /api/v1/trending HTTP/1.1" 404
2026-02-07 10:03:35 - app.core.security - INFO - dispatch:32 - GET /api/v1/articles/ - 127.0.0.1
2026-02-07 10:03:35 - app.core.security - INFO - dispatch:40 - Response: 200 - 0.042s
2026-02-07 10:03:35 - uvicorn.access - INFO - send:483 - 127.0.0.1:62842 - "GET /api/v1/articles/?category=Technology&limit=20 HTTP/1.1" 200
2026-02-07 10:03:54 - app.services.scraper_v2 - INFO - get_links:108 - Scraping feed: https://apnews.com/hub/health
2026-02-07 10:04:09 - app.services.scraper_v2 - ERROR - get_links:127 - Failed to scrape feed https://apnews.com/hub/health: HTTPSConnectionPool(host='apnews.com', port=443): Read timed out. (read timeout=15)
2026-02-07 10:04:09 - jobs - INFO - run_scraper_loop:30 - Scraping source: Bloomberg
2026-02-07 10:04:09 - app.services.scraper_v2 - INFO - get_links:108 - Scraping feed: https://www.bloomberg.com/technology
2026-02-07 10:04:10 - app.services.scraper_v2 - INFO - get_links:108 - Scraping feed: https://www.bloomberg.com/markets
2026-02-07 10:04:11 - app.services.scraper_v2 - INFO - get_links:108 - Scraping feed: https://www.bloomberg.com/politics
2026-02-07 10:04:11 - jobs - INFO - run_scraper_loop:30 - Scraping source: VentureBeat AI
2026-02-07 10:04:11 - app.services.scraper_v2 - INFO - get_links:108 - Scraping feed: https://venturebeat.com/category/ai/
2026-02-07 10:04:16 - jobs - INFO - run_scraper_loop:30 - Scraping source: AI News
2026-02-07 10:04:16 - app.services.scraper_v2 - INFO - get_links:108 - Scraping feed: https://www.artificialintelligence-news.com/
2026-02-07 10:04:18 - app.services.scraper_v2 - ERROR - get_links:127 - Failed to scrape feed https://www.artificialintelligence-news.com/: ('Connection aborted.', RemoteDisconnected('Remote end closed connection without response'))
2026-02-07 10:04:18 - jobs - INFO - run_scraper_loop:30 - Scraping source: Sifted
2026-02-07 10:04:18 - app.services.scraper_v2 - INFO - get_links:108 - Scraping feed: https://sifted.eu/sections/artificial-intelligence/
2026-02-07 10:04:18 - app.services.scraper_v2 - INFO - get_links:108 - Scraping feed: https://sifted.eu/sections/startups/
2026-02-07 10:04:19 - jobs - INFO - run_scraper_loop:30 - Scraping source: Nature
2026-02-07 10:04:19 - app.services.scraper_v2 - INFO - get_links:108 - Scraping feed: https://www.nature.com/nature/articles?type=news
2026-02-07 10:04:21 - jobs - INFO - run_scraper_loop:30 - Scraping source: New Scientist
2026-02-07 10:04:21 - app.services.scraper_v2 - INFO - get_links:108 - Scraping feed: https://www.newscientist.com/section/news/
2026-02-07 10:04:32 - app.core.security - INFO - dispatch:32 - POST /api/v1/auth/login/access-token - 127.0.0.1
2026-02-07 10:04:32 - app.services.scraper_v2 - INFO - get_links:108 - Scraping feed: https://www.newscientist.com/subject/environment/
2026-02-07 10:04:32 - app.core.security - INFO - dispatch:40 - Response: 200 - 0.567s
2026-02-07 10:04:32 - uvicorn.access - INFO - send:483 - 127.0.0.1:57509 - "POST /api/v1/auth/login/access-token HTTP/1.1" 200
2026-02-07 10:04:43 - jobs - INFO - run_scraper_loop:30 - Scraping source: EdSurge
2026-02-07 10:04:43 - app.services.scraper_v2 - INFO - get_links:108 - Scraping feed: https://www.edsurge.com/news
2026-02-07 10:04:44 - app.core.security - INFO - dispatch:32 - POST /api/v1/auth/login/access-token - 127.0.0.1
2026-02-07 10:04:44 - app.core.security - INFO - dispatch:40 - Response: 200 - 0.535s
2026-02-07 10:04:44 - uvicorn.access - INFO - send:483 - 127.0.0.1:55972 - "POST /api/v1/auth/login/access-token HTTP/1.1" 200
2026-02-07 10:04:57 - jobs - INFO - run_scraper_loop:30 - Scraping source: Inside Higher Ed
2026-02-07 10:04:57 - app.services.scraper_v2 - INFO - get_links:108 - Scraping feed: https://www.insidehighered.com/news
2026-02-07 10:05:10 - jobs - INFO - run_scraper_loop:30 - Scraping source: The Guardian Environment
2026-02-07 10:05:10 - app.services.scraper_v2 - INFO - get_links:108 - Scraping feed: https://www.theguardian.com/environment
2026-02-07 10:05:14 - app.core.security - INFO - dispatch:32 - GET /api/v1/articles - 127.0.0.1
2026-02-07 10:05:14 - app.core.security - INFO - dispatch:40 - Response: 307 - 0.002s
2026-02-07 10:05:14 - uvicorn.access - INFO - send:483 - 127.0.0.1:65403 - "GET /api/v1/articles?category=Technology&limit=20 HTTP/1.1" 307
2026-02-07 10:05:14 - app.core.security - INFO - dispatch:32 - GET /api/v1/articles/ - 127.0.0.1
2026-02-07 10:05:14 - app.core.security - INFO - dispatch:40 - Response: 200 - 0.040s
2026-02-07 10:05:14 - uvicorn.access - INFO - send:483 - 127.0.0.1:65404 - "GET /api/v1/articles/?category=Technology&limit=20 HTTP/1.1" 200
2026-02-07 10:05:14 - app.core.security - INFO - dispatch:32 - GET /api/v1/trending - 127.0.0.1
2026-02-07 10:05:14 - app.core.security - INFO - dispatch:40 - Response: 404 - 0.002s
2026-02-07 10:05:14 - uvicorn.access - INFO - send:483 - 127.0.0.1:65403 - "GET /api/v1/trending HTTP/1.1" 404
2026-02-07 10:05:16 - app.core.security - INFO - dispatch:32 - GET /api/v1/articles - 127.0.0.1
2026-02-07 10:05:16 - app.core.security - INFO - dispatch:40 - Response: 307 - 0.001s
2026-02-07 10:05:16 - uvicorn.access - INFO - send:483 - 127.0.0.1:65403 - "GET /api/v1/articles?category=Technology&limit=20 HTTP/1.1" 307
2026-02-07 10:05:16 - app.core.security - INFO - dispatch:32 - GET /api/v1/articles/ - 127.0.0.1
2026-02-07 10:05:16 - app.core.security - INFO - dispatch:40 - Response: 200 - 0.056s
2026-02-07 10:05:16 - uvicorn.access - INFO - send:483 - 127.0.0.1:65404 - "GET /api/v1/articles/?category=Technology&limit=20 HTTP/1.1" 200
2026-02-07 10:05:16 - app.core.security - INFO - dispatch:32 - GET /api/v1/trending - 127.0.0.1
2026-02-07 10:05:16 - app.core.security - INFO - dispatch:40 - Response: 404 - 0.001s
2026-02-07 10:05:16 - uvicorn.access - INFO - send:483 - 127.0.0.1:65403 - "GET /api/v1/trending HTTP/1.1" 404
2026-02-07 10:05:28 - jobs - INFO - run_scraper_loop:30 - Scraping source: Grist
2026-02-07 10:05:28 - app.services.scraper_v2 - INFO - get_links:108 - Scraping feed: https://grist.org/news/
2026-02-07 10:05:30 - jobs - INFO - run_scraper_loop:30 - Scraping source: Mongabay
2026-02-07 10:05:30 - app.services.scraper_v2 - INFO - get_links:108 - Scraping feed: https://news.mongabay.com/
2026-02-07 10:05:30 - jobs - INFO - run_scraper_loop:30 - Scraping source: National Geographic
2026-02-07 10:05:30 - app.services.scraper_v2 - INFO - get_links:108 - Scraping feed: https://www.nationalgeographic.com/environment
2026-02-07 10:05:40 - app.core.security - INFO - dispatch:32 - GET /health - 127.0.0.1
2026-02-07 10:05:40 - app.core.security - INFO - dispatch:40 - Response: 200 - 0.007s
2026-02-07 10:05:40 - uvicorn.access - INFO - send:483 - 127.0.0.1:61929 - "GET /health HTTP/1.1" 200
2026-02-07 10:05:40 - uvicorn.access - INFO - send:483 - 127.0.0.1:61929 - "OPTIONS /news/stats HTTP/1.1" 200
2026-02-07 10:05:40 - uvicorn.access - INFO - send:483 - 127.0.0.1:58228 - "OPTIONS /news/quick-feed HTTP/1.1" 200
2026-02-07 10:05:40 - app.core.security - INFO - dispatch:32 - GET /news/stats - 127.0.0.1
2026-02-07 10:05:40 - app.core.security - INFO - dispatch:32 - GET /news/quick-feed - 127.0.0.1
2026-02-07 10:05:40 - app.core.security - INFO - dispatch:40 - Response: 200 - 0.058s
2026-02-07 10:05:40 - uvicorn.access - INFO - send:483 - 127.0.0.1:61929 - "GET /news/stats HTTP/1.1" 200
2026-02-07 10:05:40 - app.core.security - INFO - dispatch:40 - Response: 200 - 0.073s
2026-02-07 10:05:40 - uvicorn.access - INFO - send:483 - 127.0.0.1:58228 - "GET /news/quick-feed HTTP/1.1" 200
2026-02-07 10:05:44 - app.core.security - INFO - dispatch:32 - GET /api/v1/articles - 127.0.0.1
2026-02-07 10:05:44 - app.core.security - INFO - dispatch:40 - Response: 307 - 0.002s
2026-02-07 10:05:44 - uvicorn.access - INFO - send:483 - 127.0.0.1:58228 - "GET /api/v1/articles?limit=20&offset=20&category=Technology HTTP/1.1" 307
2026-02-07 10:05:44 - app.core.security - INFO - dispatch:32 - GET /api/v1/articles/ - 127.0.0.1
2026-02-07 10:05:44 - app.core.security - INFO - dispatch:40 - Response: 200 - 0.042s
2026-02-07 10:05:44 - uvicorn.access - INFO - send:483 - 127.0.0.1:58228 - "GET /api/v1/articles/?limit=20&offset=20&category=Technology HTTP/1.1" 200
2026-02-07 10:06:02 - app.core.security - INFO - dispatch:32 - POST /api/v1/auth/login/access-token - 127.0.0.1
2026-02-07 10:06:02 - app.core.security - INFO - dispatch:40 - Response: 400 - 0.005s
2026-02-07 10:06:02 - uvicorn.access - INFO - send:483 - 127.0.0.1:64759 - "POST /api/v1/auth/login/access-token HTTP/1.1" 400
2026-02-07 10:06:04 - app.core.security - INFO - dispatch:32 - POST /api/v1/auth/login/access-token - 127.0.0.1
2026-02-07 10:06:04 - app.core.security - INFO - dispatch:40 - Response: 400 - 0.005s
2026-02-07 10:06:04 - uvicorn.access - INFO - send:483 - 127.0.0.1:64759 - "POST /api/v1/auth/login/access-token HTTP/1.1" 400
2026-02-07 10:06:04 - jobs - INFO - run_scraper_loop:30 - Scraping source: The Hindu
2026-02-07 10:06:04 - app.services.scraper_v2 - INFO - get_links:108 - Scraping feed: https://www.thehindu.com/news/national/
2026-02-07 10:06:14 - app.services.scraper_v2 - INFO - get_links:108 - Scraping feed: https://www.thehindu.com/sci-tech/technology/
2026-02-07 10:06:24 - app.services.scraper_v2 - INFO - get_links:108 - Scraping feed: https://www.thehindu.com/sport/
2026-02-07 10:06:33 - jobs - INFO - run_scraper_loop:30 - Scraping source: ESPN
2026-02-07 10:06:33 - app.services.scraper_v2 - INFO - get_links:108 - Scraping feed: https://www.espn.com/
2026-02-07 10:07:01 - app.services.scraper_v2 - INFO - get_links:108 - Scraping feed: https://www.espn.com/nfl/
2026-02-07 10:07:29 - app.services.scraper_v2 - INFO - get_links:108 - Scraping feed: https://www.espn.com/nba/
2026-02-07 10:07:59 - jobs - INFO - run_scraper_loop:30 - Scraping source: BBC Sport
2026-02-07 10:07:59 - app.services.scraper_v2 - INFO - get_links:108 - Scraping feed: https://www.bbc.com/sport
2026-02-07 10:08:15 - app.services.scraper_v2 - INFO - get_links:108 - Scraping feed: https://www.bbc.com/sport/football
2026-02-07 10:55:57 - app.core.logging - INFO - setup_logging:70 - Logging system initialized
2026-02-07 10:55:59 - uvicorn.error - INFO - serve:76 - Started server process [4356]
2026-02-07 10:55:59 - uvicorn.error - INFO - startup:48 - Waiting for application startup.
2026-02-07 10:55:59 - app.main - INFO - startup_event:51 - Background News Scraper Started
2026-02-07 10:55:59 - jobs - INFO - init_db:15 - Initializing database...
2026-02-07 10:55:59 - jobs - INFO - run_scraper_loop:25 - Starting Newsroom Ingestion Cycle #1 at 2026-02-07 10:55:59.415837
2026-02-07 10:55:59 - jobs - INFO - run_scraper_loop:30 - Scraping source: Reuters
2026-02-07 10:55:59 - app.services.scraper_v2 - INFO - get_links:108 - Scraping feed: https://www.reuters.com/world/
2026-02-07 10:55:59 - uvicorn.error - INFO - startup:62 - Application startup complete.
2026-02-07 10:56:01 - app.services.scraper_v2 - INFO - get_links:108 - Scraping feed: https://www.reuters.com/business/
2026-02-07 10:56:03 - app.services.scraper_v2 - INFO - get_links:108 - Scraping feed: https://www.reuters.com/technology/
2026-02-07 10:56:05 - app.services.scraper_v2 - INFO - get_links:108 - Scraping feed: https://www.reuters.com/science/
2026-02-07 10:56:08 - jobs - INFO - run_scraper_loop:30 - Scraping source: Associated Press
2026-02-07 10:56:08 - app.services.scraper_v2 - INFO - get_links:108 - Scraping feed: https://apnews.com/hub/politics
2026-02-07 11:07:59 - app.core.logging - INFO - setup_logging:70 - Logging system initialized
2026-02-07 11:08:01 - uvicorn.error - INFO - serve:76 - Started server process [22644]
2026-02-07 11:08:01 - uvicorn.error - INFO - startup:48 - Waiting for application startup.
2026-02-07 11:08:01 - app.main - INFO - startup_event:51 - Background News Scraper Started
2026-02-07 11:08:01 - jobs - INFO - init_db:15 - Initializing database...
2026-02-07 11:08:01 - jobs - INFO - run_scraper_loop:25 - Starting Newsroom Ingestion Cycle #1 at 2026-02-07 11:08:01.204105
2026-02-07 11:08:01 - jobs - INFO - run_scraper_loop:30 - Scraping source: Reuters
2026-02-07 11:08:01 - app.services.scraper_v2 - INFO - get_links:108 - Scraping feed: https://www.reuters.com/world/
2026-02-07 11:08:01 - uvicorn.error - INFO - startup:62 - Application startup complete.
2026-02-07 11:08:10 - app.services.scraper_v2 - INFO - get_links:108 - Scraping feed: https://www.reuters.com/business/
2026-02-07 11:08:15 - app.services.scraper_v2 - INFO - get_links:108 - Scraping feed: https://www.reuters.com/technology/
2026-02-07 11:08:19 - app.services.scraper_v2 - INFO - get_links:108 - Scraping feed: https://www.reuters.com/science/
2026-02-07 11:08:23 - jobs - INFO - run_scraper_loop:30 - Scraping source: Associated Press
2026-02-07 11:08:23 - app.services.scraper_v2 - INFO - get_links:108 - Scraping feed: https://apnews.com/hub/politics
2026-02-07 11:09:41 - app.core.logging - INFO - setup_logging:70 - Logging system initialized
2026-02-07 11:09:42 - uvicorn.error - INFO - serve:76 - Started server process [12892]
2026-02-07 11:09:42 - uvicorn.error - INFO - startup:48 - Waiting for application startup.
2026-02-07 11:09:42 - app.main - INFO - startup_event:51 - Background News Scraper Started
2026-02-07 11:09:42 - jobs - INFO - init_db:15 - Initializing database...
2026-02-07 11:09:42 - jobs - INFO - run_scraper_loop:25 - Starting Newsroom Ingestion Cycle #1 at 2026-02-07 11:09:42.516566
2026-02-07 11:09:42 - jobs - INFO - run_scraper_loop:30 - Scraping source: Reuters
2026-02-07 11:09:42 - app.services.scraper_v2 - INFO - get_links:108 - Scraping feed: https://www.reuters.com/world/
2026-02-07 11:09:42 - uvicorn.error - INFO - startup:62 - Application startup complete.
2026-02-07 11:09:46 - app.services.scraper_v2 - INFO - get_links:108 - Scraping feed: https://www.reuters.com/business/
2026-02-07 11:09:49 - app.services.scraper_v2 - INFO - get_links:108 - Scraping feed: https://www.reuters.com/technology/
2026-02-07 11:09:52 - app.services.scraper_v2 - INFO - get_links:108 - Scraping feed: https://www.reuters.com/science/
2026-02-07 11:09:55 - jobs - INFO - run_scraper_loop:30 - Scraping source: Associated Press
2026-02-07 11:09:55 - app.services.scraper_v2 - INFO - get_links:108 - Scraping feed: https://apnews.com/hub/politics
2026-02-07 11:10:23 - app.services.scraper_v2 - INFO - get_links:108 - Scraping feed: https://apnews.com/hub/business
2026-02-07 11:10:58 - app.services.scraper_v2 - INFO - get_links:108 - Scraping feed: https://apnews.com/hub/science
2026-02-07 11:10:59 - uvicorn.error - INFO - shutdown:265 - Shutting down
2026-02-07 11:10:59 - uvicorn.error - INFO - shutdown:67 - Waiting for application shutdown.
2026-02-07 11:10:59 - uvicorn.error - INFO - shutdown:78 - Application shutdown complete.
2026-02-07 11:10:59 - uvicorn.error - INFO - serve:86 - Finished server process [12892]
2026-02-07 11:11:47 - app.core.logging - INFO - setup_logging:71 - Logging system initialized
2026-02-07 11:11:49 - app.services.deduplicator - WARNING - <module>:12 - ML modules (torch/sentence-transformers) not found. Deduplication disabled.
2026-02-07 11:11:49 - uvicorn.error - INFO - serve:76 - Started server process [10344]
2026-02-07 11:11:49 - uvicorn.error - INFO - startup:48 - Waiting for application startup.
2026-02-07 11:11:49 - app.main - INFO - startup_event:51 - Background News Scraper Started
2026-02-07 11:11:49 - jobs - INFO - init_db:15 - Initializing database...
2026-02-07 11:11:49 - jobs - INFO - run_scraper_loop:25 - Starting Newsroom Ingestion Cycle #1 at 2026-02-07 11:11:49.450270
2026-02-07 11:11:49 - jobs - INFO - run_scraper_loop:30 - Scraping source: Reuters
2026-02-07 11:11:49 - app.services.scraper_v2 - INFO - get_links:108 - Scraping feed: https://www.reuters.com/world/
2026-02-07 11:11:49 - uvicorn.error - INFO - startup:62 - Application startup complete.
2026-02-07 11:11:54 - app.services.scraper_v2 - INFO - get_links:108 - Scraping feed: https://www.reuters.com/business/
2026-02-07 11:11:57 - app.services.scraper_v2 - INFO - get_links:108 - Scraping feed: https://www.reuters.com/technology/
2026-02-07 11:12:00 - app.services.scraper_v2 - INFO - get_links:108 - Scraping feed: https://www.reuters.com/science/
2026-02-07 11:12:03 - jobs - INFO - run_scraper_loop:30 - Scraping source: Associated Press
2026-02-07 11:12:03 - app.services.scraper_v2 - INFO - get_links:108 - Scraping feed: https://apnews.com/hub/politics
2026-02-07 11:12:30 - app.services.scraper_v2 - INFO - get_links:108 - Scraping feed: https://apnews.com/hub/business
2026-02-07 11:13:04 - app.services.scraper_v2 - INFO - get_links:108 - Scraping feed: https://apnews.com/hub/science
2026-02-07 11:13:08 - app.core.security - INFO - dispatch:32 - GET /news/stats - 127.0.0.1
2026-02-07 11:13:08 - app.core.security - INFO - dispatch:40 - Response: 200 - 0.027s
2026-02-07 11:13:08 - uvicorn.access - INFO - send:505 - 127.0.0.1:63109 - "GET /news/stats HTTP/1.1" 200
2026-02-07 11:13:19 - app.core.security - INFO - dispatch:32 - GET /api/v1/trending/ - 127.0.0.1
2026-02-07 11:13:19 - app.core.security - INFO - dispatch:40 - Response: 200 - 0.006s
2026-02-07 11:13:19 - uvicorn.access - INFO - send:505 - 127.0.0.1:63121 - "GET /api/v1/trending/ HTTP/1.1" 200
2026-02-07 11:13:52 - app.core.security - INFO - dispatch:32 - GET /api/v1/articles/ - 127.0.0.1
2026-02-07 11:13:52 - app.core.security - INFO - dispatch:40 - Response: 200 - 0.027s
2026-02-07 11:13:52 - uvicorn.access - INFO - send:505 - 127.0.0.1:63152 - "GET /api/v1/articles/?limit=1 HTTP/1.1" 200
2026-02-07 11:14:32 - app.core.logging - INFO - setup_logging:71 - Logging system initialized
2026-02-07 11:14:34 - app.services.deduplicator - WARNING - <module>:12 - ML modules (torch/sentence-transformers) not found. Deduplication disabled.
2026-02-07 11:14:34 - uvicorn.error - INFO - serve:76 - Started server process [8232]
2026-02-07 11:14:34 - uvicorn.error - INFO - startup:48 - Waiting for application startup.
2026-02-07 11:14:34 - app.main - INFO - startup_event:51 - Background News Scraper Started
2026-02-07 11:14:34 - jobs - INFO - init_db:15 - Initializing database...
2026-02-07 11:14:34 - jobs - INFO - run_scraper_loop:25 - Starting Newsroom Ingestion Cycle #1 at 2026-02-07 11:14:34.039655
2026-02-07 11:14:34 - jobs - INFO - run_scraper_loop:30 - Scraping source: Reuters
2026-02-07 11:14:34 - app.services.scraper_v2 - INFO - get_links:108 - Scraping feed: https://www.reuters.com/world/
2026-02-07 11:14:34 - uvicorn.error - INFO - startup:62 - Application startup complete.
2026-02-07 11:14:40 - app.services.scraper_v2 - INFO - get_links:108 - Scraping feed: https://www.reuters.com/business/
2026-02-07 11:14:44 - app.services.scraper_v2 - INFO - get_links:108 - Scraping feed: https://www.reuters.com/technology/
2026-02-07 11:14:50 - app.services.scraper_v2 - INFO - get_links:108 - Scraping feed: https://www.reuters.com/science/
2026-02-07 11:14:54 - jobs - INFO - run_scraper_loop:30 - Scraping source: Associated Press
2026-02-07 11:14:54 - app.services.scraper_v2 - INFO - get_links:108 - Scraping feed: https://apnews.com/hub/politics
2026-02-07 11:15:15 - app.core.security - INFO - dispatch:32 - GET /health - 127.0.0.1
2026-02-07 11:15:15 - app.core.security - INFO - dispatch:40 - Response: 200 - 0.007s
2026-02-07 11:15:15 - uvicorn.access - INFO - send:505 - 127.0.0.1:63109 - "GET /health HTTP/1.1" 200
2026-02-07 11:15:15 - app.core.security - INFO - dispatch:32 - GET /api/v1/articles - 127.0.0.1
2026-02-07 11:15:15 - app.core.security - INFO - dispatch:40 - Response: 307 - 0.001s
2026-02-07 11:15:15 - uvicorn.access - INFO - send:505 - 127.0.0.1:63110 - "GET /api/v1/articles?limit=20 HTTP/1.1" 307
2026-02-07 11:15:15 - app.core.security - INFO - dispatch:32 - GET /api/v1/trending - 127.0.0.1
2026-02-07 11:15:15 - app.core.security - INFO - dispatch:40 - Response: 307 - 0.001s
2026-02-07 11:15:15 - uvicorn.access - INFO - send:505 - 127.0.0.1:63109 - "GET /api/v1/trending HTTP/1.1" 307
2026-02-07 11:15:15 - app.core.security - INFO - dispatch:32 - GET /api/v1/articles/ - 127.0.0.1
2026-02-07 11:15:15 - app.core.security - INFO - dispatch:32 - GET /api/v1/trending/ - 127.0.0.1
2026-02-07 11:15:15 - app.core.security - INFO - dispatch:40 - Response: 200 - 0.014s
2026-02-07 11:15:15 - uvicorn.access - INFO - send:505 - 127.0.0.1:63112 - "GET /api/v1/trending/ HTTP/1.1" 200
2026-02-07 11:15:15 - app.core.security - INFO - dispatch:32 - GET /api/v1/articles - 127.0.0.1
2026-02-07 11:15:15 - app.core.security - INFO - dispatch:40 - Response: 307 - 0.001s
2026-02-07 11:15:15 - uvicorn.access - INFO - send:505 - 127.0.0.1:63109 - "GET /api/v1/articles?category=World&limit=20 HTTP/1.1" 307
2026-02-07 11:15:15 - app.core.security - INFO - dispatch:32 - GET /api/v1/articles - 127.0.0.1
2026-02-07 11:15:15 - app.core.security - INFO - dispatch:40 - Response: 307 - 0.001s
2026-02-07 11:15:15 - uvicorn.access - INFO - send:505 - 127.0.0.1:63110 - "GET /api/v1/articles?category=Business&limit=20 HTTP/1.1" 307
2026-02-07 11:15:15 - app.core.security - INFO - dispatch:40 - Response: 200 - 0.069s
2026-02-07 11:15:15 - uvicorn.access - INFO - send:505 - 127.0.0.1:63111 - "GET /api/v1/articles/?limit=20 HTTP/1.1" 200
2026-02-07 11:15:15 - app.core.security - INFO - dispatch:32 - GET /api/v1/articles - 127.0.0.1
2026-02-07 11:15:15 - app.core.security - INFO - dispatch:32 - GET /api/v1/articles - 127.0.0.1
2026-02-07 11:15:15 - app.core.security - INFO - dispatch:40 - Response: 307 - 0.004s
2026-02-07 11:15:15 - uvicorn.access - INFO - send:505 - 127.0.0.1:63113 - "GET /api/v1/articles?category=Technology&limit=20 HTTP/1.1" 307
2026-02-07 11:15:15 - app.core.security - INFO - dispatch:40 - Response: 307 - 0.004s
2026-02-07 11:15:15 - uvicorn.access - INFO - send:505 - 127.0.0.1:63114 - "GET /api/v1/articles?category=AI+%26+Startups&limit=20 HTTP/1.1" 307
2026-02-07 11:15:15 - app.core.security - INFO - dispatch:32 - GET /api/v1/articles - 127.0.0.1
2026-02-07 11:15:15 - app.core.security - INFO - dispatch:32 - GET /api/v1/articles - 127.0.0.1
2026-02-07 11:15:15 - app.core.security - INFO - dispatch:32 - GET /api/v1/articles - 127.0.0.1
2026-02-07 11:15:15 - app.core.security - INFO - dispatch:32 - GET /api/v1/articles - 127.0.0.1
2026-02-07 11:15:15 - app.core.security - INFO - dispatch:32 - GET /api/v1/articles - 127.0.0.1
2026-02-07 11:15:15 - app.core.security - INFO - dispatch:32 - GET /api/v1/articles - 127.0.0.1
2026-02-07 11:15:15 - app.core.security - INFO - dispatch:32 - GET /api/v1/articles - 127.0.0.1
2026-02-07 11:15:15 - app.core.security - INFO - dispatch:32 - GET /api/v1/articles/ - 127.0.0.1
2026-02-07 11:15:15 - app.core.security - INFO - dispatch:32 - GET /api/v1/articles/ - 127.0.0.1
2026-02-07 11:15:15 - app.core.security - INFO - dispatch:32 - GET /api/v1/articles/ - 127.0.0.1
2026-02-07 11:15:15 - app.core.security - INFO - dispatch:32 - GET /api/v1/articles/ - 127.0.0.1
2026-02-07 11:15:15 - app.core.security - INFO - dispatch:40 - Response: 307 - 0.011s
2026-02-07 11:15:15 - uvicorn.access - INFO - send:505 - 127.0.0.1:63116 - "GET /api/v1/articles?category=Science&limit=20 HTTP/1.1" 307
2026-02-07 11:15:15 - app.core.security - INFO - dispatch:40 - Response: 307 - 0.013s
2026-02-07 11:15:15 - app.core.security - INFO - dispatch:40 - Response: 307 - 0.013s
2026-02-07 11:15:15 - app.core.security - INFO - dispatch:40 - Response: 307 - 0.013s
2026-02-07 11:15:15 - app.core.security - INFO - dispatch:40 - Response: 307 - 0.013s
2026-02-07 11:15:15 - uvicorn.access - INFO - send:505 - 127.0.0.1:63120 - "GET /api/v1/articles?category=Health&limit=20 HTTP/1.1" 307
2026-02-07 11:15:15 - uvicorn.access - INFO - send:505 - 127.0.0.1:63127 - "GET /api/v1/articles?category=Culture&limit=20 HTTP/1.1" 307
2026-02-07 11:15:15 - app.core.security - INFO - dispatch:40 - Response: 307 - 0.015s
2026-02-07 11:15:15 - app.core.security - INFO - dispatch:40 - Response: 307 - 0.015s
2026-02-07 11:15:15 - uvicorn.access - INFO - send:505 - 127.0.0.1:63130 - "GET /api/v1/articles?category=Politics&limit=20 HTTP/1.1" 307
2026-02-07 11:15:15 - uvicorn.access - INFO - send:505 - 127.0.0.1:63134 - "GET /api/v1/articles?category=Sports&limit=20 HTTP/1.1" 307
2026-02-07 11:15:15 - uvicorn.access - INFO - send:505 - 127.0.0.1:63136 - "GET /api/v1/articles?category=Education&limit=20 HTTP/1.1" 307
2026-02-07 11:15:15 - uvicorn.access - INFO - send:505 - 127.0.0.1:63137 - "GET /api/v1/articles?category=Environment&limit=20 HTTP/1.1" 307
2026-02-07 11:15:15 - app.core.security - INFO - dispatch:32 - GET /api/v1/articles/ - 127.0.0.1
2026-02-07 11:15:15 - app.core.security - INFO - dispatch:32 - GET /api/v1/articles/ - 127.0.0.1
2026-02-07 11:15:15 - app.core.security - INFO - dispatch:32 - GET /api/v1/articles/ - 127.0.0.1
2026-02-07 11:15:15 - app.core.security - INFO - dispatch:32 - GET /api/v1/articles/ - 127.0.0.1
2026-02-07 11:15:15 - app.core.security - INFO - dispatch:32 - GET /api/v1/articles/ - 127.0.0.1
2026-02-07 11:15:15 - app.core.security - INFO - dispatch:32 - GET /api/v1/articles/ - 127.0.0.1
2026-02-07 11:15:15 - app.core.security - INFO - dispatch:32 - GET /api/v1/articles/ - 127.0.0.1
2026-02-07 11:15:15 - app.core.security - INFO - dispatch:40 - Response: 200 - 0.115s
2026-02-07 11:15:15 - uvicorn.access - INFO - send:505 - 127.0.0.1:63109 - "GET /api/v1/articles/?category=Technology&limit=20 HTTP/1.1" 200
2026-02-07 11:15:15 - app.core.security - INFO - dispatch:40 - Response: 200 - 0.105s
2026-02-07 11:15:15 - uvicorn.access - INFO - send:505 - 127.0.0.1:63113 - "GET /api/v1/articles/?category=Culture&limit=20 HTTP/1.1" 200
2026-02-07 11:15:15 - app.core.security - INFO - dispatch:40 - Response: 200 - 0.161s
2026-02-07 11:15:15 - uvicorn.access - INFO - send:505 - 127.0.0.1:63139 - "GET /api/v1/articles/?category=World&limit=20 HTTP/1.1" 200
2026-02-07 11:15:15 - app.core.security - INFO - dispatch:40 - Response: 200 - 0.188s
2026-02-07 11:15:15 - uvicorn.access - INFO - send:505 - 127.0.0.1:63143 - "GET /api/v1/articles/?category=Business&limit=20 HTTP/1.1" 200
2026-02-07 11:15:15 - app.core.security - INFO - dispatch:40 - Response: 200 - 0.212s
2026-02-07 11:15:15 - uvicorn.access - INFO - send:505 - 127.0.0.1:63110 - "GET /api/v1/articles/?category=AI+%26+Startups&limit=20 HTTP/1.1" 200
2026-02-07 11:15:16 - app.core.security - INFO - dispatch:40 - Response: 200 - 0.248s
2026-02-07 11:15:16 - app.core.security - INFO - dispatch:40 - Response: 200 - 0.246s
2026-02-07 11:15:16 - app.core.security - INFO - dispatch:40 - Response: 200 - 0.252s
2026-02-07 11:15:16 - uvicorn.access - INFO - send:505 - 127.0.0.1:63112 - "GET /api/v1/articles/?category=Health&limit=20 HTTP/1.1" 200
2026-02-07 11:15:16 - uvicorn.access - INFO - send:505 - 127.0.0.1:63114 - "GET /api/v1/articles/?category=Politics&limit=20 HTTP/1.1" 200
2026-02-07 11:15:16 - uvicorn.access - INFO - send:505 - 127.0.0.1:63111 - "GET /api/v1/articles/?category=Science&limit=20 HTTP/1.1" 200
2026-02-07 11:15:16 - app.core.security - INFO - dispatch:40 - Response: 200 - 0.270s
2026-02-07 11:15:16 - app.core.security - INFO - dispatch:40 - Response: 200 - 0.283s
2026-02-07 11:15:16 - app.core.security - INFO - dispatch:40 - Response: 200 - 0.295s
2026-02-07 11:15:16 - uvicorn.access - INFO - send:505 - 127.0.0.1:63148 - "GET /api/v1/articles/?category=Sports&limit=20 HTTP/1.1" 200
2026-02-07 11:15:16 - uvicorn.access - INFO - send:505 - 127.0.0.1:63120 - "GET /api/v1/articles/?category=Environment&limit=20 HTTP/1.1" 200
2026-02-07 11:15:16 - uvicorn.access - INFO - send:505 - 127.0.0.1:63116 - "GET /api/v1/articles/?category=Education&limit=20 HTTP/1.1" 200
2026-02-07 11:15:16 - app.core.security - INFO - dispatch:32 - GET /health - 127.0.0.1
2026-02-07 11:15:16 - app.core.security - INFO - dispatch:32 - GET /api/v1/articles - 127.0.0.1
2026-02-07 11:15:16 - app.core.security - INFO - dispatch:40 - Response: 307 - 0.002s
2026-02-07 11:15:16 - uvicorn.access - INFO - send:505 - 127.0.0.1:57388 - "GET /api/v1/articles?limit=30 HTTP/1.1" 307
2026-02-07 11:15:16 - app.core.security - INFO - dispatch:40 - Response: 200 - 0.014s
2026-02-07 11:15:16 - app.core.security - INFO - dispatch:32 - GET /api/v1/articles - 127.0.0.1
2026-02-07 11:15:16 - uvicorn.access - INFO - send:505 - 127.0.0.1:54101 - "GET /health HTTP/1.1" 200
2026-02-07 11:15:16 - app.core.security - INFO - dispatch:32 - GET /api/v1/articles/ - 127.0.0.1
2026-02-07 11:15:16 - app.core.security - INFO - dispatch:32 - GET /health - 127.0.0.1
2026-02-07 11:15:16 - app.core.security - INFO - dispatch:40 - Response: 307 - 0.013s
2026-02-07 11:15:16 - uvicorn.access - INFO - send:505 - 127.0.0.1:60466 - "GET /api/v1/articles?limit=30 HTTP/1.1" 307
2026-02-07 11:15:16 - app.core.security - INFO - dispatch:40 - Response: 200 - 0.017s
2026-02-07 11:15:16 - uvicorn.access - INFO - send:505 - 127.0.0.1:60198 - "GET /health HTTP/1.1" 200
2026-02-07 11:15:16 - app.core.security - INFO - dispatch:40 - Response: 200 - 0.141s
2026-02-07 11:15:16 - uvicorn.access - INFO - send:505 - 127.0.0.1:57388 - "GET /api/v1/articles/?limit=30 HTTP/1.1" 200
2026-02-07 11:15:16 - app.core.security - INFO - dispatch:32 - GET /api/v1/articles/ - 127.0.0.1
2026-02-07 11:15:16 - app.core.security - INFO - dispatch:40 - Response: 200 - 0.132s
2026-02-07 11:15:16 - uvicorn.access - INFO - send:505 - 127.0.0.1:60198 - "GET /api/v1/articles/?limit=30 HTTP/1.1" 200
2026-02-07 11:15:53 - app.core.security - INFO - dispatch:32 - GET /health - 127.0.0.1
2026-02-07 11:15:53 - app.core.security - INFO - dispatch:40 - Response: 200 - 0.012s
2026-02-07 11:15:53 - uvicorn.access - INFO - send:505 - 127.0.0.1:52853 - "GET /health HTTP/1.1" 200
2026-02-07 11:15:53 - app.core.security - INFO - dispatch:32 - GET /news/stats - 127.0.0.1
2026-02-07 11:15:53 - app.core.security - INFO - dispatch:32 - GET /news/quick-feed - 127.0.0.1
2026-02-07 11:15:53 - app.core.security - INFO - dispatch:40 - Response: 200 - 0.040s
2026-02-07 11:15:53 - uvicorn.access - INFO - send:505 - 127.0.0.1:52853 - "GET /news/stats HTTP/1.1" 200
2026-02-07 11:15:53 - app.core.security - INFO - dispatch:40 - Response: 200 - 0.055s
2026-02-07 11:15:53 - uvicorn.access - INFO - send:505 - 127.0.0.1:49751 - "GET /news/quick-feed HTTP/1.1" 200
2026-02-07 11:15:57 - app.core.security - INFO - dispatch:32 - GET /health - 127.0.0.1
2026-02-07 11:15:57 - app.core.security - INFO - dispatch:32 - GET /api/v1/articles - 127.0.0.1
2026-02-07 11:15:57 - app.core.security - INFO - dispatch:40 - Response: 307 - 0.002s
2026-02-07 11:15:57 - uvicorn.access - INFO - send:505 - 127.0.0.1:58676 - "GET /api/v1/articles?limit=20 HTTP/1.1" 307
2026-02-07 11:15:57 - app.core.security - INFO - dispatch:40 - Response: 200 - 0.007s
2026-02-07 11:15:57 - uvicorn.access - INFO - send:505 - 127.0.0.1:58675 - "GET /health HTTP/1.1" 200
2026-02-07 11:15:57 - app.core.security - INFO - dispatch:32 - GET /api/v1/articles/ - 127.0.0.1
2026-02-07 11:15:57 - app.core.security - INFO - dispatch:40 - Response: 200 - 0.054s
2026-02-07 11:15:57 - uvicorn.access - INFO - send:505 - 127.0.0.1:58677 - "GET /api/v1/articles/?limit=20 HTTP/1.1" 200
2026-02-07 11:15:58 - app.core.security - INFO - dispatch:32 - GET /api/v1/trending - 127.0.0.1
2026-02-07 11:15:58 - app.core.security - INFO - dispatch:40 - Response: 307 - 0.001s
2026-02-07 11:15:58 - uvicorn.access - INFO - send:505 - 127.0.0.1:58675 - "GET /api/v1/trending HTTP/1.1" 307
2026-02-07 11:15:58 - app.core.security - INFO - dispatch:32 - GET /api/v1/trending/ - 127.0.0.1
2026-02-07 11:15:58 - app.core.security - INFO - dispatch:40 - Response: 200 - 0.004s
2026-02-07 11:15:58 - uvicorn.access - INFO - send:505 - 127.0.0.1:58676 - "GET /api/v1/trending/ HTTP/1.1" 200
2026-02-07 11:15:58 - app.core.security - INFO - dispatch:32 - GET /api/v1/articles - 127.0.0.1
2026-02-07 11:15:58 - app.core.security - INFO - dispatch:40 - Response: 307 - 0.001s
2026-02-07 11:15:58 - uvicorn.access - INFO - send:505 - 127.0.0.1:58675 - "GET /api/v1/articles?category=World&limit=20 HTTP/1.1" 307
2026-02-07 11:15:58 - app.core.security - INFO - dispatch:32 - GET /api/v1/articles - 127.0.0.1
2026-02-07 11:15:58 - app.core.security - INFO - dispatch:40 - Response: 307 - 0.001s
2026-02-07 11:15:58 - uvicorn.access - INFO - send:505 - 127.0.0.1:58676 - "GET /api/v1/articles?category=Business&limit=20 HTTP/1.1" 307
2026-02-07 11:15:58 - app.core.security - INFO - dispatch:32 - GET /api/v1/articles - 127.0.0.1
2026-02-07 11:15:58 - app.core.security - INFO - dispatch:40 - Response: 307 - 0.001s
2026-02-07 11:15:58 - uvicorn.access - INFO - send:505 - 127.0.0.1:58677 - "GET /api/v1/articles?category=Technology&limit=20 HTTP/1.1" 307
2026-02-07 11:15:58 - app.core.security - INFO - dispatch:32 - GET /api/v1/articles - 127.0.0.1
2026-02-07 11:15:58 - app.core.security - INFO - dispatch:32 - GET /api/v1/articles - 127.0.0.1
2026-02-07 11:15:58 - app.core.security - INFO - dispatch:32 - GET /api/v1/articles - 127.0.0.1
2026-02-07 11:15:58 - app.core.security - INFO - dispatch:32 - GET /api/v1/articles - 127.0.0.1
2026-02-07 11:15:58 - app.core.security - INFO - dispatch:32 - GET /api/v1/articles - 127.0.0.1
2026-02-07 11:15:58 - app.core.security - INFO - dispatch:32 - GET /api/v1/articles - 127.0.0.1
2026-02-07 11:15:58 - app.core.security - INFO - dispatch:32 - GET /api/v1/articles - 127.0.0.1
2026-02-07 11:15:58 - app.core.security - INFO - dispatch:32 - GET /api/v1/articles - 127.0.0.1
2026-02-07 11:15:58 - app.core.security - INFO - dispatch:32 - GET /api/v1/articles/ - 127.0.0.1
2026-02-07 11:15:58 - app.core.security - INFO - dispatch:32 - GET /api/v1/articles/ - 127.0.0.1
2026-02-07 11:15:58 - app.core.security - INFO - dispatch:32 - GET /api/v1/articles/ - 127.0.0.1
2026-02-07 11:15:58 - app.core.security - INFO - dispatch:40 - Response: 307 - 0.014s
2026-02-07 11:15:58 - uvicorn.access - INFO - send:505 - 127.0.0.1:58678 - "GET /api/v1/articles?category=AI+%26+Startups&limit=20 HTTP/1.1" 307
2026-02-07 11:15:58 - app.core.security - INFO - dispatch:40 - Response: 307 - 0.014s
2026-02-07 11:15:58 - app.core.security - INFO - dispatch:40 - Response: 307 - 0.014s
2026-02-07 11:15:58 - app.core.security - INFO - dispatch:40 - Response: 307 - 0.013s
2026-02-07 11:15:58 - app.core.security - INFO - dispatch:40 - Response: 307 - 0.013s
2026-02-07 11:15:58 - app.core.security - INFO - dispatch:40 - Response: 307 - 0.013s
2026-02-07 11:15:58 - uvicorn.access - INFO - send:505 - 127.0.0.1:58680 - "GET /api/v1/articles?category=Health&limit=20 HTTP/1.1" 307
2026-02-07 11:15:58 - uvicorn.access - INFO - send:505 - 127.0.0.1:58679 - "GET /api/v1/articles?category=Science&limit=20 HTTP/1.1" 307
2026-02-07 11:15:58 - app.core.security - INFO - dispatch:40 - Response: 307 - 0.014s
2026-02-07 11:15:58 - app.core.security - INFO - dispatch:40 - Response: 307 - 0.013s
2026-02-07 11:15:58 - uvicorn.access - INFO - send:505 - 127.0.0.1:58683 - "GET /api/v1/articles?category=Sports&limit=20 HTTP/1.1" 307
2026-02-07 11:15:58 - uvicorn.access - INFO - send:505 - 127.0.0.1:58682 - "GET /api/v1/articles?category=Culture&limit=20 HTTP/1.1" 307
2026-02-07 11:15:58 - uvicorn.access - INFO - send:505 - 127.0.0.1:58681 - "GET /api/v1/articles?category=Politics&limit=20 HTTP/1.1" 307
2026-02-07 11:15:58 - uvicorn.access - INFO - send:505 - 127.0.0.1:58684 - "GET /api/v1/articles?category=Environment&limit=20 HTTP/1.1" 307
2026-02-07 11:15:58 - uvicorn.access - INFO - send:505 - 127.0.0.1:58685 - "GET /api/v1/articles?category=Education&limit=20 HTTP/1.1" 307
2026-02-07 11:15:58 - app.core.security - INFO - dispatch:32 - GET /api/v1/articles/ - 127.0.0.1
2026-02-07 11:15:58 - app.core.security - INFO - dispatch:32 - GET /api/v1/articles/ - 127.0.0.1
2026-02-07 11:15:58 - app.core.security - INFO - dispatch:32 - GET /api/v1/articles/ - 127.0.0.1
2026-02-07 11:15:58 - app.core.security - INFO - dispatch:32 - GET /api/v1/articles/ - 127.0.0.1
2026-02-07 11:15:58 - app.core.security - INFO - dispatch:32 - GET /api/v1/articles/ - 127.0.0.1
2026-02-07 11:15:58 - app.core.security - INFO - dispatch:32 - GET /api/v1/articles/ - 127.0.0.1
2026-02-07 11:15:58 - app.core.security - INFO - dispatch:32 - GET /api/v1/articles/ - 127.0.0.1
2026-02-07 11:15:58 - app.core.security - INFO - dispatch:32 - GET /api/v1/articles/ - 127.0.0.1
2026-02-07 11:15:58 - app.core.security - INFO - dispatch:40 - Response: 200 - 0.067s
2026-02-07 11:15:58 - uvicorn.access - INFO - send:505 - 127.0.0.1:58688 - "GET /api/v1/articles/?category=Technology&limit=20 HTTP/1.1" 200
2026-02-07 11:15:58 - app.core.security - INFO - dispatch:40 - Response: 200 - 0.101s
2026-02-07 11:15:58 - app.core.security - INFO - dispatch:40 - Response: 200 - 0.106s
2026-02-07 11:15:58 - uvicorn.access - INFO - send:505 - 127.0.0.1:58686 - "GET /api/v1/articles/?category=World&limit=20 HTTP/1.1" 200
2026-02-07 11:15:58 - uvicorn.access - INFO - send:505 - 127.0.0.1:58687 - "GET /api/v1/articles/?category=Business&limit=20 HTTP/1.1" 200
2026-02-07 11:15:58 - app.core.security - INFO - dispatch:40 - Response: 200 - 0.105s
2026-02-07 11:15:58 - uvicorn.access - INFO - send:505 - 127.0.0.1:58675 - "GET /api/v1/articles/?category=AI+%26+Startups&limit=20 HTTP/1.1" 200
2026-02-07 11:15:58 - app.core.security - INFO - dispatch:40 - Response: 200 - 0.102s
2026-02-07 11:15:58 - uvicorn.access - INFO - send:505 - 127.0.0.1:58679 - "GET /api/v1/articles/?category=Culture&limit=20 HTTP/1.1" 200
2026-02-07 11:15:58 - app.core.security - INFO - dispatch:40 - Response: 200 - 0.126s
2026-02-07 11:15:58 - uvicorn.access - INFO - send:505 - 127.0.0.1:58677 - "GET /api/v1/articles/?category=Science&limit=20 HTTP/1.1" 200
2026-02-07 11:15:58 - app.core.security - INFO - dispatch:40 - Response: 200 - 0.155s
2026-02-07 11:15:58 - uvicorn.access - INFO - send:505 - 127.0.0.1:58680 - "GET /api/v1/articles/?category=Politics&limit=20 HTTP/1.1" 200
2026-02-07 11:15:58 - app.core.security - INFO - dispatch:40 - Response: 200 - 0.198s
2026-02-07 11:15:58 - uvicorn.access - INFO - send:505 - 127.0.0.1:58682 - "GET /api/v1/articles/?category=Education&limit=20 HTTP/1.1" 200
2026-02-07 11:15:58 - app.core.security - INFO - dispatch:40 - Response: 200 - 0.203s
2026-02-07 11:15:58 - app.core.security - INFO - dispatch:40 - Response: 200 - 0.208s
2026-02-07 11:15:58 - app.core.security - INFO - dispatch:40 - Response: 200 - 0.203s
2026-02-07 11:15:58 - uvicorn.access - INFO - send:505 - 127.0.0.1:58678 - "GET /api/v1/articles/?category=Sports&limit=20 HTTP/1.1" 200
2026-02-07 11:15:58 - uvicorn.access - INFO - send:505 - 127.0.0.1:58676 - "GET /api/v1/articles/?category=Health&limit=20 HTTP/1.1" 200
2026-02-07 11:15:58 - uvicorn.access - INFO - send:505 - 127.0.0.1:58681 - "GET /api/v1/articles/?category=Environment&limit=20 HTTP/1.1" 200
2026-02-07 11:16:17 - app.core.security - INFO - dispatch:32 - GET /health - 127.0.0.1
2026-02-07 11:16:17 - app.core.security - INFO - dispatch:32 - GET /api/v1/articles - 127.0.0.1
2026-02-07 11:16:17 - app.core.security - INFO - dispatch:32 - GET /health - 127.0.0.1
2026-02-07 11:16:17 - app.core.security - INFO - dispatch:32 - GET /api/v1/articles - 127.0.0.1
2026-02-07 11:16:17 - app.core.security - INFO - dispatch:40 - Response: 307 - 0.009s
2026-02-07 11:16:17 - uvicorn.access - INFO - send:505 - 127.0.0.1:56393 - "GET /api/v1/articles?limit=30 HTTP/1.1" 307
2026-02-07 11:16:17 - app.core.security - INFO - dispatch:40 - Response: 307 - 0.005s
2026-02-07 11:16:17 - uvicorn.access - INFO - send:505 - 127.0.0.1:51172 - "GET /api/v1/articles?limit=30 HTTP/1.1" 307
2026-02-07 11:16:17 - app.core.security - INFO - dispatch:40 - Response: 200 - 0.016s
2026-02-07 11:16:17 - uvicorn.access - INFO - send:505 - 127.0.0.1:52028 - "GET /health HTTP/1.1" 200
2026-02-07 11:16:17 - app.core.security - INFO - dispatch:40 - Response: 200 - 0.009s
2026-02-07 11:16:17 - uvicorn.access - INFO - send:505 - 127.0.0.1:59093 - "GET /health HTTP/1.1" 200
2026-02-07 11:16:17 - app.core.security - INFO - dispatch:32 - GET /api/v1/articles/ - 127.0.0.1
2026-02-07 11:16:17 - app.core.security - INFO - dispatch:32 - GET /api/v1/articles/ - 127.0.0.1
2026-02-07 11:16:17 - app.core.security - INFO - dispatch:40 - Response: 200 - 0.067s
2026-02-07 11:16:17 - uvicorn.access - INFO - send:505 - 127.0.0.1:52028 - "GET /api/v1/articles/?limit=30 HTTP/1.1" 200
2026-02-07 11:16:17 - app.core.security - INFO - dispatch:40 - Response: 200 - 0.096s
2026-02-07 11:16:17 - uvicorn.access - INFO - send:505 - 127.0.0.1:51172 - "GET /api/v1/articles/?limit=30 HTTP/1.1" 200
2026-02-07 11:16:18 - app.services.scraper_v2 - INFO - get_links:108 - Scraping feed: https://apnews.com/hub/business
2026-02-07 11:16:30 - app.core.security - INFO - dispatch:32 - POST /api/v1/auth/login/access-token - 127.0.0.1
2026-02-07 11:16:30 - app.core.security - INFO - dispatch:40 - Response: 400 - 0.009s
2026-02-07 11:16:30 - uvicorn.access - INFO - send:505 - 127.0.0.1:54219 - "POST /api/v1/auth/login/access-token HTTP/1.1" 400
2026-02-07 11:16:36 - app.core.security - INFO - dispatch:32 - GET /health - 127.0.0.1
2026-02-07 11:16:36 - app.core.security - INFO - dispatch:40 - Response: 200 - 0.006s
2026-02-07 11:16:36 - uvicorn.access - INFO - send:505 - 127.0.0.1:61339 - "GET /health HTTP/1.1" 200
2026-02-07 11:16:36 - app.core.security - INFO - dispatch:32 - GET /api/v1/articles - 127.0.0.1
2026-02-07 11:16:36 - app.core.security - INFO - dispatch:40 - Response: 307 - 0.002s
2026-02-07 11:16:36 - uvicorn.access - INFO - send:505 - 127.0.0.1:51185 - "GET /api/v1/articles?limit=30 HTTP/1.1" 307
2026-02-07 11:16:36 - app.core.security - INFO - dispatch:32 - GET /api/v1/articles - 127.0.0.1
2026-02-07 11:16:36 - app.core.security - INFO - dispatch:40 - Response: 307 - 0.002s
2026-02-07 11:16:36 - uvicorn.access - INFO - send:505 - 127.0.0.1:61856 - "GET /api/v1/articles?limit=30 HTTP/1.1" 307
2026-02-07 11:16:36 - app.core.security - INFO - dispatch:32 - GET /api/v1/articles/ - 127.0.0.1
2026-02-07 11:16:36 - app.core.security - INFO - dispatch:40 - Response: 200 - 0.072s
2026-02-07 11:16:36 - uvicorn.access - INFO - send:505 - 127.0.0.1:61856 - "GET /api/v1/articles/?limit=30 HTTP/1.1" 200
2026-02-07 11:16:36 - app.core.security - INFO - dispatch:32 - GET /api/v1/articles/ - 127.0.0.1
2026-02-07 11:16:37 - app.core.security - INFO - dispatch:40 - Response: 200 - 0.085s
2026-02-07 11:16:37 - uvicorn.access - INFO - send:505 - 127.0.0.1:51185 - "GET /api/v1/articles/?limit=30 HTTP/1.1" 200
2026-02-07 11:16:37 - app.core.security - INFO - dispatch:32 - GET /api/v1/articles - 127.0.0.1
2026-02-07 11:16:37 - app.core.security - INFO - dispatch:40 - Response: 307 - 0.001s
2026-02-07 11:16:37 - uvicorn.access - INFO - send:505 - 127.0.0.1:51185 - "GET /api/v1/articles?limit=30 HTTP/1.1" 307
2026-02-07 11:16:37 - app.core.security - INFO - dispatch:32 - GET /api/v1/articles/ - 127.0.0.1
2026-02-07 11:16:37 - app.core.security - INFO - dispatch:32 - GET /api/v1/articles - 127.0.0.1
2026-02-07 11:16:37 - app.core.security - INFO - dispatch:40 - Response: 307 - 0.003s
2026-02-07 11:16:37 - uvicorn.access - INFO - send:505 - 127.0.0.1:61856 - "GET /api/v1/articles?limit=30 HTTP/1.1" 307
2026-02-07 11:16:37 - app.core.security - INFO - dispatch:40 - Response: 200 - 0.070s
2026-02-07 11:16:37 - uvicorn.access - INFO - send:505 - 127.0.0.1:51185 - "GET /api/v1/articles/?limit=30 HTTP/1.1" 200
2026-02-07 11:16:37 - app.core.security - INFO - dispatch:32 - GET /api/v1/articles/ - 127.0.0.1
2026-02-07 11:16:37 - app.core.security - INFO - dispatch:40 - Response: 200 - 0.067s
2026-02-07 11:16:37 - uvicorn.access - INFO - send:505 - 127.0.0.1:61856 - "GET /api/v1/articles/?limit=30 HTTP/1.1" 200
2026-02-07 11:16:47 - app.services.scraper_v2 - INFO - get_links:108 - Scraping feed: https://apnews.com/hub/science
2026-02-07 11:16:48 - app.core.security - INFO - dispatch:32 - POST /api/v1/auth/login/access-token - 127.0.0.1
2026-02-07 11:16:48 - app.core.security - INFO - dispatch:32 - GET /health - 127.0.0.1
2026-02-07 11:16:48 - app.core.security - INFO - dispatch:40 - Response: 200 - 0.004s
2026-02-07 11:16:48 - uvicorn.access - INFO - send:505 - 127.0.0.1:50382 - "GET /health HTTP/1.1" 200
2026-02-07 11:16:48 - app.core.security - INFO - dispatch:40 - Response: 400 - 0.009s
2026-02-07 11:16:48 - uvicorn.access - INFO - send:505 - 127.0.0.1:60885 - "POST /api/v1/auth/login/access-token HTTP/1.1" 400
2026-02-07 11:17:01 - app.core.security - INFO - dispatch:32 - GET /api/v1/trending - 127.0.0.1
2026-02-07 11:17:01 - app.core.security - INFO - dispatch:40 - Response: 307 - 0.002s
2026-02-07 11:17:01 - uvicorn.access - INFO - send:505 - 127.0.0.1:50399 - "GET /api/v1/trending HTTP/1.1" 307
2026-02-07 11:17:01 - app.core.security - INFO - dispatch:32 - GET /api/v1/trending/ - 127.0.0.1
2026-02-07 11:17:01 - app.core.security - INFO - dispatch:40 - Response: 200 - 0.014s
2026-02-07 11:17:01 - uvicorn.access - INFO - send:505 - 127.0.0.1:50399 - "GET /api/v1/trending/ HTTP/1.1" 200
2026-02-07 11:17:12 - app.services.scraper_v2 - INFO - get_links:108 - Scraping feed: https://apnews.com/hub/health
2026-02-07 11:17:46 - jobs - INFO - run_scraper_loop:30 - Scraping source: Bloomberg
2026-02-07 11:17:46 - app.services.scraper_v2 - INFO - get_links:108 - Scraping feed: https://www.bloomberg.com/technology
2026-02-07 11:17:47 - app.services.scraper_v2 - INFO - get_links:108 - Scraping feed: https://www.bloomberg.com/markets
2026-02-07 11:17:48 - app.services.scraper_v2 - INFO - get_links:108 - Scraping feed: https://www.bloomberg.com/politics
2026-02-07 11:17:48 - jobs - INFO - run_scraper_loop:30 - Scraping source: VentureBeat AI
2026-02-07 11:17:48 - app.services.scraper_v2 - INFO - get_links:108 - Scraping feed: https://venturebeat.com/category/ai/
2026-02-07 11:17:54 - jobs - INFO - run_scraper_loop:30 - Scraping source: AI News
2026-02-07 11:17:54 - app.services.scraper_v2 - INFO - get_links:108 - Scraping feed: https://www.artificialintelligence-news.com/
2026-02-07 11:17:55 - jobs - INFO - run_scraper_loop:30 - Scraping source: Sifted
2026-02-07 11:17:55 - app.services.scraper_v2 - INFO - get_links:108 - Scraping feed: https://sifted.eu/sections/artificial-intelligence/
2026-02-07 11:17:56 - app.services.scraper_v2 - INFO - get_links:108 - Scraping feed: https://sifted.eu/sections/startups/
2026-02-07 11:17:56 - jobs - INFO - run_scraper_loop:30 - Scraping source: Nature
2026-02-07 11:17:56 - app.services.scraper_v2 - INFO - get_links:108 - Scraping feed: https://www.nature.com/nature/articles?type=news
2026-02-07 11:17:59 - jobs - INFO - run_scraper_loop:30 - Scraping source: New Scientist
2026-02-07 11:17:59 - app.services.scraper_v2 - INFO - get_links:108 - Scraping feed: https://www.newscientist.com/section/news/
2026-02-07 11:18:10 - app.services.scraper_v2 - INFO - get_links:108 - Scraping feed: https://www.newscientist.com/subject/environment/
2026-02-07 11:18:21 - jobs - INFO - run_scraper_loop:30 - Scraping source: EdSurge
2026-02-07 11:18:21 - app.services.scraper_v2 - INFO - get_links:108 - Scraping feed: https://www.edsurge.com/news
2026-02-07 11:18:36 - jobs - INFO - run_scraper_loop:30 - Scraping source: Inside Higher Ed
2026-02-07 11:18:36 - app.services.scraper_v2 - INFO - get_links:108 - Scraping feed: https://www.insidehighered.com/news
2026-02-07 11:18:51 - jobs - INFO - run_scraper_loop:30 - Scraping source: The Guardian Environment
2026-02-07 11:18:51 - app.services.scraper_v2 - INFO - get_links:108 - Scraping feed: https://www.theguardian.com/environment
2026-02-07 11:19:06 - jobs - INFO - run_scraper_loop:30 - Scraping source: Grist
2026-02-07 11:19:06 - app.services.scraper_v2 - INFO - get_links:108 - Scraping feed: https://grist.org/news/
2026-02-07 11:19:06 - app.core.security - INFO - dispatch:32 - GET /health - 127.0.0.1
2026-02-07 11:19:06 - app.core.security - INFO - dispatch:32 - GET /api/v1/articles - 127.0.0.1
2026-02-07 11:19:06 - app.core.security - INFO - dispatch:40 - Response: 307 - 0.003s
2026-02-07 11:19:06 - uvicorn.access - INFO - send:505 - 127.0.0.1:53286 - "GET /api/v1/articles?limit=20 HTTP/1.1" 307
2026-02-07 11:19:06 - app.core.security - INFO - dispatch:40 - Response: 200 - 0.009s
2026-02-07 11:19:06 - uvicorn.access - INFO - send:505 - 127.0.0.1:53285 - "GET /health HTTP/1.1" 200
2026-02-07 11:19:07 - app.core.security - INFO - dispatch:32 - GET /api/v1/articles/ - 127.0.0.1
2026-02-07 11:19:07 - app.core.security - INFO - dispatch:32 - GET /api/v1/articles - 127.0.0.1
2026-02-07 11:19:07 - app.core.security - INFO - dispatch:32 - GET /api/v1/articles - 127.0.0.1
2026-02-07 11:19:07 - app.core.security - INFO - dispatch:32 - GET /api/v1/articles - 127.0.0.1
2026-02-07 11:19:07 - app.core.security - INFO - dispatch:32 - GET /api/v1/articles - 127.0.0.1
2026-02-07 11:19:07 - app.core.security - INFO - dispatch:32 - GET /api/v1/articles - 127.0.0.1
2026-02-07 11:19:07 - app.core.security - INFO - dispatch:32 - GET /api/v1/articles - 127.0.0.1
2026-02-07 11:19:07 - app.core.security - INFO - dispatch:32 - GET /api/v1/articles - 127.0.0.1
2026-02-07 11:19:07 - app.core.security - INFO - dispatch:32 - GET /api/v1/articles - 127.0.0.1
2026-02-07 11:19:07 - app.core.security - INFO - dispatch:32 - GET /api/v1/articles - 127.0.0.1
2026-02-07 11:19:07 - app.core.security - INFO - dispatch:32 - GET /api/v1/articles - 127.0.0.1
2026-02-07 11:19:07 - app.core.security - INFO - dispatch:32 - GET /api/v1/articles - 127.0.0.1
2026-02-07 11:19:07 - app.core.security - INFO - dispatch:40 - Response: 307 - 0.022s
2026-02-07 11:19:07 - app.core.security - INFO - dispatch:40 - Response: 307 - 0.022s
2026-02-07 11:19:07 - app.core.security - INFO - dispatch:40 - Response: 307 - 0.022s
2026-02-07 11:19:07 - app.core.security - INFO - dispatch:40 - Response: 307 - 0.019s
2026-02-07 11:19:07 - app.core.security - INFO - dispatch:40 - Response: 307 - 0.019s
2026-02-07 11:19:07 - app.core.security - INFO - dispatch:40 - Response: 307 - 0.019s
2026-02-07 11:19:07 - uvicorn.access - INFO - send:505 - 127.0.0.1:53289 - "GET /api/v1/articles?category=Business&limit=20 HTTP/1.1" 307
2026-02-07 11:19:07 - uvicorn.access - INFO - send:505 - 127.0.0.1:53288 - "GET /api/v1/articles?category=World&limit=20 HTTP/1.1" 307
2026-02-07 11:19:07 - app.core.security - INFO - dispatch:40 - Response: 307 - 0.019s
2026-02-07 11:19:07 - app.core.security - INFO - dispatch:40 - Response: 307 - 0.019s
2026-02-07 11:19:07 - app.core.security - INFO - dispatch:40 - Response: 307 - 0.019s
2026-02-07 11:19:07 - uvicorn.access - INFO - send:505 - 127.0.0.1:53292 - "GET /api/v1/articles?category=Science&limit=20 HTTP/1.1" 307
2026-02-07 11:19:07 - uvicorn.access - INFO - send:505 - 127.0.0.1:53293 - "GET /api/v1/articles?category=Health&limit=20 HTTP/1.1" 307
2026-02-07 11:19:07 - uvicorn.access - INFO - send:505 - 127.0.0.1:53290 - "GET /api/v1/articles?category=Technology&limit=20 HTTP/1.1" 307
2026-02-07 11:19:07 - uvicorn.access - INFO - send:505 - 127.0.0.1:53291 - "GET /api/v1/articles?category=AI+%26+Startups&limit=20 HTTP/1.1" 307
2026-02-07 11:19:07 - app.core.security - INFO - dispatch:40 - Response: 307 - 0.021s
2026-02-07 11:19:07 - app.core.security - INFO - dispatch:40 - Response: 307 - 0.021s
2026-02-07 11:19:07 - uvicorn.access - INFO - send:505 - 127.0.0.1:53294 - "GET /api/v1/articles?category=Politics&limit=20 HTTP/1.1" 307
2026-02-07 11:19:07 - uvicorn.access - INFO - send:505 - 127.0.0.1:53295 - "GET /api/v1/articles?category=Culture&limit=20 HTTP/1.1" 307
2026-02-07 11:19:07 - uvicorn.access - INFO - send:505 - 127.0.0.1:53296 - "GET /api/v1/articles?category=Sports&limit=20 HTTP/1.1" 307
2026-02-07 11:19:07 - uvicorn.access - INFO - send:505 - 127.0.0.1:53298 - "GET /api/v1/articles?category=Education&limit=20 HTTP/1.1" 307
2026-02-07 11:19:07 - uvicorn.access - INFO - send:505 - 127.0.0.1:53297 - "GET /api/v1/articles?category=Environment&limit=20 HTTP/1.1" 307
2026-02-07 11:19:07 - app.core.security - INFO - dispatch:32 - GET /api/v1/articles/ - 127.0.0.1
2026-02-07 11:19:07 - app.core.security - INFO - dispatch:32 - GET /api/v1/articles/ - 127.0.0.1
2026-02-07 11:19:07 - app.core.security - INFO - dispatch:32 - GET /api/v1/articles/ - 127.0.0.1
2026-02-07 11:19:07 - app.core.security - INFO - dispatch:32 - GET /api/v1/articles/ - 127.0.0.1
2026-02-07 11:19:07 - app.core.security - INFO - dispatch:32 - GET /api/v1/articles/ - 127.0.0.1
2026-02-07 11:19:07 - app.core.security - INFO - dispatch:32 - GET /api/v1/articles/ - 127.0.0.1
2026-02-07 11:19:07 - app.core.security - INFO - dispatch:32 - GET /api/v1/articles/ - 127.0.0.1
2026-02-07 11:19:07 - app.core.security - INFO - dispatch:32 - GET /api/v1/articles/ - 127.0.0.1
2026-02-07 11:19:07 - app.core.security - INFO - dispatch:32 - GET /api/v1/articles/ - 127.0.0.1
2026-02-07 11:19:07 - app.core.security - INFO - dispatch:32 - GET /api/v1/articles/ - 127.0.0.1
2026-02-07 11:19:07 - app.core.security - INFO - dispatch:32 - GET /api/v1/articles/ - 127.0.0.1
2026-02-07 11:19:07 - app.core.security - INFO - dispatch:40 - Response: 200 - 0.135s
2026-02-07 11:19:07 - uvicorn.access - INFO - send:505 - 127.0.0.1:53287 - "GET /api/v1/articles/?limit=20 HTTP/1.1" 200
2026-02-07 11:19:07 - app.core.security - INFO - dispatch:40 - Response: 200 - 0.126s
2026-02-07 11:19:07 - app.core.security - INFO - dispatch:40 - Response: 200 - 0.134s
2026-02-07 11:19:07 - uvicorn.access - INFO - send:505 - 127.0.0.1:53286 - "GET /api/v1/articles/?category=World&limit=20 HTTP/1.1" 200
2026-02-07 11:19:07 - uvicorn.access - INFO - send:505 - 127.0.0.1:53285 - "GET /api/v1/articles/?category=Business&limit=20 HTTP/1.1" 200
2026-02-07 11:19:07 - app.core.security - INFO - dispatch:32 - GET /health - 127.0.0.1
2026-02-07 11:19:07 - app.core.security - INFO - dispatch:32 - GET /api/v1/articles - 127.0.0.1
2026-02-07 11:19:07 - app.core.security - INFO - dispatch:40 - Response: 307 - 0.006s
2026-02-07 11:19:07 - uvicorn.access - INFO - send:505 - 127.0.0.1:54420 - "GET /api/v1/articles?limit=30 HTTP/1.1" 307
2026-02-07 11:19:07 - app.core.security - INFO - dispatch:40 - Response: 200 - 0.033s
2026-02-07 11:19:07 - jobs - INFO - run_scraper_loop:30 - Scraping source: Mongabay
2026-02-07 11:19:07 - uvicorn.access - INFO - send:505 - 127.0.0.1:49666 - "GET /health HTTP/1.1" 200
2026-02-07 11:19:07 - app.services.scraper_v2 - INFO - get_links:108 - Scraping feed: https://news.mongabay.com/
2026-02-07 11:19:07 - app.core.security - INFO - dispatch:40 - Response: 200 - 0.215s
2026-02-07 11:19:07 - app.core.security - INFO - dispatch:32 - GET /api/v1/articles/ - 127.0.0.1
2026-02-07 11:19:07 - uvicorn.access - INFO - send:505 - 127.0.0.1:53306 - "GET /api/v1/articles/?category=Culture&limit=20 HTTP/1.1" 200
2026-02-07 11:19:07 - app.core.security - INFO - dispatch:32 - GET /api/v1/articles - 127.0.0.1
2026-02-07 11:19:07 - app.core.security - INFO - dispatch:40 - Response: 200 - 0.241s
2026-02-07 11:19:07 - app.core.security - INFO - dispatch:32 - GET /health - 127.0.0.1
2026-02-07 11:19:07 - uvicorn.access - INFO - send:505 - 127.0.0.1:53303 - "GET /api/v1/articles/?category=Technology&limit=20 HTTP/1.1" 200
2026-02-07 11:19:07 - app.core.security - INFO - dispatch:40 - Response: 307 - 0.010s
2026-02-07 11:19:07 - uvicorn.access - INFO - send:505 - 127.0.0.1:63301 - "GET /api/v1/articles?limit=30 HTTP/1.1" 307
2026-02-07 11:19:07 - app.core.security - INFO - dispatch:40 - Response: 200 - 0.011s
2026-02-07 11:19:07 - uvicorn.access - INFO - send:505 - 127.0.0.1:50726 - "GET /health HTTP/1.1" 200
2026-02-07 11:19:07 - app.core.security - INFO - dispatch:40 - Response: 200 - 0.278s
2026-02-07 11:19:07 - uvicorn.access - INFO - send:505 - 127.0.0.1:53302 - "GET /api/v1/articles/?category=Health&limit=20 HTTP/1.1" 200
2026-02-07 11:19:07 - app.core.security - INFO - dispatch:40 - Response: 200 - 0.299s
2026-02-07 11:19:07 - uvicorn.access - INFO - send:505 - 127.0.0.1:53308 - "GET /api/v1/articles/?category=Education&limit=20 HTTP/1.1" 200
2026-02-07 11:19:07 - app.core.security - INFO - dispatch:40 - Response: 200 - 0.367s
2026-02-07 11:19:07 - app.core.security - INFO - dispatch:40 - Response: 200 - 0.376s
2026-02-07 11:19:07 - app.core.security - INFO - dispatch:40 - Response: 200 - 0.375s
2026-02-07 11:19:07 - uvicorn.access - INFO - send:505 - 127.0.0.1:53304 - "GET /api/v1/articles/?category=AI+%26+Startups&limit=20 HTTP/1.1" 200
2026-02-07 11:19:07 - uvicorn.access - INFO - send:505 - 127.0.0.1:53288 - "GET /api/v1/articles/?category=Environment&limit=20 HTTP/1.1" 200
2026-02-07 11:19:07 - uvicorn.access - INFO - send:505 - 127.0.0.1:53301 - "GET /api/v1/articles/?category=Science&limit=20 HTTP/1.1" 200
2026-02-07 11:19:07 - app.core.security - INFO - dispatch:40 - Response: 200 - 0.436s
2026-02-07 11:19:07 - app.core.security - INFO - dispatch:40 - Response: 200 - 0.436s
2026-02-07 11:19:07 - uvicorn.access - INFO - send:505 - 127.0.0.1:53305 - "GET /api/v1/articles/?category=Politics&limit=20 HTTP/1.1" 200
2026-02-07 11:19:07 - uvicorn.access - INFO - send:505 - 127.0.0.1:53307 - "GET /api/v1/articles/?category=Sports&limit=20 HTTP/1.1" 200
2026-02-07 11:19:07 - app.core.security - INFO - dispatch:40 - Response: 200 - 0.204s
2026-02-07 11:19:07 - uvicorn.access - INFO - send:505 - 127.0.0.1:54420 - "GET /api/v1/articles/?limit=30 HTTP/1.1" 200
2026-02-07 11:19:07 - app.core.security - INFO - dispatch:32 - GET /api/v1/articles/ - 127.0.0.1
2026-02-07 11:19:07 - app.core.security - INFO - dispatch:40 - Response: 200 - 0.085s
2026-02-07 11:19:07 - uvicorn.access - INFO - send:505 - 127.0.0.1:50726 - "GET /api/v1/articles/?limit=30 HTTP/1.1" 200
2026-02-07 11:19:08 - jobs - INFO - run_scraper_loop:30 - Scraping source: National Geographic
2026-02-07 11:19:08 - app.services.scraper_v2 - INFO - get_links:108 - Scraping feed: https://www.nationalgeographic.com/environment
2026-02-07 11:19:09 - app.core.security - INFO - dispatch:32 - GET /api/v1/articles - 127.0.0.1
2026-02-07 11:19:09 - app.core.security - INFO - dispatch:32 - GET /api/v1/trending - 127.0.0.1
2026-02-07 11:19:09 - app.core.security - INFO - dispatch:40 - Response: 307 - 0.002s
2026-02-07 11:19:09 - uvicorn.access - INFO - send:505 - 127.0.0.1:53285 - "GET /api/v1/articles?limit=20 HTTP/1.1" 307
2026-02-07 11:19:09 - app.core.security - INFO - dispatch:40 - Response: 307 - 0.002s
2026-02-07 11:19:09 - uvicorn.access - INFO - send:505 - 127.0.0.1:53286 - "GET /api/v1/trending HTTP/1.1" 307
2026-02-07 11:19:09 - app.core.security - INFO - dispatch:32 - GET /api/v1/articles/ - 127.0.0.1
2026-02-07 11:19:09 - app.core.security - INFO - dispatch:32 - GET /api/v1/trending/ - 127.0.0.1
2026-02-07 11:19:09 - app.core.security - INFO - dispatch:40 - Response: 200 - 0.013s
2026-02-07 11:19:09 - uvicorn.access - INFO - send:505 - 127.0.0.1:53285 - "GET /api/v1/trending/ HTTP/1.1" 200
2026-02-07 11:19:09 - app.core.security - INFO - dispatch:40 - Response: 200 - 0.060s
2026-02-07 11:19:09 - uvicorn.access - INFO - send:505 - 127.0.0.1:53287 - "GET /api/v1/articles/?limit=20 HTTP/1.1" 200
2026-02-07 11:19:10 - app.core.security - INFO - dispatch:32 - GET /api/v1/articles - 127.0.0.1
2026-02-07 11:19:10 - app.core.security - INFO - dispatch:32 - GET /api/v1/articles - 127.0.0.1
2026-02-07 11:19:10 - app.core.security - INFO - dispatch:32 - GET /api/v1/articles - 127.0.0.1
2026-02-07 11:19:10 - app.core.security - INFO - dispatch:40 - Response: 307 - 0.005s
2026-02-07 11:19:10 - app.core.security - INFO - dispatch:32 - GET /api/v1/articles - 127.0.0.1
2026-02-07 11:19:10 - uvicorn.access - INFO - send:505 - 127.0.0.1:53285 - "GET /api/v1/articles?category=World&limit=20 HTTP/1.1" 307
2026-02-07 11:19:10 - app.core.security - INFO - dispatch:40 - Response: 307 - 0.005s
2026-02-07 11:19:10 - app.core.security - INFO - dispatch:32 - GET /api/v1/articles - 127.0.0.1
2026-02-07 11:19:10 - uvicorn.access - INFO - send:505 - 127.0.0.1:53286 - "GET /api/v1/articles?category=Business&limit=20 HTTP/1.1" 307
2026-02-07 11:19:10 - app.core.security - INFO - dispatch:32 - GET /api/v1/articles - 127.0.0.1
2026-02-07 11:19:10 - app.core.security - INFO - dispatch:40 - Response: 307 - 0.006s
2026-02-07 11:19:10 - app.core.security - INFO - dispatch:32 - GET /api/v1/articles - 127.0.0.1
2026-02-07 11:19:10 - uvicorn.access - INFO - send:505 - 127.0.0.1:53287 - "GET /api/v1/articles?category=Technology&limit=20 HTTP/1.1" 307
2026-02-07 11:19:10 - app.core.security - INFO - dispatch:32 - GET /api/v1/articles - 127.0.0.1
2026-02-07 11:19:10 - app.core.security - INFO - dispatch:40 - Response: 307 - 0.008s
2026-02-07 11:19:10 - app.core.security - INFO - dispatch:32 - GET /api/v1/articles - 127.0.0.1
2026-02-07 11:19:10 - uvicorn.access - INFO - send:505 - 127.0.0.1:53288 - "GET /api/v1/articles?category=AI+%26+Startups&limit=20 HTTP/1.1" 307
2026-02-07 11:19:10 - app.core.security - INFO - dispatch:32 - GET /api/v1/articles - 127.0.0.1
2026-02-07 11:19:10 - app.core.security - INFO - dispatch:40 - Response: 307 - 0.010s
2026-02-07 11:19:10 - app.core.security - INFO - dispatch:32 - GET /api/v1/articles - 127.0.0.1
2026-02-07 11:19:10 - uvicorn.access - INFO - send:505 - 127.0.0.1:53289 - "GET /api/v1/articles?category=Science&limit=20 HTTP/1.1" 307
2026-02-07 11:19:10 - app.core.security - INFO - dispatch:40 - Response: 307 - 0.011s
2026-02-07 11:19:10 - app.core.security - INFO - dispatch:40 - Response: 307 - 0.010s
2026-02-07 11:19:10 - uvicorn.access - INFO - send:505 - 127.0.0.1:53290 - "GET /api/v1/articles?category=Health&limit=20 HTTP/1.1" 307
2026-02-07 11:19:10 - uvicorn.access - INFO - send:505 - 127.0.0.1:53291 - "GET /api/v1/articles?category=Politics&limit=20 HTTP/1.1" 307
2026-02-07 11:19:10 - app.core.security - INFO - dispatch:40 - Response: 307 - 0.010s
2026-02-07 11:19:10 - app.core.security - INFO - dispatch:40 - Response: 307 - 0.009s
2026-02-07 11:19:10 - uvicorn.access - INFO - send:505 - 127.0.0.1:53292 - "GET /api/v1/articles?category=Culture&limit=20 HTTP/1.1" 307
2026-02-07 11:19:10 - uvicorn.access - INFO - send:505 - 127.0.0.1:53293 - "GET /api/v1/articles?category=Sports&limit=20 HTTP/1.1" 307
2026-02-07 11:19:10 - app.core.security - INFO - dispatch:40 - Response: 307 - 0.008s
2026-02-07 11:19:10 - app.core.security - INFO - dispatch:40 - Response: 307 - 0.007s
2026-02-07 11:19:10 - uvicorn.access - INFO - send:505 - 127.0.0.1:53294 - "GET /api/v1/articles?category=Environment&limit=20 HTTP/1.1" 307
2026-02-07 11:19:10 - uvicorn.access - INFO - send:505 - 127.0.0.1:53295 - "GET /api/v1/articles?category=Education&limit=20 HTTP/1.1" 307
2026-02-07 11:19:10 - app.core.security - INFO - dispatch:32 - GET /api/v1/articles/ - 127.0.0.1
2026-02-07 11:19:10 - app.core.security - INFO - dispatch:32 - GET /api/v1/articles/ - 127.0.0.1
2026-02-07 11:19:10 - app.core.security - INFO - dispatch:32 - GET /api/v1/articles/ - 127.0.0.1
2026-02-07 11:19:10 - app.core.security - INFO - dispatch:32 - GET /api/v1/articles/ - 127.0.0.1
2026-02-07 11:19:10 - app.core.security - INFO - dispatch:32 - GET /api/v1/articles/ - 127.0.0.1
2026-02-07 11:19:10 - app.core.security - INFO - dispatch:32 - GET /api/v1/articles/ - 127.0.0.1
2026-02-07 11:19:10 - app.core.security - INFO - dispatch:32 - GET /api/v1/articles/ - 127.0.0.1
2026-02-07 11:19:10 - app.core.security - INFO - dispatch:32 - GET /api/v1/articles/ - 127.0.0.1
2026-02-07 11:19:10 - app.core.security - INFO - dispatch:32 - GET /api/v1/articles/ - 127.0.0.1
2026-02-07 11:19:10 - app.core.security - INFO - dispatch:32 - GET /api/v1/articles/ - 127.0.0.1
2026-02-07 11:19:10 - app.core.security - INFO - dispatch:32 - GET /api/v1/articles/ - 127.0.0.1
2026-02-07 11:19:10 - app.core.security - INFO - dispatch:40 - Response: 200 - 0.097s
2026-02-07 11:19:10 - uvicorn.access - INFO - send:505 - 127.0.0.1:53298 - "GET /api/v1/articles/?category=Technology&limit=20 HTTP/1.1" 200
2026-02-07 11:19:10 - app.core.security - INFO - dispatch:40 - Response: 200 - 0.091s
2026-02-07 11:19:10 - uvicorn.access - INFO - send:505 - 127.0.0.1:53305 - "GET /api/v1/articles/?category=Culture&limit=20 HTTP/1.1" 200
2026-02-07 11:19:10 - app.core.security - INFO - dispatch:40 - Response: 200 - 0.134s
2026-02-07 11:19:10 - uvicorn.access - INFO - send:505 - 127.0.0.1:53296 - "GET /api/v1/articles/?category=World&limit=20 HTTP/1.1" 200
2026-02-07 11:19:10 - app.core.security - INFO - dispatch:40 - Response: 200 - 0.149s
2026-02-07 11:19:10 - uvicorn.access - INFO - send:505 - 127.0.0.1:53301 - "GET /api/v1/articles/?category=AI+%26+Startups&limit=20 HTTP/1.1" 200
2026-02-07 11:19:10 - app.core.security - INFO - dispatch:40 - Response: 200 - 0.166s
2026-02-07 11:19:10 - uvicorn.access - INFO - send:505 - 127.0.0.1:53302 - "GET /api/v1/articles/?category=Science&limit=20 HTTP/1.1" 200
2026-02-07 11:19:10 - app.core.security - INFO - dispatch:40 - Response: 200 - 0.203s
2026-02-07 11:19:10 - uvicorn.access - INFO - send:505 - 127.0.0.1:53297 - "GET /api/v1/articles/?category=Business&limit=20 HTTP/1.1" 200
2026-02-07 11:19:10 - app.core.security - INFO - dispatch:40 - Response: 200 - 0.227s
2026-02-07 11:19:10 - app.core.security - INFO - dispatch:40 - Response: 200 - 0.240s
2026-02-07 11:19:10 - uvicorn.access - INFO - send:505 - 127.0.0.1:53308 - "GET /api/v1/articles/?category=Education&limit=20 HTTP/1.1" 200
2026-02-07 11:19:10 - uvicorn.access - INFO - send:505 - 127.0.0.1:53303 - "GET /api/v1/articles/?category=Health&limit=20 HTTP/1.1" 200
2026-02-07 11:19:10 - app.core.security - INFO - dispatch:40 - Response: 200 - 0.244s
2026-02-07 11:19:10 - app.core.security - INFO - dispatch:40 - Response: 200 - 0.243s
2026-02-07 11:19:10 - uvicorn.access - INFO - send:505 - 127.0.0.1:53306 - "GET /api/v1/articles/?category=Sports&limit=20 HTTP/1.1" 200
2026-02-07 11:19:10 - app.core.security - INFO - dispatch:40 - Response: 200 - 0.252s
2026-02-07 11:19:10 - uvicorn.access - INFO - send:505 - 127.0.0.1:53307 - "GET /api/v1/articles/?category=Environment&limit=20 HTTP/1.1" 200
2026-02-07 11:19:10 - uvicorn.access - INFO - send:505 - 127.0.0.1:53304 - "GET /api/v1/articles/?category=Politics&limit=20 HTTP/1.1" 200
2026-02-07 11:19:11 - app.core.security - INFO - dispatch:32 - GET /health - 127.0.0.1
2026-02-07 11:19:11 - app.core.security - INFO - dispatch:32 - GET /api/v1/articles - 127.0.0.1
2026-02-07 11:19:11 - app.core.security - INFO - dispatch:32 - GET /health - 127.0.0.1
2026-02-07 11:19:11 - app.core.security - INFO - dispatch:32 - GET /api/v1/articles - 127.0.0.1
2026-02-07 11:19:11 - app.core.security - INFO - dispatch:40 - Response: 307 - 0.005s
2026-02-07 11:19:11 - app.core.security - INFO - dispatch:40 - Response: 307 - 0.004s
2026-02-07 11:19:11 - uvicorn.access - INFO - send:505 - 127.0.0.1:49666 - "GET /api/v1/articles?limit=30 HTTP/1.1" 307
2026-02-07 11:19:11 - uvicorn.access - INFO - send:505 - 127.0.0.1:63301 - "GET /api/v1/articles?limit=30 HTTP/1.1" 307
2026-02-07 11:19:11 - app.core.security - INFO - dispatch:40 - Response: 200 - 0.013s
2026-02-07 11:19:11 - app.core.security - INFO - dispatch:40 - Response: 200 - 0.009s
2026-02-07 11:19:11 - uvicorn.access - INFO - send:505 - 127.0.0.1:50726 - "GET /health HTTP/1.1" 200
2026-02-07 11:19:11 - uvicorn.access - INFO - send:505 - 127.0.0.1:54420 - "GET /health HTTP/1.1" 200
2026-02-07 11:19:11 - app.core.security - INFO - dispatch:32 - GET /api/v1/articles/ - 127.0.0.1
2026-02-07 11:19:11 - app.core.security - INFO - dispatch:32 - GET /api/v1/articles/ - 127.0.0.1
2026-02-07 11:19:11 - app.core.security - INFO - dispatch:40 - Response: 200 - 0.097s
2026-02-07 11:19:11 - uvicorn.access - INFO - send:505 - 127.0.0.1:63301 - "GET /api/v1/articles/?limit=30 HTTP/1.1" 200
2026-02-07 11:19:11 - app.core.security - INFO - dispatch:40 - Response: 200 - 0.140s
2026-02-07 11:19:11 - uvicorn.access - INFO - send:505 - 127.0.0.1:49666 - "GET /api/v1/articles/?limit=30 HTTP/1.1" 200
2026-02-07 11:19:21 - app.core.security - INFO - dispatch:32 - POST /api/v1/auth/login/access-token - 127.0.0.1
2026-02-07 11:19:21 - app.core.security - INFO - dispatch:40 - Response: 400 - 0.008s
2026-02-07 11:19:21 - uvicorn.access - INFO - send:505 - 127.0.0.1:64840 - "POST /api/v1/auth/login/access-token HTTP/1.1" 400
2026-02-07 11:19:41 - app.core.security - INFO - dispatch:32 - POST /api/v1/auth/login/access-token - 127.0.0.1
2026-02-07 11:19:41 - app.core.security - INFO - dispatch:32 - GET /health - 127.0.0.1
2026-02-07 11:19:41 - app.core.security - INFO - dispatch:40 - Response: 200 - 0.013s
2026-02-07 11:19:41 - uvicorn.access - INFO - send:505 - 127.0.0.1:58965 - "GET /health HTTP/1.1" 200
2026-02-07 11:19:41 - app.core.security - INFO - dispatch:40 - Response: 400 - 0.020s
2026-02-07 11:19:41 - uvicorn.access - INFO - send:505 - 127.0.0.1:57630 - "POST /api/v1/auth/login/access-token HTTP/1.1" 400
2026-02-07 11:19:42 - jobs - INFO - run_scraper_loop:30 - Scraping source: The Hindu
2026-02-07 11:19:42 - app.services.scraper_v2 - INFO - get_links:108 - Scraping feed: https://www.thehindu.com/news/national/
2026-02-07 11:19:52 - app.services.scraper_v2 - INFO - get_links:108 - Scraping feed: https://www.thehindu.com/sci-tech/technology/
2026-02-07 11:20:02 - app.services.scraper_v2 - INFO - get_links:108 - Scraping feed: https://www.thehindu.com/sport/
2026-02-07 11:20:10 - jobs - INFO - run_scraper_loop:30 - Scraping source: ESPN
2026-02-07 11:20:10 - app.services.scraper_v2 - INFO - get_links:108 - Scraping feed: https://www.espn.com/
2026-02-07 11:20:46 - app.services.scraper_v2 - INFO - get_links:108 - Scraping feed: https://www.espn.com/nfl/
2026-02-07 11:21:16 - app.services.scraper_v2 - INFO - get_links:108 - Scraping feed: https://www.espn.com/nba/
2026-02-07 11:21:48 - jobs - INFO - run_scraper_loop:30 - Scraping source: BBC Sport
2026-02-07 11:21:48 - app.services.scraper_v2 - INFO - get_links:108 - Scraping feed: https://www.bbc.com/sport
2026-02-07 11:22:09 - app.services.scraper_v2 - INFO - get_links:108 - Scraping feed: https://www.bbc.com/sport/football
2026-02-07 11:22:29 - app.services.scraper_v2 - INFO - get_links:108 - Scraping feed: https://www.bbc.com/sport/cricket
2026-02-07 11:22:45 - jobs - INFO - run_scraper_loop:34 - Cycle #1 complete. Added 28 high-quality articles.
2026-02-07 11:22:45 - jobs - INFO - run_scraper_loop:38 - Newsroom heartbeat: Next cycle in 30 minutes.
2026-02-07 11:35:44 - app.core.logging - INFO - setup_logging:71 - Logging system initialized
2026-02-07 11:35:45 - app.services.deduplicator - WARNING - <module>:12 - ML modules (torch/sentence-transformers) not found. Deduplication disabled.
2026-02-07 11:35:45 - uvicorn.error - INFO - serve:76 - Started server process [5632]
2026-02-07 11:35:45 - uvicorn.error - INFO - startup:48 - Waiting for application startup.
2026-02-07 11:35:45 - app.main - INFO - startup_event:51 - Background News Scraper Started
2026-02-07 11:35:45 - jobs - INFO - init_db:15 - Initializing database...
2026-02-07 11:35:45 - jobs - INFO - run_scraper_loop:25 - Starting Newsroom Ingestion Cycle #1 at 2026-02-07 11:35:45.908523
2026-02-07 11:35:45 - jobs - INFO - run_scraper_loop:30 - Scraping source: Reuters
2026-02-07 11:35:45 - app.services.scraper_v2 - INFO - get_links:108 - Scraping feed: https://www.reuters.com/world/
2026-02-07 11:35:45 - uvicorn.error - INFO - startup:62 - Application startup complete.
2026-02-07 11:35:48 - app.services.scraper_v2 - INFO - get_links:108 - Scraping feed: https://www.reuters.com/business/
2026-02-07 11:35:50 - app.services.scraper_v2 - INFO - get_links:108 - Scraping feed: https://www.reuters.com/technology/
2026-02-07 11:35:53 - app.services.scraper_v2 - INFO - get_links:108 - Scraping feed: https://www.reuters.com/science/
2026-02-07 11:35:53 - app.core.security - INFO - dispatch:32 - GET /health - 127.0.0.1
2026-02-07 11:35:53 - app.core.security - INFO - dispatch:40 - Response: 200 - 0.006s
2026-02-07 11:35:53 - uvicorn.access - INFO - send:505 - 127.0.0.1:53451 - "GET /health HTTP/1.1" 200
2026-02-07 11:35:53 - app.core.security - INFO - dispatch:32 - GET /api/v1/trending - 127.0.0.1
2026-02-07 11:35:53 - app.core.security - INFO - dispatch:40 - Response: 307 - 0.002s
2026-02-07 11:35:53 - uvicorn.access - INFO - send:505 - 127.0.0.1:53451 - "GET /api/v1/trending HTTP/1.1" 307
2026-02-07 11:35:53 - app.core.security - INFO - dispatch:32 - GET /api/v1/articles - 127.0.0.1
2026-02-07 11:35:53 - app.core.security - INFO - dispatch:40 - Response: 307 - 0.001s
2026-02-07 11:35:53 - uvicorn.access - INFO - send:505 - 127.0.0.1:53453 - "GET /api/v1/articles?limit=20 HTTP/1.1" 307
2026-02-07 11:35:54 - app.core.security - INFO - dispatch:32 - GET /api/v1/trending/ - 127.0.0.1
2026-02-07 11:35:54 - app.core.security - INFO - dispatch:32 - GET /api/v1/articles/ - 127.0.0.1
2026-02-07 11:35:54 - app.core.security - INFO - dispatch:40 - Response: 200 - 0.007s
2026-02-07 11:35:54 - uvicorn.access - INFO - send:505 - 127.0.0.1:53454 - "GET /api/v1/trending/ HTTP/1.1" 200
2026-02-07 11:35:54 - app.core.security - INFO - dispatch:32 - GET /api/v1/articles - 127.0.0.1
2026-02-07 11:35:54 - app.core.security - INFO - dispatch:40 - Response: 307 - 0.001s
2026-02-07 11:35:54 - uvicorn.access - INFO - send:505 - 127.0.0.1:53453 - "GET /api/v1/articles?category=World&limit=20 HTTP/1.1" 307
2026-02-07 11:35:54 - app.core.security - INFO - dispatch:32 - GET /api/v1/articles - 127.0.0.1
2026-02-07 11:35:54 - app.core.security - INFO - dispatch:40 - Response: 307 - 0.001s
2026-02-07 11:35:54 - uvicorn.access - INFO - send:505 - 127.0.0.1:53454 - "GET /api/v1/articles?category=Business&limit=20 HTTP/1.1" 307
2026-02-07 11:35:54 - app.core.security - INFO - dispatch:32 - GET /api/v1/articles - 127.0.0.1
2026-02-07 11:35:54 - app.core.security - INFO - dispatch:32 - GET /api/v1/articles - 127.0.0.1
2026-02-07 11:35:54 - app.core.security - INFO - dispatch:32 - GET /api/v1/articles - 127.0.0.1
2026-02-07 11:35:54 - app.core.security - INFO - dispatch:32 - GET /api/v1/articles - 127.0.0.1
2026-02-07 11:35:54 - app.core.security - INFO - dispatch:32 - GET /api/v1/articles - 127.0.0.1
2026-02-07 11:35:54 - app.core.security - INFO - dispatch:40 - Response: 307 - 0.011s
2026-02-07 11:35:54 - uvicorn.access - INFO - send:505 - 127.0.0.1:53455 - "GET /api/v1/articles?category=Technology&limit=20 HTTP/1.1" 307
2026-02-07 11:35:54 - app.core.security - INFO - dispatch:40 - Response: 307 - 0.014s
2026-02-07 11:35:54 - app.core.security - INFO - dispatch:40 - Response: 307 - 0.014s
2026-02-07 11:35:54 - uvicorn.access - INFO - send:505 - 127.0.0.1:53456 - "GET /api/v1/articles?category=AI+%26+Startups&limit=20 HTTP/1.1" 307
2026-02-07 11:35:54 - app.core.security - INFO - dispatch:40 - Response: 307 - 0.011s
2026-02-07 11:35:54 - uvicorn.access - INFO - send:505 - 127.0.0.1:53457 - "GET /api/v1/articles?category=Science&limit=20 HTTP/1.1" 307
2026-02-07 11:35:54 - app.core.security - INFO - dispatch:40 - Response: 307 - 0.013s
2026-02-07 11:35:54 - uvicorn.access - INFO - send:505 - 127.0.0.1:53458 - "GET /api/v1/articles?category=Culture&limit=20 HTTP/1.1" 307
2026-02-07 11:35:54 - uvicorn.access - INFO - send:505 - 127.0.0.1:53459 - "GET /api/v1/articles?category=Health&limit=20 HTTP/1.1" 307
2026-02-07 11:35:54 - app.core.security - INFO - dispatch:32 - GET /api/v1/articles - 127.0.0.1
2026-02-07 11:35:54 - app.core.security - INFO - dispatch:32 - GET /api/v1/articles - 127.0.0.1
2026-02-07 11:35:54 - app.core.security - INFO - dispatch:32 - GET /api/v1/articles - 127.0.0.1
2026-02-07 11:35:54 - app.core.security - INFO - dispatch:32 - GET /api/v1/articles - 127.0.0.1
2026-02-07 11:35:54 - app.core.security - INFO - dispatch:32 - GET /api/v1/articles/ - 127.0.0.1
2026-02-07 11:35:54 - app.core.security - INFO - dispatch:32 - GET /api/v1/articles/ - 127.0.0.1
2026-02-07 11:35:54 - app.core.security - INFO - dispatch:32 - GET /api/v1/articles/ - 127.0.0.1
2026-02-07 11:35:54 - app.core.security - INFO - dispatch:32 - GET /api/v1/articles/ - 127.0.0.1
2026-02-07 11:35:54 - app.core.security - INFO - dispatch:40 - Response: 307 - 0.013s
2026-02-07 11:35:54 - uvicorn.access - INFO - send:505 - 127.0.0.1:53460 - "GET /api/v1/articles?category=Politics&limit=20 HTTP/1.1" 307
2026-02-07 11:35:54 - app.core.security - INFO - dispatch:40 - Response: 307 - 0.014s
2026-02-07 11:35:54 - app.core.security - INFO - dispatch:40 - Response: 307 - 0.014s
2026-02-07 11:35:54 - app.core.security - INFO - dispatch:40 - Response: 307 - 0.014s
2026-02-07 11:35:54 - app.core.security - INFO - dispatch:32 - GET /api/v1/articles/ - 127.0.0.1
2026-02-07 11:35:54 - uvicorn.access - INFO - send:505 - 127.0.0.1:53461 - "GET /api/v1/articles?category=Education&limit=20 HTTP/1.1" 307
2026-02-07 11:35:54 - app.core.security - INFO - dispatch:32 - GET /api/v1/articles/ - 127.0.0.1
2026-02-07 11:35:54 - app.core.security - INFO - dispatch:32 - GET /api/v1/articles/ - 127.0.0.1
2026-02-07 11:35:54 - uvicorn.access - INFO - send:505 - 127.0.0.1:53463 - "GET /api/v1/articles?category=Environment&limit=20 HTTP/1.1" 307
2026-02-07 11:35:54 - uvicorn.access - INFO - send:505 - 127.0.0.1:53462 - "GET /api/v1/articles?category=Sports&limit=20 HTTP/1.1" 307
2026-02-07 11:35:54 - app.core.security - INFO - dispatch:32 - GET /api/v1/articles/ - 127.0.0.1
2026-02-07 11:35:54 - app.core.security - INFO - dispatch:32 - GET /api/v1/articles/ - 127.0.0.1
2026-02-07 11:35:54 - app.core.security - INFO - dispatch:32 - GET /api/v1/articles/ - 127.0.0.1
2026-02-07 11:35:54 - app.core.security - INFO - dispatch:32 - GET /api/v1/articles/ - 127.0.0.1
2026-02-07 11:35:54 - app.core.security - INFO - dispatch:40 - Response: 200 - 0.379s
2026-02-07 11:35:54 - app.core.security - INFO - dispatch:40 - Response: 200 - 0.631s
2026-02-07 11:35:54 - uvicorn.access - INFO - send:505 - 127.0.0.1:53453 - "GET /api/v1/articles/?category=Technology&limit=20 HTTP/1.1" 200
2026-02-07 11:35:54 - uvicorn.access - INFO - send:505 - 127.0.0.1:53451 - "GET /api/v1/articles/?limit=20 HTTP/1.1" 200
2026-02-07 11:35:54 - app.core.security - INFO - dispatch:40 - Response: 200 - 0.387s
2026-02-07 11:35:54 - uvicorn.access - INFO - send:505 - 127.0.0.1:53468 - "GET /api/v1/articles/?category=Culture&limit=20 HTTP/1.1" 200
2026-02-07 11:35:54 - app.core.security - INFO - dispatch:40 - Response: 200 - 0.454s
2026-02-07 11:35:54 - app.core.security - INFO - dispatch:40 - Response: 200 - 0.462s
2026-02-07 11:35:54 - app.core.security - INFO - dispatch:40 - Response: 200 - 0.502s
2026-02-07 11:35:54 - app.core.security - INFO - dispatch:40 - Response: 200 - 0.470s
2026-02-07 11:35:54 - uvicorn.access - INFO - send:505 - 127.0.0.1:53455 - "GET /api/v1/articles/?category=Politics&limit=20 HTTP/1.1" 200
2026-02-07 11:35:54 - uvicorn.access - INFO - send:505 - 127.0.0.1:53457 - "GET /api/v1/articles/?category=Environment&limit=20 HTTP/1.1" 200
2026-02-07 11:35:55 - uvicorn.access - INFO - send:505 - 127.0.0.1:53464 - "GET /api/v1/articles/?category=World&limit=20 HTTP/1.1" 200
2026-02-07 11:35:55 - uvicorn.access - INFO - send:505 - 127.0.0.1:53456 - "GET /api/v1/articles/?category=Education&limit=20 HTTP/1.1" 200
2026-02-07 11:35:55 - app.core.security - INFO - dispatch:40 - Response: 200 - 0.572s
2026-02-07 11:35:55 - app.core.security - INFO - dispatch:40 - Response: 200 - 0.568s
2026-02-07 11:35:55 - app.core.security - INFO - dispatch:40 - Response: 200 - 0.585s
2026-02-07 11:35:55 - app.core.security - INFO - dispatch:40 - Response: 200 - 0.543s
2026-02-07 11:35:55 - app.core.security - INFO - dispatch:40 - Response: 200 - 0.581s
2026-02-07 11:35:55 - uvicorn.access - INFO - send:505 - 127.0.0.1:53467 - "GET /api/v1/articles/?category=Science&limit=20 HTTP/1.1" 200
2026-02-07 11:35:55 - uvicorn.access - INFO - send:505 - 127.0.0.1:53469 - "GET /api/v1/articles/?category=Health&limit=20 HTTP/1.1" 200
2026-02-07 11:35:55 - uvicorn.access - INFO - send:505 - 127.0.0.1:53465 - "GET /api/v1/articles/?category=Business&limit=20 HTTP/1.1" 200
2026-02-07 11:35:55 - uvicorn.access - INFO - send:505 - 127.0.0.1:53458 - "GET /api/v1/articles/?category=Sports&limit=20 HTTP/1.1" 200
2026-02-07 11:35:55 - uvicorn.access - INFO - send:505 - 127.0.0.1:53454 - "GET /api/v1/articles/?category=AI+%26+Startups&limit=20 HTTP/1.1" 200
2026-02-07 11:35:55 - app.core.security - INFO - dispatch:32 - GET /health - 127.0.0.1
2026-02-07 11:35:55 - app.core.security - INFO - dispatch:32 - GET /api/v1/articles - 127.0.0.1
2026-02-07 11:35:55 - app.core.security - INFO - dispatch:40 - Response: 307 - 0.002s
2026-02-07 11:35:55 - uvicorn.access - INFO - send:505 - 127.0.0.1:53729 - "GET /api/v1/articles?limit=30 HTTP/1.1" 307
2026-02-07 11:35:55 - app.core.security - INFO - dispatch:32 - GET /api/v1/articles - 127.0.0.1
2026-02-07 11:35:55 - app.core.security - INFO - dispatch:40 - Response: 200 - 0.010s
2026-02-07 11:35:55 - uvicorn.access - INFO - send:505 - 127.0.0.1:59818 - "GET /health HTTP/1.1" 200
2026-02-07 11:35:55 - app.core.security - INFO - dispatch:40 - Response: 307 - 0.003s
2026-02-07 11:35:55 - uvicorn.access - INFO - send:505 - 127.0.0.1:62326 - "GET /api/v1/articles?limit=30 HTTP/1.1" 307
2026-02-07 11:35:55 - app.core.security - INFO - dispatch:32 - GET /health - 127.0.0.1
2026-02-07 11:35:55 - app.core.security - INFO - dispatch:32 - GET /api/v1/articles/ - 127.0.0.1
2026-02-07 11:35:55 - app.core.security - INFO - dispatch:40 - Response: 200 - 0.010s
2026-02-07 11:35:55 - uvicorn.access - INFO - send:505 - 127.0.0.1:53729 - "GET /health HTTP/1.1" 200
2026-02-07 11:35:55 - app.core.security - INFO - dispatch:40 - Response: 200 - 0.062s
2026-02-07 11:35:55 - uvicorn.access - INFO - send:505 - 127.0.0.1:59818 - "GET /api/v1/articles/?limit=30 HTTP/1.1" 200
2026-02-07 11:35:55 - app.core.security - INFO - dispatch:32 - GET /api/v1/articles/ - 127.0.0.1
2026-02-07 11:35:55 - app.core.security - INFO - dispatch:40 - Response: 200 - 0.065s
2026-02-07 11:35:55 - uvicorn.access - INFO - send:505 - 127.0.0.1:53729 - "GET /api/v1/articles/?limit=30 HTTP/1.1" 200
2026-02-07 11:35:56 - jobs - INFO - run_scraper_loop:30 - Scraping source: Associated Press
2026-02-07 11:35:56 - app.services.scraper_v2 - INFO - get_links:108 - Scraping feed: https://apnews.com/hub/politics
2026-02-07 11:36:00 - app.core.security - INFO - dispatch:32 - GET /api/v1/articles - 127.0.0.1
2026-02-07 11:36:00 - app.core.security - INFO - dispatch:32 - GET /api/v1/trending - 127.0.0.1
2026-02-07 11:36:00 - app.core.security - INFO - dispatch:40 - Response: 307 - 0.002s
2026-02-07 11:36:00 - uvicorn.access - INFO - send:505 - 127.0.0.1:52046 - "GET /api/v1/articles?limit=20 HTTP/1.1" 307
2026-02-07 11:36:00 - app.core.security - INFO - dispatch:40 - Response: 307 - 0.002s
2026-02-07 11:36:00 - uvicorn.access - INFO - send:505 - 127.0.0.1:52047 - "GET /api/v1/trending HTTP/1.1" 307
2026-02-07 11:36:00 - app.core.security - INFO - dispatch:32 - GET /api/v1/trending/ - 127.0.0.1
2026-02-07 11:36:00 - app.core.security - INFO - dispatch:32 - GET /api/v1/articles/ - 127.0.0.1
2026-02-07 11:36:00 - app.core.security - INFO - dispatch:40 - Response: 200 - 0.012s
2026-02-07 11:36:00 - uvicorn.access - INFO - send:505 - 127.0.0.1:52046 - "GET /api/v1/trending/ HTTP/1.1" 200
2026-02-07 11:36:00 - app.core.security - INFO - dispatch:40 - Response: 200 - 0.053s
2026-02-07 11:36:00 - uvicorn.access - INFO - send:505 - 127.0.0.1:52048 - "GET /api/v1/articles/?limit=20 HTTP/1.1" 200
2026-02-07 11:36:00 - app.core.security - INFO - dispatch:32 - GET /api/v1/articles - 127.0.0.1
2026-02-07 11:36:00 - app.core.security - INFO - dispatch:40 - Response: 307 - 0.001s
2026-02-07 11:36:00 - app.core.security - INFO - dispatch:32 - GET /api/v1/articles - 127.0.0.1
2026-02-07 11:36:00 - uvicorn.access - INFO - send:505 - 127.0.0.1:52046 - "GET /api/v1/articles?category=World&limit=20 HTTP/1.1" 307
2026-02-07 11:36:00 - app.core.security - INFO - dispatch:32 - GET /api/v1/articles - 127.0.0.1
2026-02-07 11:36:00 - app.core.security - INFO - dispatch:40 - Response: 307 - 0.003s
2026-02-07 11:36:00 - uvicorn.access - INFO - send:505 - 127.0.0.1:52047 - "GET /api/v1/articles?category=Business&limit=20 HTTP/1.1" 307
2026-02-07 11:36:00 - app.core.security - INFO - dispatch:40 - Response: 307 - 0.002s
2026-02-07 11:36:00 - uvicorn.access - INFO - send:505 - 127.0.0.1:52048 - "GET /api/v1/articles?category=Technology&limit=20 HTTP/1.1" 307
2026-02-07 11:36:00 - app.core.security - INFO - dispatch:32 - GET /api/v1/articles - 127.0.0.1
2026-02-07 11:36:00 - app.core.security - INFO - dispatch:32 - GET /api/v1/articles - 127.0.0.1
2026-02-07 11:36:00 - app.core.security - INFO - dispatch:32 - GET /api/v1/articles - 127.0.0.1
2026-02-07 11:36:00 - app.core.security - INFO - dispatch:32 - GET /api/v1/articles - 127.0.0.1
2026-02-07 11:36:00 - app.core.security - INFO - dispatch:32 - GET /api/v1/articles - 127.0.0.1
2026-02-07 11:36:00 - app.core.security - INFO - dispatch:32 - GET /api/v1/articles - 127.0.0.1
2026-02-07 11:36:00 - app.core.security - INFO - dispatch:32 - GET /api/v1/articles - 127.0.0.1
2026-02-07 11:36:00 - app.core.security - INFO - dispatch:32 - GET /api/v1/articles - 127.0.0.1
2026-02-07 11:36:00 - app.core.security - INFO - dispatch:32 - GET /api/v1/articles/ - 127.0.0.1
2026-02-07 11:36:00 - app.core.security - INFO - dispatch:32 - GET /api/v1/articles/ - 127.0.0.1
2026-02-07 11:36:00 - app.core.security - INFO - dispatch:32 - GET /api/v1/articles/ - 127.0.0.1
2026-02-07 11:36:00 - app.core.security - INFO - dispatch:40 - Response: 307 - 0.013s
2026-02-07 11:36:00 - app.core.security - INFO - dispatch:40 - Response: 307 - 0.013s
2026-02-07 11:36:00 - app.core.security - INFO - dispatch:40 - Response: 307 - 0.012s
2026-02-07 11:36:00 - uvicorn.access - INFO - send:505 - 127.0.0.1:52050 - "GET /api/v1/articles?category=AI+%26+Startups&limit=20 HTTP/1.1" 307
2026-02-07 11:36:00 - app.core.security - INFO - dispatch:40 - Response: 307 - 0.012s
2026-02-07 11:36:00 - app.core.security - INFO - dispatch:40 - Response: 307 - 0.012s
2026-02-07 11:36:00 - app.core.security - INFO - dispatch:40 - Response: 307 - 0.012s
2026-02-07 11:36:00 - app.core.security - INFO - dispatch:40 - Response: 307 - 0.012s
2026-02-07 11:36:00 - app.core.security - INFO - dispatch:40 - Response: 307 - 0.012s
2026-02-07 11:36:00 - uvicorn.access - INFO - send:505 - 127.0.0.1:52052 - "GET /api/v1/articles?category=Health&limit=20 HTTP/1.1" 307
2026-02-07 11:36:00 - uvicorn.access - INFO - send:505 - 127.0.0.1:52051 - "GET /api/v1/articles?category=Science&limit=20 HTTP/1.1" 307
2026-02-07 11:36:00 - uvicorn.access - INFO - send:505 - 127.0.0.1:52055 - "GET /api/v1/articles?category=Sports&limit=20 HTTP/1.1" 307
2026-02-07 11:36:00 - uvicorn.access - INFO - send:505 - 127.0.0.1:52054 - "GET /api/v1/articles?category=Culture&limit=20 HTTP/1.1" 307
2026-02-07 11:36:00 - uvicorn.access - INFO - send:505 - 127.0.0.1:52053 - "GET /api/v1/articles?category=Politics&limit=20 HTTP/1.1" 307
2026-02-07 11:36:00 - uvicorn.access - INFO - send:505 - 127.0.0.1:52057 - "GET /api/v1/articles?category=Education&limit=20 HTTP/1.1" 307
2026-02-07 11:36:00 - uvicorn.access - INFO - send:505 - 127.0.0.1:52056 - "GET /api/v1/articles?category=Environment&limit=20 HTTP/1.1" 307
2026-02-07 11:36:00 - app.core.security - INFO - dispatch:32 - GET /api/v1/articles/ - 127.0.0.1
2026-02-07 11:36:00 - app.core.security - INFO - dispatch:32 - GET /api/v1/articles/ - 127.0.0.1
2026-02-07 11:36:00 - app.core.security - INFO - dispatch:32 - GET /api/v1/articles/ - 127.0.0.1
2026-02-07 11:36:00 - app.core.security - INFO - dispatch:32 - GET /api/v1/articles/ - 127.0.0.1
2026-02-07 11:36:00 - app.core.security - INFO - dispatch:32 - GET /api/v1/articles/ - 127.0.0.1
2026-02-07 11:36:00 - app.core.security - INFO - dispatch:32 - GET /api/v1/articles/ - 127.0.0.1
2026-02-07 11:36:00 - app.core.security - INFO - dispatch:32 - GET /api/v1/articles/ - 127.0.0.1
2026-02-07 11:36:00 - app.core.security - INFO - dispatch:32 - GET /api/v1/articles/ - 127.0.0.1
2026-02-07 11:36:00 - app.core.security - INFO - dispatch:40 - Response: 200 - 0.059s
2026-02-07 11:36:00 - uvicorn.access - INFO - send:505 - 127.0.0.1:52060 - "GET /api/v1/articles/?category=Technology&limit=20 HTTP/1.1" 200
2026-02-07 11:36:00 - app.core.security - INFO - dispatch:40 - Response: 200 - 0.114s
2026-02-07 11:36:00 - app.core.security - INFO - dispatch:40 - Response: 200 - 0.116s
2026-02-07 11:36:00 - uvicorn.access - INFO - send:505 - 127.0.0.1:52058 - "GET /api/v1/articles/?category=World&limit=20 HTTP/1.1" 200
2026-02-07 11:36:00 - uvicorn.access - INFO - send:505 - 127.0.0.1:52059 - "GET /api/v1/articles/?category=Business&limit=20 HTTP/1.1" 200
2026-02-07 11:36:00 - app.core.security - INFO - dispatch:40 - Response: 200 - 0.106s
2026-02-07 11:36:00 - uvicorn.access - INFO - send:505 - 127.0.0.1:52051 - "GET /api/v1/articles/?category=Culture&limit=20 HTTP/1.1" 200
2026-02-07 11:36:00 - app.core.security - INFO - dispatch:40 - Response: 200 - 0.129s
2026-02-07 11:36:00 - uvicorn.access - INFO - send:505 - 127.0.0.1:52053 - "GET /api/v1/articles/?category=Environment&limit=20 HTTP/1.1" 200
2026-02-07 11:36:00 - app.core.security - INFO - dispatch:40 - Response: 200 - 0.141s
2026-02-07 11:36:00 - uvicorn.access - INFO - send:505 - 127.0.0.1:52054 - "GET /api/v1/articles/?category=Education&limit=20 HTTP/1.1" 200
2026-02-07 11:36:00 - app.core.security - INFO - dispatch:40 - Response: 200 - 0.162s
2026-02-07 11:36:00 - uvicorn.access - INFO - send:505 - 127.0.0.1:52052 - "GET /api/v1/articles/?category=Politics&limit=20 HTTP/1.1" 200
2026-02-07 11:36:00 - app.core.security - INFO - dispatch:40 - Response: 200 - 0.211s
2026-02-07 11:36:00 - app.core.security - INFO - dispatch:40 - Response: 200 - 0.215s
2026-02-07 11:36:00 - app.core.security - INFO - dispatch:40 - Response: 200 - 0.212s
2026-02-07 11:36:00 - uvicorn.access - INFO - send:505 - 127.0.0.1:52048 - "GET /api/v1/articles/?category=Science&limit=20 HTTP/1.1" 200
2026-02-07 11:36:00 - uvicorn.access - INFO - send:505 - 127.0.0.1:52047 - "GET /api/v1/articles/?category=Health&limit=20 HTTP/1.1" 200
2026-02-07 11:36:00 - app.core.security - INFO - dispatch:40 - Response: 200 - 0.220s
2026-02-07 11:36:00 - uvicorn.access - INFO - send:505 - 127.0.0.1:52050 - "GET /api/v1/articles/?category=Sports&limit=20 HTTP/1.1" 200
2026-02-07 11:36:00 - uvicorn.access - INFO - send:505 - 127.0.0.1:52046 - "GET /api/v1/articles/?category=AI+%26+Startups&limit=20 HTTP/1.1" 200
2026-02-07 11:36:01 - app.core.security - INFO - dispatch:32 - GET /health - 127.0.0.1
2026-02-07 11:36:01 - app.core.security - INFO - dispatch:32 - GET /api/v1/articles - 127.0.0.1
2026-02-07 11:36:01 - app.core.security - INFO - dispatch:32 - GET /health - 127.0.0.1
2026-02-07 11:36:01 - app.core.security - INFO - dispatch:32 - GET /api/v1/articles - 127.0.0.1
2026-02-07 11:36:01 - app.core.security - INFO - dispatch:40 - Response: 307 - 0.010s
2026-02-07 11:36:01 - uvicorn.access - INFO - send:505 - 127.0.0.1:51518 - "GET /api/v1/articles?limit=30 HTTP/1.1" 307
2026-02-07 11:36:01 - app.core.security - INFO - dispatch:40 - Response: 307 - 0.006s
2026-02-07 11:36:01 - uvicorn.access - INFO - send:505 - 127.0.0.1:54940 - "GET /api/v1/articles?limit=30 HTTP/1.1" 307
2026-02-07 11:36:01 - app.core.security - INFO - dispatch:40 - Response: 200 - 0.017s
2026-02-07 11:36:01 - uvicorn.access - INFO - send:505 - 127.0.0.1:52591 - "GET /health HTTP/1.1" 200
2026-02-07 11:36:01 - app.core.security - INFO - dispatch:32 - GET /api/v1/articles/ - 127.0.0.1
2026-02-07 11:36:01 - app.core.security - INFO - dispatch:32 - GET /api/v1/articles/ - 127.0.0.1
2026-02-07 11:36:01 - app.core.security - INFO - dispatch:40 - Response: 200 - 0.016s
2026-02-07 11:36:01 - uvicorn.access - INFO - send:505 - 127.0.0.1:57560 - "GET /health HTTP/1.1" 200
2026-02-07 11:36:01 - app.core.security - INFO - dispatch:40 - Response: 200 - 0.086s
2026-02-07 11:36:01 - app.core.security - INFO - dispatch:40 - Response: 200 - 0.084s
2026-02-07 11:36:01 - uvicorn.access - INFO - send:505 - 127.0.0.1:54940 - "GET /api/v1/articles/?limit=30 HTTP/1.1" 200
2026-02-07 11:36:01 - uvicorn.access - INFO - send:505 - 127.0.0.1:51518 - "GET /api/v1/articles/?limit=30 HTTP/1.1" 200
2026-02-07 11:36:20 - app.core.security - INFO - dispatch:32 - GET /health - 127.0.0.1
2026-02-07 11:36:20 - app.core.security - INFO - dispatch:32 - GET /api/v1/articles - 127.0.0.1
2026-02-07 11:36:20 - app.core.security - INFO - dispatch:40 - Response: 307 - 0.003s
2026-02-07 11:36:20 - uvicorn.access - INFO - send:505 - 127.0.0.1:52077 - "GET /api/v1/articles?limit=30 HTTP/1.1" 307
2026-02-07 11:36:20 - app.core.security - INFO - dispatch:40 - Response: 200 - 0.008s
2026-02-07 11:36:20 - uvicorn.access - INFO - send:505 - 127.0.0.1:60536 - "GET /health HTTP/1.1" 200
2026-02-07 11:36:20 - app.core.security - INFO - dispatch:32 - GET /api/v1/articles - 127.0.0.1
2026-02-07 11:36:20 - app.core.security - INFO - dispatch:32 - GET /health - 127.0.0.1
2026-02-07 11:36:20 - app.core.security - INFO - dispatch:40 - Response: 307 - 0.003s
2026-02-07 11:36:20 - uvicorn.access - INFO - send:505 - 127.0.0.1:54024 - "GET /api/v1/articles?limit=30 HTTP/1.1" 307
2026-02-07 11:36:20 - app.core.security - INFO - dispatch:40 - Response: 200 - 0.005s
2026-02-07 11:36:20 - uvicorn.access - INFO - send:505 - 127.0.0.1:52077 - "GET /health HTTP/1.1" 200
2026-02-07 11:36:20 - app.core.security - INFO - dispatch:32 - GET /api/v1/articles/ - 127.0.0.1
2026-02-07 11:36:20 - app.core.security - INFO - dispatch:40 - Response: 200 - 0.055s
2026-02-07 11:36:20 - uvicorn.access - INFO - send:505 - 127.0.0.1:52077 - "GET /api/v1/articles/?limit=30 HTTP/1.1" 200
2026-02-07 11:36:20 - app.core.security - INFO - dispatch:32 - GET /api/v1/articles/ - 127.0.0.1
2026-02-07 11:36:20 - app.core.security - INFO - dispatch:40 - Response: 200 - 0.056s
2026-02-07 11:36:20 - uvicorn.access - INFO - send:505 - 127.0.0.1:54024 - "GET /api/v1/articles/?limit=30 HTTP/1.1" 200
2026-02-07 11:36:25 - uvicorn.access - INFO - send:505 - 127.0.0.1:64650 - "OPTIONS /api/v1/scraper/status HTTP/1.1" 200
2026-02-07 11:36:26 - uvicorn.access - INFO - send:505 - 127.0.0.1:49997 - "OPTIONS /api/v1/scraper/status HTTP/1.1" 200
2026-02-07 11:36:26 - app.core.security - INFO - dispatch:32 - GET /api/v1/scraper/status - 127.0.0.1
2026-02-07 11:36:26 - app.core.security - INFO - dispatch:40 - Response: 200 - 0.037s
2026-02-07 11:36:26 - uvicorn.access - INFO - send:505 - 127.0.0.1:64650 - "GET /api/v1/scraper/status HTTP/1.1" 200
2026-02-07 11:36:26 - app.core.security - INFO - dispatch:32 - GET /api/v1/scraper/status - 127.0.0.1
2026-02-07 11:36:26 - app.core.security - INFO - dispatch:40 - Response: 200 - 0.041s
2026-02-07 11:36:26 - uvicorn.access - INFO - send:505 - 127.0.0.1:49997 - "GET /api/v1/scraper/status HTTP/1.1" 200
2026-02-07 11:36:27 - app.services.scraper_v2 - INFO - get_links:108 - Scraping feed: https://apnews.com/hub/business
2026-02-07 11:36:38 - uvicorn.access - INFO - send:505 - 127.0.0.1:55027 - "OPTIONS /api/v1/articles?limit=30 HTTP/1.1" 200
2026-02-07 11:36:38 - uvicorn.access - INFO - send:505 - 127.0.0.1:55027 - "OPTIONS /api/v1/articles?limit=30 HTTP/1.1" 200
2026-02-07 11:36:38 - app.core.security - INFO - dispatch:32 - GET /api/v1/articles - 127.0.0.1
2026-02-07 11:36:38 - app.core.security - INFO - dispatch:40 - Response: 307 - 0.001s
2026-02-07 11:36:38 - uvicorn.access - INFO - send:505 - 127.0.0.1:55027 - "GET /api/v1/articles?limit=30 HTTP/1.1" 307
2026-02-07 11:36:38 - app.core.security - INFO - dispatch:32 - GET /api/v1/articles - 127.0.0.1
2026-02-07 11:36:38 - app.core.security - INFO - dispatch:40 - Response: 307 - 0.002s
2026-02-07 11:36:38 - uvicorn.access - INFO - send:505 - 127.0.0.1:63368 - "GET /api/v1/articles?limit=30 HTTP/1.1" 307
2026-02-07 11:36:38 - uvicorn.access - INFO - send:505 - 127.0.0.1:63368 - "OPTIONS /api/v1/articles/?limit=30 HTTP/1.1" 200
2026-02-07 11:36:38 - uvicorn.access - INFO - send:505 - 127.0.0.1:55027 - "OPTIONS /api/v1/articles/?limit=30 HTTP/1.1" 200
2026-02-07 11:36:38 - app.core.security - INFO - dispatch:32 - GET /api/v1/articles/ - 127.0.0.1
2026-02-07 11:36:38 - app.core.security - INFO - dispatch:40 - Response: 200 - 0.051s
2026-02-07 11:36:38 - uvicorn.access - INFO - send:505 - 127.0.0.1:63368 - "GET /api/v1/articles/?limit=30 HTTP/1.1" 200
2026-02-07 11:36:38 - app.core.security - INFO - dispatch:32 - GET /api/v1/articles/ - 127.0.0.1
2026-02-07 11:36:38 - app.core.security - INFO - dispatch:40 - Response: 200 - 0.051s
2026-02-07 11:36:38 - uvicorn.access - INFO - send:505 - 127.0.0.1:55027 - "GET /api/v1/articles/?limit=30 HTTP/1.1" 200
2026-02-07 11:36:50 - app.core.security - INFO - dispatch:32 - GET /health - 127.0.0.1
2026-02-07 11:36:50 - app.core.security - INFO - dispatch:40 - Response: 200 - 0.004s
2026-02-07 11:36:50 - uvicorn.access - INFO - send:505 - 127.0.0.1:50368 - "GET /health HTTP/1.1" 200
2026-02-07 11:36:50 - uvicorn.access - INFO - send:505 - 127.0.0.1:50368 - "OPTIONS /news/stats HTTP/1.1" 200
2026-02-07 11:36:50 - uvicorn.access - INFO - send:505 - 127.0.0.1:56539 - "OPTIONS /news/quick-feed HTTP/1.1" 200
2026-02-07 11:36:50 - app.core.security - INFO - dispatch:32 - GET /news/stats - 127.0.0.1
2026-02-07 11:36:50 - app.core.security - INFO - dispatch:32 - GET /news/quick-feed - 127.0.0.1
2026-02-07 11:36:50 - app.core.security - INFO - dispatch:40 - Response: 200 - 0.045s
2026-02-07 11:36:50 - uvicorn.access - INFO - send:505 - 127.0.0.1:56539 - "GET /news/stats HTTP/1.1" 200
2026-02-07 11:36:50 - app.core.security - INFO - dispatch:40 - Response: 200 - 0.052s
2026-02-07 11:36:50 - uvicorn.access - INFO - send:505 - 127.0.0.1:50368 - "GET /news/quick-feed HTTP/1.1" 200
2026-02-07 11:36:55 - app.services.scraper_v2 - INFO - get_links:108 - Scraping feed: https://apnews.com/hub/science
2026-02-07 11:37:22 - app.services.scraper_v2 - INFO - get_links:108 - Scraping feed: https://apnews.com/hub/health
2026-02-07 11:37:54 - jobs - INFO - run_scraper_loop:30 - Scraping source: Bloomberg
2026-02-07 11:37:54 - app.services.scraper_v2 - INFO - get_links:108 - Scraping feed: https://www.bloomberg.com/technology
2026-02-07 11:37:54 - app.services.scraper_v2 - INFO - get_links:108 - Scraping feed: https://www.bloomberg.com/markets
2026-02-07 11:37:55 - app.services.scraper_v2 - INFO - get_links:108 - Scraping feed: https://www.bloomberg.com/politics
2026-02-07 11:37:56 - jobs - INFO - run_scraper_loop:30 - Scraping source: VentureBeat AI
2026-02-07 11:37:56 - app.services.scraper_v2 - INFO - get_links:108 - Scraping feed: https://venturebeat.com/category/ai/
2026-02-07 11:38:00 - jobs - INFO - run_scraper_loop:30 - Scraping source: AI News
2026-02-07 11:38:00 - app.services.scraper_v2 - INFO - get_links:108 - Scraping feed: https://www.artificialintelligence-news.com/
2026-02-07 11:38:02 - jobs - INFO - run_scraper_loop:30 - Scraping source: Sifted
2026-02-07 11:38:02 - app.services.scraper_v2 - INFO - get_links:108 - Scraping feed: https://sifted.eu/sections/artificial-intelligence/
2026-02-07 11:38:02 - app.services.scraper_v2 - INFO - get_links:108 - Scraping feed: https://sifted.eu/sections/startups/
2026-02-07 11:38:03 - jobs - INFO - run_scraper_loop:30 - Scraping source: Nature
2026-02-07 11:38:03 - app.services.scraper_v2 - INFO - get_links:108 - Scraping feed: https://www.nature.com/nature/articles?type=news
2026-02-07 11:38:06 - jobs - INFO - run_scraper_loop:30 - Scraping source: New Scientist
2026-02-07 11:38:06 - app.services.scraper_v2 - INFO - get_links:108 - Scraping feed: https://www.newscientist.com/section/news/
2026-02-07 11:38:17 - app.services.scraper_v2 - INFO - get_links:108 - Scraping feed: https://www.newscientist.com/subject/environment/
2026-02-07 11:38:28 - jobs - INFO - run_scraper_loop:30 - Scraping source: EdSurge
2026-02-07 11:38:28 - app.services.scraper_v2 - INFO - get_links:108 - Scraping feed: https://www.edsurge.com/news
2026-02-07 11:38:47 - jobs - INFO - run_scraper_loop:30 - Scraping source: Inside Higher Ed
2026-02-07 11:38:47 - app.services.scraper_v2 - INFO - get_links:108 - Scraping feed: https://www.insidehighered.com/news
2026-02-07 11:38:47 - uvicorn.error - INFO - shutdown:265 - Shutting down
2026-02-07 11:38:47 - uvicorn.error - INFO - shutdown:67 - Waiting for application shutdown.
2026-02-07 11:38:47 - uvicorn.error - INFO - shutdown:78 - Application shutdown complete.
2026-02-07 11:38:47 - uvicorn.error - INFO - serve:86 - Finished server process [5632]
2026-02-07 11:39:09 - app.core.logging - INFO - setup_logging:71 - Logging system initialized
2026-02-07 11:39:12 - app.services.deduplicator - WARNING - <module>:12 - ML modules (torch/sentence-transformers) not found. Deduplication disabled.
2026-02-07 11:39:12 - uvicorn.error - INFO - serve:76 - Started server process [5232]
2026-02-07 11:39:12 - uvicorn.error - INFO - startup:48 - Waiting for application startup.
2026-02-07 11:39:12 - app.main - INFO - startup_event:51 - Background News Scraper Started
2026-02-07 11:39:12 - jobs - INFO - init_db:15 - Initializing database...
2026-02-07 11:39:12 - jobs - INFO - run_scraper_loop:25 - Starting Newsroom Ingestion Cycle #1 at 2026-02-07 11:39:12.150535
2026-02-07 11:39:12 - jobs - INFO - run_scraper_loop:30 - Scraping source: Reuters
2026-02-07 11:39:12 - app.services.scraper_v2 - INFO - get_links:108 - Scraping feed: https://www.reuters.com/world/
2026-02-07 11:39:12 - uvicorn.error - INFO - startup:62 - Application startup complete.
2026-02-07 11:39:16 - app.services.scraper_v2 - INFO - get_links:108 - Scraping feed: https://www.reuters.com/business/
2026-02-07 11:39:19 - app.services.scraper_v2 - INFO - get_links:108 - Scraping feed: https://www.reuters.com/technology/
2026-02-07 11:39:22 - app.services.scraper_v2 - INFO - get_links:108 - Scraping feed: https://www.reuters.com/science/
2026-02-07 11:39:26 - jobs - INFO - run_scraper_loop:30 - Scraping source: Associated Press
2026-02-07 11:39:26 - app.services.scraper_v2 - INFO - get_links:108 - Scraping feed: https://apnews.com/hub/politics
2026-02-07 11:39:52 - app.services.scraper_v2 - INFO - get_links:108 - Scraping feed: https://apnews.com/hub/business
2026-02-07 11:39:52 - uvicorn.error - INFO - shutdown:265 - Shutting down
2026-02-07 11:39:52 - uvicorn.error - INFO - shutdown:67 - Waiting for application shutdown.
2026-02-07 11:39:52 - uvicorn.error - INFO - shutdown:78 - Application shutdown complete.
2026-02-07 11:39:52 - uvicorn.error - INFO - serve:86 - Finished server process [5232]
2026-02-07 11:40:10 - app.core.security - INFO - dispatch:32 - GET /health - 127.0.0.1
2026-02-07 11:40:10 - app.core.security - INFO - dispatch:32 - GET /api/v1/articles - 127.0.0.1
2026-02-07 11:40:10 - app.core.security - INFO - dispatch:40 - Response: 307 - 0.002s
2026-02-07 11:40:10 - uvicorn.access - INFO - send:505 - 127.0.0.1:50213 - "GET /api/v1/articles?limit=20 HTTP/1.1" 307
2026-02-07 11:40:10 - app.core.security - INFO - dispatch:40 - Response: 200 - 0.007s
2026-02-07 11:40:10 - uvicorn.access - INFO - send:505 - 127.0.0.1:50212 - "GET /health HTTP/1.1" 200
2026-02-07 11:40:10 - app.core.security - INFO - dispatch:32 - GET /api/v1/articles/ - 127.0.0.1
2026-02-07 11:40:10 - app.core.security - INFO - dispatch:32 - GET /api/v1/articles - 127.0.0.1
2026-02-07 11:40:10 - app.core.security - INFO - dispatch:32 - GET /api/v1/articles - 127.0.0.1
2026-02-07 11:40:10 - app.core.security - INFO - dispatch:32 - GET /api/v1/articles - 127.0.0.1
2026-02-07 11:40:10 - app.core.security - INFO - dispatch:32 - GET /api/v1/articles - 127.0.0.1
2026-02-07 11:40:10 - app.core.security - INFO - dispatch:32 - GET /api/v1/articles - 127.0.0.1
2026-02-07 11:40:10 - app.core.security - INFO - dispatch:32 - GET /api/v1/articles - 127.0.0.1
2026-02-07 11:40:10 - app.core.security - INFO - dispatch:32 - GET /api/v1/articles - 127.0.0.1
2026-02-07 11:40:10 - app.core.security - INFO - dispatch:32 - GET /api/v1/articles - 127.0.0.1
2026-02-07 11:40:10 - app.core.security - INFO - dispatch:32 - GET /api/v1/articles - 127.0.0.1
2026-02-07 11:40:10 - app.core.security - INFO - dispatch:32 - GET /api/v1/articles - 127.0.0.1
2026-02-07 11:40:10 - app.core.security - INFO - dispatch:32 - GET /api/v1/articles - 127.0.0.1
2026-02-07 11:40:10 - app.core.security - INFO - dispatch:40 - Response: 307 - 0.017s
2026-02-07 11:40:10 - app.core.security - INFO - dispatch:40 - Response: 307 - 0.017s
2026-02-07 11:40:10 - app.core.security - INFO - dispatch:40 - Response: 307 - 0.017s
2026-02-07 11:40:10 - app.core.security - INFO - dispatch:40 - Response: 307 - 0.017s
2026-02-07 11:40:10 - app.core.security - INFO - dispatch:40 - Response: 307 - 0.017s
2026-02-07 11:40:10 - uvicorn.access - INFO - send:505 - 127.0.0.1:50216 - "GET /api/v1/articles?category=Business&limit=20 HTTP/1.1" 307
2026-02-07 11:40:10 - uvicorn.access - INFO - send:505 - 127.0.0.1:50215 - "GET /api/v1/articles?category=World&limit=20 HTTP/1.1" 307
2026-02-07 11:40:10 - app.core.security - INFO - dispatch:40 - Response: 307 - 0.016s
2026-02-07 11:40:10 - app.core.security - INFO - dispatch:40 - Response: 307 - 0.016s
2026-02-07 11:40:10 - app.core.security - INFO - dispatch:40 - Response: 307 - 0.016s
2026-02-07 11:40:10 - uvicorn.access - INFO - send:505 - 127.0.0.1:50218 - "GET /api/v1/articles?category=AI+%26+Startups&limit=20 HTTP/1.1" 307
2026-02-07 11:40:10 - uvicorn.access - INFO - send:505 - 127.0.0.1:50219 - "GET /api/v1/articles?category=Science&limit=20 HTTP/1.1" 307
2026-02-07 11:40:10 - uvicorn.access - INFO - send:505 - 127.0.0.1:50217 - "GET /api/v1/articles?category=Technology&limit=20 HTTP/1.1" 307
2026-02-07 11:40:10 - app.core.security - INFO - dispatch:40 - Response: 307 - 0.017s
2026-02-07 11:40:10 - app.core.security - INFO - dispatch:40 - Response: 307 - 0.017s
2026-02-07 11:40:10 - app.core.security - INFO - dispatch:40 - Response: 307 - 0.017s
2026-02-07 11:40:10 - uvicorn.access - INFO - send:505 - 127.0.0.1:50221 - "GET /api/v1/articles?category=Politics&limit=20 HTTP/1.1" 307
2026-02-07 11:40:10 - uvicorn.access - INFO - send:505 - 127.0.0.1:50220 - "GET /api/v1/articles?category=Health&limit=20 HTTP/1.1" 307
2026-02-07 11:40:11 - uvicorn.access - INFO - send:505 - 127.0.0.1:50222 - "GET /api/v1/articles?category=Culture&limit=20 HTTP/1.1" 307
2026-02-07 11:40:11 - uvicorn.access - INFO - send:505 - 127.0.0.1:50224 - "GET /api/v1/articles?category=Environment&limit=20 HTTP/1.1" 307
2026-02-07 11:40:11 - uvicorn.access - INFO - send:505 - 127.0.0.1:50223 - "GET /api/v1/articles?category=Sports&limit=20 HTTP/1.1" 307
2026-02-07 11:40:11 - uvicorn.access - INFO - send:505 - 127.0.0.1:50225 - "GET /api/v1/articles?category=Education&limit=20 HTTP/1.1" 307
2026-02-07 11:40:11 - app.core.security - INFO - dispatch:40 - Response: 200 - 0.066s
2026-02-07 11:40:11 - uvicorn.access - INFO - send:505 - 127.0.0.1:50214 - "GET /api/v1/articles/?limit=20 HTTP/1.1" 200
2026-02-07 11:40:11 - app.core.security - INFO - dispatch:32 - GET /api/v1/articles/ - 127.0.0.1
2026-02-07 11:40:11 - app.core.security - INFO - dispatch:32 - GET /api/v1/articles/ - 127.0.0.1
2026-02-07 11:40:11 - app.core.security - INFO - dispatch:40 - Response: 200 - 0.077s
2026-02-07 11:40:11 - app.core.security - INFO - dispatch:40 - Response: 200 - 0.081s
2026-02-07 11:40:11 - uvicorn.access - INFO - send:505 - 127.0.0.1:50213 - "GET /api/v1/articles/?category=World&limit=20 HTTP/1.1" 200
2026-02-07 11:40:11 - uvicorn.access - INFO - send:505 - 127.0.0.1:50212 - "GET /api/v1/articles/?category=Business&limit=20 HTTP/1.1" 200
2026-02-07 11:40:11 - app.core.security - INFO - dispatch:32 - GET /api/v1/articles/ - 127.0.0.1
2026-02-07 11:40:11 - app.core.security - INFO - dispatch:32 - GET /api/v1/articles/ - 127.0.0.1
2026-02-07 11:40:11 - app.core.security - INFO - dispatch:32 - GET /api/v1/articles/ - 127.0.0.1
2026-02-07 11:40:11 - app.core.security - INFO - dispatch:32 - GET /api/v1/articles/ - 127.0.0.1
2026-02-07 11:40:11 - app.core.security - INFO - dispatch:32 - GET /api/v1/articles/ - 127.0.0.1
2026-02-07 11:40:11 - app.core.security - INFO - dispatch:32 - GET /api/v1/articles/ - 127.0.0.1
2026-02-07 11:40:11 - app.core.security - INFO - dispatch:32 - GET /api/v1/articles/ - 127.0.0.1
2026-02-07 11:40:11 - app.core.security - INFO - dispatch:32 - GET /api/v1/articles/ - 127.0.0.1
2026-02-07 11:40:11 - app.core.security - INFO - dispatch:32 - GET /api/v1/articles/ - 127.0.0.1
2026-02-07 11:40:11 - app.core.security - INFO - dispatch:40 - Response: 200 - 0.126s
2026-02-07 11:40:11 - uvicorn.access - INFO - send:505 - 127.0.0.1:50228 - "GET /api/v1/articles/?category=Technology&limit=20 HTTP/1.1" 200
2026-02-07 11:40:11 - app.core.security - INFO - dispatch:40 - Response: 200 - 0.133s
2026-02-07 11:40:11 - uvicorn.access - INFO - send:505 - 127.0.0.1:50231 - "GET /api/v1/articles/?category=Culture&limit=20 HTTP/1.1" 200
2026-02-07 11:40:11 - app.core.security - INFO - dispatch:40 - Response: 200 - 0.148s
2026-02-07 11:40:11 - uvicorn.access - INFO - send:505 - 127.0.0.1:50235 - "GET /api/v1/articles/?category=Education&limit=20 HTTP/1.1" 200
2026-02-07 11:40:11 - app.core.security - INFO - dispatch:40 - Response: 200 - 0.265s
2026-02-07 11:40:11 - app.core.security - INFO - dispatch:40 - Response: 200 - 0.265s
2026-02-07 11:40:11 - uvicorn.access - INFO - send:505 - 127.0.0.1:50230 - "GET /api/v1/articles/?category=Health&limit=20 HTTP/1.1" 200
2026-02-07 11:40:11 - uvicorn.access - INFO - send:505 - 127.0.0.1:50233 - "GET /api/v1/articles/?category=Environment&limit=20 HTTP/1.1" 200
2026-02-07 11:40:11 - app.core.security - INFO - dispatch:40 - Response: 200 - 0.272s
2026-02-07 11:40:11 - app.core.security - INFO - dispatch:40 - Response: 200 - 0.270s
2026-02-07 11:40:11 - app.core.security - INFO - dispatch:40 - Response: 200 - 0.274s
2026-02-07 11:40:11 - uvicorn.access - INFO - send:505 - 127.0.0.1:50227 - "GET /api/v1/articles/?category=Science&limit=20 HTTP/1.1" 200
2026-02-07 11:40:11 - app.core.security - INFO - dispatch:40 - Response: 200 - 0.280s
2026-02-07 11:40:11 - uvicorn.access - INFO - send:505 - 127.0.0.1:50234 - "GET /api/v1/articles/?category=Sports&limit=20 HTTP/1.1" 200
2026-02-07 11:40:11 - uvicorn.access - INFO - send:505 - 127.0.0.1:50229 - "GET /api/v1/articles/?category=Politics&limit=20 HTTP/1.1" 200
2026-02-07 11:40:11 - uvicorn.access - INFO - send:505 - 127.0.0.1:50226 - "GET /api/v1/articles/?category=AI+%26+Startups&limit=20 HTTP/1.1" 200
2026-02-07 11:40:12 - app.core.security - INFO - dispatch:32 - GET /health - 127.0.0.1
2026-02-07 11:40:12 - app.core.security - INFO - dispatch:32 - GET /api/v1/articles - 127.0.0.1
2026-02-07 11:40:12 - app.core.security - INFO - dispatch:40 - Response: 307 - 0.001s
2026-02-07 11:40:12 - uvicorn.access - INFO - send:505 - 127.0.0.1:61246 - "GET /api/v1/articles?limit=30 HTTP/1.1" 307
2026-02-07 11:40:12 - app.core.security - INFO - dispatch:40 - Response: 200 - 0.006s
2026-02-07 11:40:12 - uvicorn.access - INFO - send:505 - 127.0.0.1:65481 - "GET /health HTTP/1.1" 200
2026-02-07 11:40:12 - app.core.security - INFO - dispatch:32 - GET /api/v1/articles - 127.0.0.1
2026-02-07 11:40:12 - app.core.security - INFO - dispatch:32 - GET /health - 127.0.0.1
2026-02-07 11:40:12 - app.core.security - INFO - dispatch:32 - GET /api/v1/articles/ - 127.0.0.1
2026-02-07 11:40:12 - app.core.security - INFO - dispatch:40 - Response: 307 - 0.003s
2026-02-07 11:40:12 - uvicorn.access - INFO - send:505 - 127.0.0.1:61246 - "GET /api/v1/articles?limit=30 HTTP/1.1" 307
2026-02-07 11:40:12 - app.core.security - INFO - dispatch:40 - Response: 200 - 0.007s
2026-02-07 11:40:12 - uvicorn.access - INFO - send:505 - 127.0.0.1:56333 - "GET /health HTTP/1.1" 200
2026-02-07 11:40:12 - app.core.security - INFO - dispatch:40 - Response: 200 - 0.055s
2026-02-07 11:40:12 - uvicorn.access - INFO - send:505 - 127.0.0.1:65481 - "GET /api/v1/articles/?limit=30 HTTP/1.1" 200
2026-02-07 11:40:12 - app.core.security - INFO - dispatch:32 - GET /api/v1/articles/ - 127.0.0.1
2026-02-07 11:40:12 - app.core.security - INFO - dispatch:40 - Response: 200 - 0.040s
2026-02-07 11:40:12 - uvicorn.access - INFO - send:505 - 127.0.0.1:56333 - "GET /api/v1/articles/?limit=30 HTTP/1.1" 200
2026-02-07 11:40:12 - app.core.security - INFO - dispatch:32 - GET /api/v1/bookmarks/ - 127.0.0.1
2026-02-07 11:40:12 - app.core.security - INFO - dispatch:40 - Response: 404 - 0.001s
2026-02-07 11:40:12 - uvicorn.access - INFO - send:505 - 127.0.0.1:56333 - "GET /api/v1/bookmarks/ HTTP/1.1" 404
2026-02-07 11:40:14 - app.core.security - INFO - dispatch:32 - GET /api/v1/bookmarks/ - 127.0.0.1
2026-02-07 11:40:14 - app.core.security - INFO - dispatch:40 - Response: 404 - 0.002s
2026-02-07 11:40:14 - uvicorn.access - INFO - send:505 - 127.0.0.1:56333 - "GET /api/v1/bookmarks/ HTTP/1.1" 404
2026-02-07 11:40:17 - app.core.security - INFO - dispatch:32 - GET /api/v1/bookmarks/ - 127.0.0.1
2026-02-07 11:40:17 - app.core.security - INFO - dispatch:40 - Response: 404 - 0.001s
2026-02-07 11:40:17 - uvicorn.access - INFO - send:505 - 127.0.0.1:56333 - "GET /api/v1/bookmarks/ HTTP/1.1" 404
2026-02-07 11:40:21 - app.services.scraper_v2 - INFO - get_links:108 - Scraping feed: https://apnews.com/hub/science
2026-02-07 11:40:22 - app.core.security - INFO - dispatch:32 - GET /api/v1/bookmarks/ - 127.0.0.1
2026-02-07 11:40:22 - app.core.security - INFO - dispatch:40 - Response: 404 - 0.002s
2026-02-07 11:40:22 - uvicorn.access - INFO - send:505 - 127.0.0.1:56333 - "GET /api/v1/bookmarks/ HTTP/1.1" 404
2026-02-07 11:40:52 - app.services.scraper_v2 - INFO - get_links:108 - Scraping feed: https://apnews.com/hub/health
2026-02-07 11:41:03 - app.core.security - INFO - dispatch:32 - GET /health - 127.0.0.1
2026-02-07 11:41:03 - app.core.security - INFO - dispatch:32 - GET /api/v1/articles - 127.0.0.1
2026-02-07 11:41:03 - app.core.security - INFO - dispatch:32 - GET /api/v1/trending - 127.0.0.1
2026-02-07 11:41:03 - app.core.security - INFO - dispatch:40 - Response: 307 - 0.012s
2026-02-07 11:41:03 - app.core.security - INFO - dispatch:40 - Response: 307 - 0.011s
2026-02-07 11:41:03 - uvicorn.access - INFO - send:505 - 127.0.0.1:60568 - "GET /api/v1/articles?limit=20 HTTP/1.1" 307
2026-02-07 11:41:03 - uvicorn.access - INFO - send:505 - 127.0.0.1:60569 - "GET /api/v1/trending HTTP/1.1" 307
2026-02-07 11:41:03 - app.core.security - INFO - dispatch:40 - Response: 200 - 0.016s
2026-02-07 11:41:03 - uvicorn.access - INFO - send:505 - 127.0.0.1:60567 - "GET /health HTTP/1.1" 200
2026-02-07 11:41:03 - app.core.security - INFO - dispatch:32 - GET /api/v1/trending/ - 127.0.0.1
2026-02-07 11:41:03 - app.core.security - INFO - dispatch:32 - GET /api/v1/articles/ - 127.0.0.1
2026-02-07 11:41:03 - app.core.security - INFO - dispatch:40 - Response: 200 - 0.007s
2026-02-07 11:41:03 - uvicorn.access - INFO - send:505 - 127.0.0.1:60568 - "GET /api/v1/trending/ HTTP/1.1" 200
2026-02-07 11:41:03 - app.core.security - INFO - dispatch:40 - Response: 200 - 0.047s
2026-02-07 11:41:03 - uvicorn.access - INFO - send:505 - 127.0.0.1:60570 - "GET /api/v1/articles/?limit=20 HTTP/1.1" 200
2026-02-07 11:41:03 - app.core.security - INFO - dispatch:32 - GET /api/v1/articles - 127.0.0.1
2026-02-07 11:41:03 - app.core.security - INFO - dispatch:40 - Response: 307 - 0.001s
2026-02-07 11:41:03 - uvicorn.access - INFO - send:505 - 127.0.0.1:60567 - "GET /api/v1/articles?category=World&limit=20 HTTP/1.1" 307
2026-02-07 11:41:03 - app.core.security - INFO - dispatch:32 - GET /api/v1/articles - 127.0.0.1
2026-02-07 11:41:03 - app.core.security - INFO - dispatch:40 - Response: 307 - 0.002s
2026-02-07 11:41:03 - uvicorn.access - INFO - send:505 - 127.0.0.1:60568 - "GET /api/v1/articles?category=Business&limit=20 HTTP/1.1" 307
2026-02-07 11:41:03 - app.core.security - INFO - dispatch:32 - GET /api/v1/articles - 127.0.0.1
2026-02-07 11:41:03 - app.core.security - INFO - dispatch:32 - GET /api/v1/articles - 127.0.0.1
2026-02-07 11:41:03 - app.core.security - INFO - dispatch:40 - Response: 307 - 0.003s
2026-02-07 11:41:03 - uvicorn.access - INFO - send:505 - 127.0.0.1:60569 - "GET /api/v1/articles?category=Technology&limit=20 HTTP/1.1" 307
2026-02-07 11:41:03 - app.core.security - INFO - dispatch:40 - Response: 307 - 0.004s
2026-02-07 11:41:03 - uvicorn.access - INFO - send:505 - 127.0.0.1:60570 - "GET /api/v1/articles?category=AI+%26+Startups&limit=20 HTTP/1.1" 307
2026-02-07 11:41:03 - app.core.security - INFO - dispatch:32 - GET /api/v1/articles - 127.0.0.1
2026-02-07 11:41:03 - app.core.security - INFO - dispatch:32 - GET /api/v1/articles - 127.0.0.1
2026-02-07 11:41:03 - app.core.security - INFO - dispatch:32 - GET /api/v1/articles - 127.0.0.1
2026-02-07 11:41:03 - app.core.security - INFO - dispatch:32 - GET /api/v1/articles - 127.0.0.1
2026-02-07 11:41:03 - app.core.security - INFO - dispatch:32 - GET /api/v1/articles - 127.0.0.1
2026-02-07 11:41:03 - app.core.security - INFO - dispatch:32 - GET /api/v1/articles - 127.0.0.1
2026-02-07 11:41:03 - app.core.security - INFO - dispatch:32 - GET /api/v1/articles - 127.0.0.1
2026-02-07 11:41:03 - app.core.security - INFO - dispatch:32 - GET /api/v1/articles/ - 127.0.0.1
2026-02-07 11:41:03 - app.core.security - INFO - dispatch:32 - GET /api/v1/articles/ - 127.0.0.1
2026-02-07 11:41:03 - app.core.security - INFO - dispatch:32 - GET /api/v1/articles/ - 127.0.0.1
2026-02-07 11:41:03 - app.core.security - INFO - dispatch:32 - GET /api/v1/articles/ - 127.0.0.1
2026-02-07 11:41:03 - app.core.security - INFO - dispatch:40 - Response: 307 - 0.024s
2026-02-07 11:41:03 - uvicorn.access - INFO - send:505 - 127.0.0.1:60571 - "GET /api/v1/articles?category=Science&limit=20 HTTP/1.1" 307
2026-02-07 11:41:03 - app.core.security - INFO - dispatch:40 - Response: 307 - 0.026s
2026-02-07 11:41:03 - app.core.security - INFO - dispatch:40 - Response: 307 - 0.026s
2026-02-07 11:41:03 - app.core.security - INFO - dispatch:40 - Response: 307 - 0.023s
2026-02-07 11:41:03 - app.core.security - INFO - dispatch:40 - Response: 307 - 0.022s
2026-02-07 11:41:03 - app.core.security - INFO - dispatch:40 - Response: 307 - 0.021s
2026-02-07 11:41:03 - uvicorn.access - INFO - send:505 - 127.0.0.1:60573 - "GET /api/v1/articles?category=Politics&limit=20 HTTP/1.1" 307
2026-02-07 11:41:03 - uvicorn.access - INFO - send:505 - 127.0.0.1:60572 - "GET /api/v1/articles?category=Health&limit=20 HTTP/1.1" 307
2026-02-07 11:41:03 - app.core.security - INFO - dispatch:40 - Response: 307 - 0.021s
2026-02-07 11:41:03 - uvicorn.access - INFO - send:505 - 127.0.0.1:60575 - "GET /api/v1/articles?category=Sports&limit=20 HTTP/1.1" 307
2026-02-07 11:41:03 - uvicorn.access - INFO - send:505 - 127.0.0.1:60574 - "GET /api/v1/articles?category=Culture&limit=20 HTTP/1.1" 307
2026-02-07 11:41:03 - uvicorn.access - INFO - send:505 - 127.0.0.1:60576 - "GET /api/v1/articles?category=Environment&limit=20 HTTP/1.1" 307
2026-02-07 11:41:03 - uvicorn.access - INFO - send:505 - 127.0.0.1:60577 - "GET /api/v1/articles?category=Education&limit=20 HTTP/1.1" 307
2026-02-07 11:41:03 - app.core.security - INFO - dispatch:32 - GET /api/v1/articles/ - 127.0.0.1
2026-02-07 11:41:03 - app.core.security - INFO - dispatch:32 - GET /api/v1/articles/ - 127.0.0.1
2026-02-07 11:41:03 - app.core.security - INFO - dispatch:32 - GET /api/v1/articles/ - 127.0.0.1
2026-02-07 11:41:03 - app.core.security - INFO - dispatch:32 - GET /api/v1/articles/ - 127.0.0.1
2026-02-07 11:41:03 - app.core.security - INFO - dispatch:32 - GET /api/v1/articles/ - 127.0.0.1
2026-02-07 11:41:03 - app.core.security - INFO - dispatch:32 - GET /api/v1/articles/ - 127.0.0.1
2026-02-07 11:41:03 - app.core.security - INFO - dispatch:32 - GET /api/v1/articles/ - 127.0.0.1
2026-02-07 11:41:03 - app.core.security - INFO - dispatch:40 - Response: 200 - 0.164s
2026-02-07 11:41:03 - uvicorn.access - INFO - send:505 - 127.0.0.1:60580 - "GET /api/v1/articles/?category=Technology&limit=20 HTTP/1.1" 200
2026-02-07 11:41:03 - app.core.security - INFO - dispatch:40 - Response: 200 - 0.186s
2026-02-07 11:41:03 - uvicorn.access - INFO - send:505 - 127.0.0.1:60578 - "GET /api/v1/articles/?category=World&limit=20 HTTP/1.1" 200
2026-02-07 11:41:03 - app.core.security - INFO - dispatch:40 - Response: 200 - 0.212s
2026-02-07 11:41:03 - uvicorn.access - INFO - send:505 - 127.0.0.1:60579 - "GET /api/v1/articles/?category=Business&limit=20 HTTP/1.1" 200
2026-02-07 11:41:03 - app.core.security - INFO - dispatch:40 - Response: 200 - 0.254s
2026-02-07 11:41:03 - uvicorn.access - INFO - send:505 - 127.0.0.1:60581 - "GET /api/v1/articles/?category=AI+%26+Startups&limit=20 HTTP/1.1" 200
2026-02-07 11:41:03 - app.core.security - INFO - dispatch:40 - Response: 200 - 0.246s
2026-02-07 11:41:03 - app.core.security - INFO - dispatch:40 - Response: 200 - 0.233s
2026-02-07 11:41:03 - uvicorn.access - INFO - send:505 - 127.0.0.1:60569 - "GET /api/v1/articles/?category=Health&limit=20 HTTP/1.1" 200
2026-02-07 11:41:03 - uvicorn.access - INFO - send:505 - 127.0.0.1:60571 - "GET /api/v1/articles/?category=Culture&limit=20 HTTP/1.1" 200
2026-02-07 11:41:03 - app.core.security - INFO - dispatch:40 - Response: 200 - 0.300s
2026-02-07 11:41:03 - app.core.security - INFO - dispatch:40 - Response: 200 - 0.292s
2026-02-07 11:41:03 - uvicorn.access - INFO - send:505 - 127.0.0.1:60567 - "GET /api/v1/articles/?category=Science&limit=20 HTTP/1.1" 200
2026-02-07 11:41:03 - uvicorn.access - INFO - send:505 - 127.0.0.1:60568 - "GET /api/v1/articles/?category=Politics&limit=20 HTTP/1.1" 200
2026-02-07 11:41:03 - app.core.security - INFO - dispatch:40 - Response: 200 - 0.273s
2026-02-07 11:41:03 - app.core.security - INFO - dispatch:40 - Response: 200 - 0.290s
2026-02-07 11:41:03 - app.core.security - INFO - dispatch:40 - Response: 200 - 0.283s
2026-02-07 11:41:03 - uvicorn.access - INFO - send:505 - 127.0.0.1:60573 - "GET /api/v1/articles/?category=Education&limit=20 HTTP/1.1" 200
2026-02-07 11:41:03 - uvicorn.access - INFO - send:505 - 127.0.0.1:60570 - "GET /api/v1/articles/?category=Sports&limit=20 HTTP/1.1" 200
2026-02-07 11:41:03 - uvicorn.access - INFO - send:505 - 127.0.0.1:60572 - "GET /api/v1/articles/?category=Environment&limit=20 HTTP/1.1" 200
2026-02-07 11:41:04 - app.core.security - INFO - dispatch:32 - GET /health - 127.0.0.1
2026-02-07 11:41:04 - app.core.security - INFO - dispatch:32 - GET /api/v1/articles - 127.0.0.1
2026-02-07 11:41:04 - app.core.security - INFO - dispatch:32 - GET /health - 127.0.0.1
2026-02-07 11:41:04 - app.core.security - INFO - dispatch:32 - GET /api/v1/articles - 127.0.0.1
2026-02-07 11:41:04 - app.core.security - INFO - dispatch:40 - Response: 307 - 0.006s
2026-02-07 11:41:04 - uvicorn.access - INFO - send:505 - 127.0.0.1:55051 - "GET /api/v1/articles?limit=30 HTTP/1.1" 307
2026-02-07 11:41:04 - app.core.security - INFO - dispatch:40 - Response: 307 - 0.005s
2026-02-07 11:41:04 - uvicorn.access - INFO - send:505 - 127.0.0.1:53018 - "GET /api/v1/articles?limit=30 HTTP/1.1" 307
2026-02-07 11:41:04 - app.core.security - INFO - dispatch:40 - Response: 200 - 0.017s
2026-02-07 11:41:04 - uvicorn.access - INFO - send:505 - 127.0.0.1:61436 - "GET /health HTTP/1.1" 200
2026-02-07 11:41:04 - app.core.security - INFO - dispatch:40 - Response: 200 - 0.013s
2026-02-07 11:41:04 - uvicorn.access - INFO - send:505 - 127.0.0.1:60590 - "GET /health HTTP/1.1" 200
2026-02-07 11:41:04 - app.core.security - INFO - dispatch:32 - GET /api/v1/articles/ - 127.0.0.1
2026-02-07 11:41:04 - app.core.security - INFO - dispatch:32 - GET /api/v1/articles/ - 127.0.0.1
2026-02-07 11:41:04 - app.core.security - INFO - dispatch:40 - Response: 200 - 0.094s
2026-02-07 11:41:04 - app.core.security - INFO - dispatch:40 - Response: 200 - 0.092s
2026-02-07 11:41:04 - uvicorn.access - INFO - send:505 - 127.0.0.1:61436 - "GET /api/v1/articles/?limit=30 HTTP/1.1" 200
2026-02-07 11:41:04 - uvicorn.access - INFO - send:505 - 127.0.0.1:53018 - "GET /api/v1/articles/?limit=30 HTTP/1.1" 200
2026-02-07 11:41:04 - app.core.security - INFO - dispatch:32 - GET /api/v1/bookmarks/ - 127.0.0.1
2026-02-07 11:41:04 - app.core.security - INFO - dispatch:40 - Response: 404 - 0.002s
2026-02-07 11:41:04 - uvicorn.access - INFO - send:505 - 127.0.0.1:53018 - "GET /api/v1/bookmarks/ HTTP/1.1" 404
2026-02-07 11:41:05 - app.core.security - INFO - dispatch:32 - GET /api/v1/bookmarks/ - 127.0.0.1
2026-02-07 11:41:05 - app.core.security - INFO - dispatch:40 - Response: 404 - 0.001s
2026-02-07 11:41:05 - uvicorn.access - INFO - send:505 - 127.0.0.1:53018 - "GET /api/v1/bookmarks/ HTTP/1.1" 404
2026-02-07 11:41:07 - app.core.security - INFO - dispatch:32 - GET /api/v1/scraper/status - 127.0.0.1
2026-02-07 11:41:07 - app.core.security - INFO - dispatch:40 - Response: 200 - 0.039s
2026-02-07 11:41:07 - uvicorn.access - INFO - send:505 - 127.0.0.1:53018 - "GET /api/v1/scraper/status HTTP/1.1" 200
2026-02-07 11:41:07 - app.core.security - INFO - dispatch:32 - GET /api/v1/scraper/status - 127.0.0.1
2026-02-07 11:41:07 - app.core.security - INFO - dispatch:40 - Response: 200 - 0.035s
2026-02-07 11:41:07 - uvicorn.access - INFO - send:505 - 127.0.0.1:61436 - "GET /api/v1/scraper/status HTTP/1.1" 200
2026-02-07 11:41:07 - app.core.security - INFO - dispatch:32 - GET /api/v1/bookmarks/ - 127.0.0.1
2026-02-07 11:41:07 - app.core.security - INFO - dispatch:40 - Response: 404 - 0.001s
2026-02-07 11:41:07 - uvicorn.access - INFO - send:505 - 127.0.0.1:61436 - "GET /api/v1/bookmarks/ HTTP/1.1" 404
2026-02-07 11:41:10 - app.core.security - INFO - dispatch:32 - GET /api/v1/articles - 127.0.0.1
2026-02-07 11:41:10 - app.core.security - INFO - dispatch:40 - Response: 307 - 0.001s
2026-02-07 11:41:10 - uvicorn.access - INFO - send:505 - 127.0.0.1:61436 - "GET /api/v1/articles?limit=30 HTTP/1.1" 307
2026-02-07 11:41:10 - app.core.security - INFO - dispatch:32 - GET /api/v1/articles - 127.0.0.1
2026-02-07 11:41:10 - app.core.security - INFO - dispatch:40 - Response: 307 - 0.001s
2026-02-07 11:41:10 - uvicorn.access - INFO - send:505 - 127.0.0.1:53018 - "GET /api/v1/articles?limit=30 HTTP/1.1" 307
2026-02-07 11:41:10 - app.core.security - INFO - dispatch:32 - GET /api/v1/articles/ - 127.0.0.1
2026-02-07 11:41:10 - app.core.security - INFO - dispatch:40 - Response: 200 - 0.081s
2026-02-07 11:41:10 - uvicorn.access - INFO - send:505 - 127.0.0.1:53018 - "GET /api/v1/articles/?limit=30 HTTP/1.1" 200
2026-02-07 11:41:10 - app.core.security - INFO - dispatch:32 - GET /api/v1/articles/ - 127.0.0.1
2026-02-07 11:41:10 - app.core.security - INFO - dispatch:40 - Response: 200 - 0.066s
2026-02-07 11:41:10 - uvicorn.access - INFO - send:505 - 127.0.0.1:61436 - "GET /api/v1/articles/?limit=30 HTTP/1.1" 200
2026-02-07 11:41:11 - app.core.security - INFO - dispatch:32 - GET /api/v1/bookmarks/ - 127.0.0.1
2026-02-07 11:41:11 - app.core.security - INFO - dispatch:40 - Response: 404 - 0.002s
2026-02-07 11:41:11 - uvicorn.access - INFO - send:505 - 127.0.0.1:61436 - "GET /api/v1/bookmarks/ HTTP/1.1" 404
2026-02-07 11:41:38 - app.core.logging - INFO - setup_logging:71 - Logging system initialized
2026-02-07 11:41:41 - app.services.deduplicator - WARNING - <module>:12 - ML modules (torch/sentence-transformers) not found. Deduplication disabled.
2026-02-07 11:41:41 - uvicorn.error - INFO - serve:76 - Started server process [16752]
2026-02-07 11:41:41 - uvicorn.error - INFO - startup:48 - Waiting for application startup.
2026-02-07 11:41:41 - app.main - INFO - startup_event:51 - Background News Scraper Started
2026-02-07 11:41:41 - jobs - INFO - init_db:15 - Initializing database...
2026-02-07 11:41:41 - jobs - INFO - run_scraper_loop:25 - Starting Newsroom Ingestion Cycle #1 at 2026-02-07 11:41:41.241684
2026-02-07 11:41:41 - jobs - INFO - run_scraper_loop:30 - Scraping source: Reuters
2026-02-07 11:41:41 - app.services.scraper_v2 - INFO - get_links:108 - Scraping feed: https://www.reuters.com/world/
2026-02-07 11:41:41 - uvicorn.error - INFO - startup:62 - Application startup complete.
2026-02-07 11:41:45 - app.services.scraper_v2 - INFO - get_links:108 - Scraping feed: https://www.reuters.com/business/
2026-02-07 11:41:49 - app.services.scraper_v2 - INFO - get_links:108 - Scraping feed: https://www.reuters.com/technology/
2026-02-07 11:41:53 - app.services.scraper_v2 - INFO - get_links:108 - Scraping feed: https://www.reuters.com/science/
2026-02-07 11:41:55 - jobs - INFO - run_scraper_loop:30 - Scraping source: Associated Press
2026-02-07 11:41:55 - app.services.scraper_v2 - INFO - get_links:108 - Scraping feed: https://apnews.com/hub/politics
2026-02-07 11:42:54 - app.core.logging - INFO - setup_logging:71 - Logging system initialized
2026-02-07 11:43:06 - app.core.logging - INFO - setup_logging:71 - Logging system initialized
2026-02-07 11:43:31 - sentence_transformers.SentenceTransformer - INFO - __init__:219 - Use pytorch device_name: cpu
2026-02-07 11:43:31 - sentence_transformers.SentenceTransformer - INFO - __init__:227 - Load pretrained SentenceTransformer: all-MiniLM-L6-v2
2026-02-07 11:43:31 - sentence_transformers.SentenceTransformer - INFO - __init__:219 - Use pytorch device_name: cpu
2026-02-07 11:43:31 - sentence_transformers.SentenceTransformer - INFO - __init__:227 - Load pretrained SentenceTransformer: all-MiniLM-L6-v2
2026-02-07 11:43:32 - httpx - INFO - _send_single_request:1025 - HTTP Request: HEAD https://huggingface.co/sentence-transformers/all-MiniLM-L6-v2/resolve/main/modules.json "HTTP/1.1 307 Temporary Redirect"
2026-02-07 11:43:32 - httpx - INFO - _send_single_request:1025 - HTTP Request: HEAD https://huggingface.co/api/resolve-cache/models/sentence-transformers/all-MiniLM-L6-v2/c9745ed1d9f207416be6d2e6f8de32d1f16199bf/modules.json "HTTP/1.1 200 OK"
2026-02-07 11:43:32 - httpx - INFO - _send_single_request:1025 - HTTP Request: HEAD https://huggingface.co/sentence-transformers/all-MiniLM-L6-v2/resolve/main/modules.json "HTTP/1.1 307 Temporary Redirect"
2026-02-07 11:43:32 - httpx - INFO - _send_single_request:1025 - HTTP Request: HEAD https://huggingface.co/sentence-transformers/all-MiniLM-L6-v2/resolve/main/config_sentence_transformers.json "HTTP/1.1 307 Temporary Redirect"
2026-02-07 11:43:32 - httpx - INFO - _send_single_request:1025 - HTTP Request: HEAD https://huggingface.co/api/resolve-cache/models/sentence-transformers/all-MiniLM-L6-v2/c9745ed1d9f207416be6d2e6f8de32d1f16199bf/modules.json "HTTP/1.1 200 OK"
2026-02-07 11:43:32 - httpx - INFO - _send_single_request:1025 - HTTP Request: HEAD https://huggingface.co/api/resolve-cache/models/sentence-transformers/all-MiniLM-L6-v2/c9745ed1d9f207416be6d2e6f8de32d1f16199bf/config_sentence_transformers.json "HTTP/1.1 200 OK"
2026-02-07 11:43:32 - httpx - INFO - _send_single_request:1025 - HTTP Request: HEAD https://huggingface.co/sentence-transformers/all-MiniLM-L6-v2/resolve/main/config_sentence_transformers.json "HTTP/1.1 307 Temporary Redirect"
2026-02-07 11:43:32 - httpx - INFO - _send_single_request:1025 - HTTP Request: HEAD https://huggingface.co/sentence-transformers/all-MiniLM-L6-v2/resolve/main/config_sentence_transformers.json "HTTP/1.1 307 Temporary Redirect"
2026-02-07 11:43:32 - httpx - INFO - _send_single_request:1025 - HTTP Request: HEAD https://huggingface.co/api/resolve-cache/models/sentence-transformers/all-MiniLM-L6-v2/c9745ed1d9f207416be6d2e6f8de32d1f16199bf/config_sentence_transformers.json "HTTP/1.1 200 OK"
2026-02-07 11:43:33 - httpx - INFO - _send_single_request:1025 - HTTP Request: HEAD https://huggingface.co/sentence-transformers/all-MiniLM-L6-v2/resolve/main/README.md "HTTP/1.1 307 Temporary Redirect"
2026-02-07 11:43:33 - httpx - INFO - _send_single_request:1025 - HTTP Request: HEAD https://huggingface.co/sentence-transformers/all-MiniLM-L6-v2/resolve/main/config_sentence_transformers.json "HTTP/1.1 307 Temporary Redirect"
2026-02-07 11:43:33 - huggingface_hub.utils._http - WARNING - _warn_on_warning_headers:779 - Warning: You are sending unauthenticated requests to the HF Hub. Please set a HF_TOKEN to enable higher rate limits and faster downloads.
2026-02-07 11:43:33 - httpx - INFO - _send_single_request:1025 - HTTP Request: HEAD https://huggingface.co/api/resolve-cache/models/sentence-transformers/all-MiniLM-L6-v2/c9745ed1d9f207416be6d2e6f8de32d1f16199bf/config_sentence_transformers.json "HTTP/1.1 200 OK"
2026-02-07 11:43:33 - httpx - INFO - _send_single_request:1025 - HTTP Request: HEAD https://huggingface.co/api/resolve-cache/models/sentence-transformers/all-MiniLM-L6-v2/c9745ed1d9f207416be6d2e6f8de32d1f16199bf/README.md "HTTP/1.1 200 OK"
2026-02-07 11:43:33 - httpx - INFO - _send_single_request:1025 - HTTP Request: HEAD https://huggingface.co/sentence-transformers/all-MiniLM-L6-v2/resolve/main/README.md "HTTP/1.1 307 Temporary Redirect"
2026-02-07 11:43:33 - httpx - INFO - _send_single_request:1025 - HTTP Request: HEAD https://huggingface.co/sentence-transformers/all-MiniLM-L6-v2/resolve/main/modules.json "HTTP/1.1 307 Temporary Redirect"
2026-02-07 11:43:33 - httpx - INFO - _send_single_request:1025 - HTTP Request: HEAD https://huggingface.co/api/resolve-cache/models/sentence-transformers/all-MiniLM-L6-v2/c9745ed1d9f207416be6d2e6f8de32d1f16199bf/modules.json "HTTP/1.1 200 OK"
2026-02-07 11:43:33 - httpx - INFO - _send_single_request:1025 - HTTP Request: HEAD https://huggingface.co/api/resolve-cache/models/sentence-transformers/all-MiniLM-L6-v2/c9745ed1d9f207416be6d2e6f8de32d1f16199bf/README.md "HTTP/1.1 200 OK"
2026-02-07 11:43:33 - httpx - INFO - _send_single_request:1025 - HTTP Request: HEAD https://huggingface.co/sentence-transformers/all-MiniLM-L6-v2/resolve/main/modules.json "HTTP/1.1 307 Temporary Redirect"
2026-02-07 11:43:33 - httpx - INFO - _send_single_request:1025 - HTTP Request: HEAD https://huggingface.co/sentence-transformers/all-MiniLM-L6-v2/resolve/main/sentence_bert_config.json "HTTP/1.1 307 Temporary Redirect"
2026-02-07 11:43:33 - httpx - INFO - _send_single_request:1025 - HTTP Request: HEAD https://huggingface.co/api/resolve-cache/models/sentence-transformers/all-MiniLM-L6-v2/c9745ed1d9f207416be6d2e6f8de32d1f16199bf/sentence_bert_config.json "HTTP/1.1 200 OK"
2026-02-07 11:43:33 - httpx - INFO - _send_single_request:1025 - HTTP Request: HEAD https://huggingface.co/api/resolve-cache/models/sentence-transformers/all-MiniLM-L6-v2/c9745ed1d9f207416be6d2e6f8de32d1f16199bf/modules.json "HTTP/1.1 200 OK"
2026-02-07 11:43:33 - httpx - INFO - _send_single_request:1025 - HTTP Request: HEAD https://huggingface.co/sentence-transformers/all-MiniLM-L6-v2/resolve/main/sentence_bert_config.json "HTTP/1.1 307 Temporary Redirect"
2026-02-07 11:43:33 - httpx - INFO - _send_single_request:1025 - HTTP Request: HEAD https://huggingface.co/sentence-transformers/all-MiniLM-L6-v2/resolve/main/adapter_config.json "HTTP/1.1 404 Not Found"
2026-02-07 11:43:34 - httpx - INFO - _send_single_request:1025 - HTTP Request: HEAD https://huggingface.co/api/resolve-cache/models/sentence-transformers/all-MiniLM-L6-v2/c9745ed1d9f207416be6d2e6f8de32d1f16199bf/sentence_bert_config.json "HTTP/1.1 200 OK"
2026-02-07 11:43:34 - httpx - INFO - _send_single_request:1025 - HTTP Request: HEAD https://huggingface.co/sentence-transformers/all-MiniLM-L6-v2/resolve/main/adapter_config.json "HTTP/1.1 404 Not Found"
2026-02-07 11:43:34 - httpx - INFO - _send_single_request:1025 - HTTP Request: HEAD https://huggingface.co/sentence-transformers/all-MiniLM-L6-v2/resolve/main/config.json "HTTP/1.1 307 Temporary Redirect"
2026-02-07 11:43:34 - httpx - INFO - _send_single_request:1025 - HTTP Request: HEAD https://huggingface.co/api/resolve-cache/models/sentence-transformers/all-MiniLM-L6-v2/c9745ed1d9f207416be6d2e6f8de32d1f16199bf/config.json "HTTP/1.1 200 OK"
2026-02-07 11:43:34 - httpx - INFO - _send_single_request:1025 - HTTP Request: HEAD https://huggingface.co/sentence-transformers/all-MiniLM-L6-v2/resolve/main/config.json "HTTP/1.1 307 Temporary Redirect"
2026-02-07 11:43:34 - httpx - INFO - _send_single_request:1025 - HTTP Request: HEAD https://huggingface.co/api/resolve-cache/models/sentence-transformers/all-MiniLM-L6-v2/c9745ed1d9f207416be6d2e6f8de32d1f16199bf/config.json "HTTP/1.1 200 OK"
2026-02-07 11:43:34 - httpx - INFO - _send_single_request:1025 - HTTP Request: HEAD https://huggingface.co/sentence-transformers/all-MiniLM-L6-v2/resolve/main/config.json "HTTP/1.1 307 Temporary Redirect"
2026-02-07 11:43:34 - huggingface_hub.utils._http - WARNING - _warn_on_warning_headers:779 - Warning: You are sending unauthenticated requests to the HF Hub. Please set a HF_TOKEN to enable higher rate limits and faster downloads.
2026-02-07 11:43:34 - httpx - INFO - _send_single_request:1025 - HTTP Request: HEAD https://huggingface.co/api/resolve-cache/models/sentence-transformers/all-MiniLM-L6-v2/c9745ed1d9f207416be6d2e6f8de32d1f16199bf/config.json "HTTP/1.1 200 OK"
2026-02-07 11:43:35 - httpx - INFO - _send_single_request:1025 - HTTP Request: HEAD https://huggingface.co/sentence-transformers/all-MiniLM-L6-v2/resolve/main/config.json "HTTP/1.1 307 Temporary Redirect"
2026-02-07 11:43:35 - httpx - INFO - _send_single_request:1025 - HTTP Request: HEAD https://huggingface.co/api/resolve-cache/models/sentence-transformers/all-MiniLM-L6-v2/c9745ed1d9f207416be6d2e6f8de32d1f16199bf/config.json "HTTP/1.1 200 OK"
2026-02-07 11:43:35 - httpx - INFO - _send_single_request:1025 - HTTP Request: HEAD https://huggingface.co/sentence-transformers/all-MiniLM-L6-v2/resolve/main/tokenizer_config.json "HTTP/1.1 307 Temporary Redirect"
2026-02-07 11:43:35 - httpx - INFO - _send_single_request:1025 - HTTP Request: HEAD https://huggingface.co/api/resolve-cache/models/sentence-transformers/all-MiniLM-L6-v2/c9745ed1d9f207416be6d2e6f8de32d1f16199bf/tokenizer_config.json "HTTP/1.1 200 OK"
2026-02-07 11:43:35 - httpx - INFO - _send_single_request:1025 - HTTP Request: HEAD https://huggingface.co/sentence-transformers/all-MiniLM-L6-v2/resolve/main/tokenizer_config.json "HTTP/1.1 307 Temporary Redirect"
2026-02-07 11:43:35 - httpx - INFO - _send_single_request:1025 - HTTP Request: HEAD https://huggingface.co/api/resolve-cache/models/sentence-transformers/all-MiniLM-L6-v2/c9745ed1d9f207416be6d2e6f8de32d1f16199bf/tokenizer_config.json "HTTP/1.1 200 OK"
2026-02-07 11:43:35 - httpx - INFO - _send_single_request:1025 - HTTP Request: GET https://huggingface.co/api/models/sentence-transformers/all-MiniLM-L6-v2/tree/main/additional_chat_templates?recursive=false&expand=false "HTTP/1.1 404 Not Found"
2026-02-07 11:43:35 - httpx - INFO - _send_single_request:1025 - HTTP Request: GET https://huggingface.co/api/models/sentence-transformers/all-MiniLM-L6-v2/tree/main/additional_chat_templates?recursive=false&expand=false "HTTP/1.1 404 Not Found"
2026-02-07 11:43:35 - httpx - INFO - _send_single_request:1025 - HTTP Request: GET https://huggingface.co/api/models/sentence-transformers/all-MiniLM-L6-v2/tree/main?recursive=true&expand=false "HTTP/1.1 200 OK"
2026-02-07 11:43:35 - httpx - INFO - _send_single_request:1025 - HTTP Request: GET https://huggingface.co/api/models/sentence-transformers/all-MiniLM-L6-v2/tree/main?recursive=true&expand=false "HTTP/1.1 200 OK"
2026-02-07 11:43:36 - httpx - INFO - _send_single_request:1025 - HTTP Request: HEAD https://huggingface.co/sentence-transformers/all-MiniLM-L6-v2/resolve/main/1_Pooling/config.json "HTTP/1.1 307 Temporary Redirect"
2026-02-07 11:43:36 - httpx - INFO - _send_single_request:1025 - HTTP Request: HEAD https://huggingface.co/api/resolve-cache/models/sentence-transformers/all-MiniLM-L6-v2/c9745ed1d9f207416be6d2e6f8de32d1f16199bf/1_Pooling%2Fconfig.json "HTTP/1.1 200 OK"
2026-02-07 11:43:36 - httpx - INFO - _send_single_request:1025 - HTTP Request: HEAD https://huggingface.co/sentence-transformers/all-MiniLM-L6-v2/resolve/main/1_Pooling/config.json "HTTP/1.1 307 Temporary Redirect"
2026-02-07 11:43:36 - httpx - INFO - _send_single_request:1025 - HTTP Request: HEAD https://huggingface.co/api/resolve-cache/models/sentence-transformers/all-MiniLM-L6-v2/c9745ed1d9f207416be6d2e6f8de32d1f16199bf/1_Pooling%2Fconfig.json "HTTP/1.1 200 OK"
2026-02-07 11:43:36 - httpx - INFO - _send_single_request:1025 - HTTP Request: GET https://huggingface.co/api/models/sentence-transformers/all-MiniLM-L6-v2 "HTTP/1.1 200 OK"
2026-02-07 11:43:36 - httpx - INFO - _send_single_request:1025 - HTTP Request: GET https://huggingface.co/api/models/sentence-transformers/all-MiniLM-L6-v2 "HTTP/1.1 200 OK"
2026-02-07 11:43:36 - app.services.deduplicator - INFO - __init__:20 - Deduplicator loaded on cpu
2026-02-07 11:43:36 - app.services.deduplicator - INFO - __init__:20 - Deduplicator loaded on cpu
2026-02-07 11:43:36 - uvicorn.error - INFO - _serve:84 - Started server process [20208]
2026-02-07 11:43:36 - uvicorn.error - INFO - startup:48 - Waiting for application startup.
2026-02-07 11:43:36 - app.main - INFO - startup_event:51 - Background News Scraper Started
2026-02-07 11:43:36 - jobs - INFO - init_db:15 - Initializing database...
2026-02-07 11:43:36 - jobs - INFO - run_scraper_loop:25 - Starting Newsroom Ingestion Cycle #1 at 2026-02-07 11:43:36.543654
2026-02-07 11:43:36 - jobs - INFO - run_scraper_loop:30 - Scraping source: Reuters
2026-02-07 11:43:36 - app.services.scraper_v2 - INFO - get_links:108 - Scraping feed: https://www.reuters.com/world/
2026-02-07 11:43:36 - uvicorn.error - INFO - startup:62 - Application startup complete.
2026-02-07 11:43:36 - uvicorn.error - INFO - _serve:84 - Started server process [17312]
2026-02-07 11:43:36 - uvicorn.error - INFO - startup:48 - Waiting for application startup.
2026-02-07 11:43:36 - app.main - INFO - startup_event:51 - Background News Scraper Started
2026-02-07 11:43:36 - jobs - INFO - init_db:15 - Initializing database...
2026-02-07 11:43:36 - jobs - INFO - run_scraper_loop:25 - Starting Newsroom Ingestion Cycle #1 at 2026-02-07 11:43:36.578825
2026-02-07 11:43:36 - jobs - INFO - run_scraper_loop:30 - Scraping source: Reuters
2026-02-07 11:43:36 - app.services.scraper_v2 - INFO - get_links:108 - Scraping feed: https://www.reuters.com/world/
2026-02-07 11:43:36 - uvicorn.error - INFO - startup:62 - Application startup complete.
2026-02-07 11:43:39 - app.services.scraper_v2 - INFO - get_links:108 - Scraping feed: https://www.reuters.com/business/
2026-02-07 11:43:39 - app.services.scraper_v2 - INFO - get_links:108 - Scraping feed: https://www.reuters.com/business/
2026-02-07 11:43:42 - app.services.scraper_v2 - INFO - get_links:108 - Scraping feed: https://www.reuters.com/technology/
2026-02-07 11:43:42 - app.services.scraper_v2 - INFO - get_links:108 - Scraping feed: https://www.reuters.com/technology/
2026-02-07 11:43:42 - app.core.security - INFO - dispatch:32 - HEAD /health - 127.0.0.1
2026-02-07 11:43:42 - app.core.security - INFO - dispatch:40 - Response: 405 - 0.002s
2026-02-07 11:43:42 - uvicorn.access - INFO - send:483 - 127.0.0.1:56279 - "HEAD /health HTTP/1.1" 405
2026-02-07 11:43:43 - app.services.scraper_v2 - INFO - get_links:108 - Scraping feed: https://www.reuters.com/science/
2026-02-07 11:43:44 - app.services.scraper_v2 - INFO - get_links:108 - Scraping feed: https://www.reuters.com/science/
2026-02-07 11:43:47 - jobs - INFO - run_scraper_loop:30 - Scraping source: Associated Press
2026-02-07 11:43:47 - app.services.scraper_v2 - INFO - get_links:108 - Scraping feed: https://apnews.com/hub/politics
2026-02-07 11:43:47 - jobs - INFO - run_scraper_loop:30 - Scraping source: Associated Press
2026-02-07 11:43:47 - app.services.scraper_v2 - INFO - get_links:108 - Scraping feed: https://apnews.com/hub/politics
2026-02-07 11:43:51 - app.core.security - INFO - dispatch:32 - GET /health - 127.0.0.1
2026-02-07 11:43:51 - app.core.security - INFO - dispatch:40 - Response: 200 - 0.009s
2026-02-07 11:43:51 - uvicorn.access - INFO - send:483 - 127.0.0.1:56293 - "GET /health HTTP/1.1" 200
2026-02-07 11:43:59 - app.core.security - INFO - dispatch:32 - GET /api/v1/bookmarks/ - 127.0.0.1
2026-02-07 11:43:59 - app.core.security - INFO - dispatch:40 - Response: 401 - 0.006s
2026-02-07 11:43:59 - uvicorn.access - INFO - send:483 - 127.0.0.1:56311 - "GET /api/v1/bookmarks/ HTTP/1.1" 401
2026-02-07 11:44:09 - app.services.scraper_v2 - INFO - get_links:108 - Scraping feed: https://apnews.com/hub/business
2026-02-07 11:44:17 - app.services.scraper_v2 - INFO - get_links:108 - Scraping feed: https://apnews.com/hub/business
2026-02-07 11:44:28 - app.services.scraper_v2 - INFO - get_links:108 - Scraping feed: https://apnews.com/hub/science
2026-02-07 11:44:46 - uvicorn.error - INFO - shutdown:264 - Shutting down
2026-02-07 11:44:46 - uvicorn.error - INFO - shutdown:264 - Shutting down
2026-02-07 11:44:46 - uvicorn.error - INFO - shutdown:67 - Waiting for application shutdown.
2026-02-07 11:44:46 - uvicorn.error - INFO - shutdown:76 - Application shutdown complete.
2026-02-07 11:44:46 - uvicorn.error - INFO - _serve:94 - Finished server process [20208]
2026-02-07 11:44:46 - uvicorn.error - INFO - shutdown:67 - Waiting for application shutdown.
2026-02-07 11:44:46 - uvicorn.error - INFO - shutdown:76 - Application shutdown complete.
2026-02-07 11:44:46 - uvicorn.error - INFO - _serve:94 - Finished server process [17312]
2026-02-07 11:44:48 - app.services.scraper_v2 - INFO - get_links:108 - Scraping feed: https://apnews.com/hub/science
2026-02-07 11:44:52 - app.services.scraper_v2 - INFO - get_links:108 - Scraping feed: https://apnews.com/hub/health
2026-02-07 11:45:15 - app.services.scraper_v2 - INFO - get_links:108 - Scraping feed: https://apnews.com/hub/health
2026-02-07 11:45:26 - app.core.logging - INFO - setup_logging:71 - Logging system initialized
2026-02-07 11:45:37 - sentence_transformers.SentenceTransformer - INFO - __init__:219 - Use pytorch device_name: cpu
2026-02-07 11:45:37 - sentence_transformers.SentenceTransformer - INFO - __init__:227 - Load pretrained SentenceTransformer: all-MiniLM-L6-v2
2026-02-07 11:45:37 - httpx - INFO - _send_single_request:1025 - HTTP Request: HEAD https://huggingface.co/sentence-transformers/all-MiniLM-L6-v2/resolve/main/modules.json "HTTP/1.1 307 Temporary Redirect"
2026-02-07 11:45:38 - httpx - INFO - _send_single_request:1025 - HTTP Request: HEAD https://huggingface.co/api/resolve-cache/models/sentence-transformers/all-MiniLM-L6-v2/c9745ed1d9f207416be6d2e6f8de32d1f16199bf/modules.json "HTTP/1.1 200 OK"
2026-02-07 11:45:38 - httpx - INFO - _send_single_request:1025 - HTTP Request: HEAD https://huggingface.co/sentence-transformers/all-MiniLM-L6-v2/resolve/main/config_sentence_transformers.json "HTTP/1.1 307 Temporary Redirect"
2026-02-07 11:45:38 - httpx - INFO - _send_single_request:1025 - HTTP Request: HEAD https://huggingface.co/api/resolve-cache/models/sentence-transformers/all-MiniLM-L6-v2/c9745ed1d9f207416be6d2e6f8de32d1f16199bf/config_sentence_transformers.json "HTTP/1.1 200 OK"
2026-02-07 11:45:38 - httpx - INFO - _send_single_request:1025 - HTTP Request: HEAD https://huggingface.co/sentence-transformers/all-MiniLM-L6-v2/resolve/main/config_sentence_transformers.json "HTTP/1.1 307 Temporary Redirect"
2026-02-07 11:45:38 - httpx - INFO - _send_single_request:1025 - HTTP Request: HEAD https://huggingface.co/api/resolve-cache/models/sentence-transformers/all-MiniLM-L6-v2/c9745ed1d9f207416be6d2e6f8de32d1f16199bf/config_sentence_transformers.json "HTTP/1.1 200 OK"
2026-02-07 11:45:38 - httpx - INFO - _send_single_request:1025 - HTTP Request: HEAD https://huggingface.co/sentence-transformers/all-MiniLM-L6-v2/resolve/main/README.md "HTTP/1.1 307 Temporary Redirect"
2026-02-07 11:45:39 - httpx - INFO - _send_single_request:1025 - HTTP Request: HEAD https://huggingface.co/api/resolve-cache/models/sentence-transformers/all-MiniLM-L6-v2/c9745ed1d9f207416be6d2e6f8de32d1f16199bf/README.md "HTTP/1.1 200 OK"
2026-02-07 11:45:39 - httpx - INFO - _send_single_request:1025 - HTTP Request: HEAD https://huggingface.co/sentence-transformers/all-MiniLM-L6-v2/resolve/main/modules.json "HTTP/1.1 307 Temporary Redirect"
2026-02-07 11:45:39 - httpx - INFO - _send_single_request:1025 - HTTP Request: HEAD https://huggingface.co/api/resolve-cache/models/sentence-transformers/all-MiniLM-L6-v2/c9745ed1d9f207416be6d2e6f8de32d1f16199bf/modules.json "HTTP/1.1 200 OK"
2026-02-07 11:45:39 - httpx - INFO - _send_single_request:1025 - HTTP Request: HEAD https://huggingface.co/sentence-transformers/all-MiniLM-L6-v2/resolve/main/sentence_bert_config.json "HTTP/1.1 307 Temporary Redirect"
2026-02-07 11:45:39 - httpx - INFO - _send_single_request:1025 - HTTP Request: HEAD https://huggingface.co/api/resolve-cache/models/sentence-transformers/all-MiniLM-L6-v2/c9745ed1d9f207416be6d2e6f8de32d1f16199bf/sentence_bert_config.json "HTTP/1.1 200 OK"
2026-02-07 11:45:39 - httpx - INFO - _send_single_request:1025 - HTTP Request: HEAD https://huggingface.co/sentence-transformers/all-MiniLM-L6-v2/resolve/main/adapter_config.json "HTTP/1.1 404 Not Found"
2026-02-07 11:45:40 - httpx - INFO - _send_single_request:1025 - HTTP Request: HEAD https://huggingface.co/sentence-transformers/all-MiniLM-L6-v2/resolve/main/config.json "HTTP/1.1 307 Temporary Redirect"
2026-02-07 11:45:40 - httpx - INFO - _send_single_request:1025 - HTTP Request: HEAD https://huggingface.co/api/resolve-cache/models/sentence-transformers/all-MiniLM-L6-v2/c9745ed1d9f207416be6d2e6f8de32d1f16199bf/config.json "HTTP/1.1 200 OK"
2026-02-07 11:45:40 - httpx - INFO - _send_single_request:1025 - HTTP Request: HEAD https://huggingface.co/sentence-transformers/all-MiniLM-L6-v2/resolve/main/config.json "HTTP/1.1 307 Temporary Redirect"
2026-02-07 11:45:40 - huggingface_hub.utils._http - WARNING - _warn_on_warning_headers:779 - Warning: You are sending unauthenticated requests to the HF Hub. Please set a HF_TOKEN to enable higher rate limits and faster downloads.
2026-02-07 11:45:40 - httpx - INFO - _send_single_request:1025 - HTTP Request: HEAD https://huggingface.co/api/resolve-cache/models/sentence-transformers/all-MiniLM-L6-v2/c9745ed1d9f207416be6d2e6f8de32d1f16199bf/config.json "HTTP/1.1 200 OK"
2026-02-07 11:45:40 - httpx - INFO - _send_single_request:1025 - HTTP Request: HEAD https://huggingface.co/sentence-transformers/all-MiniLM-L6-v2/resolve/main/tokenizer_config.json "HTTP/1.1 307 Temporary Redirect"
2026-02-07 11:45:40 - httpx - INFO - _send_single_request:1025 - HTTP Request: HEAD https://huggingface.co/api/resolve-cache/models/sentence-transformers/all-MiniLM-L6-v2/c9745ed1d9f207416be6d2e6f8de32d1f16199bf/tokenizer_config.json "HTTP/1.1 200 OK"
2026-02-07 11:45:41 - httpx - INFO - _send_single_request:1025 - HTTP Request: GET https://huggingface.co/api/models/sentence-transformers/all-MiniLM-L6-v2/tree/main/additional_chat_templates?recursive=false&expand=false "HTTP/1.1 404 Not Found"
2026-02-07 11:45:41 - httpx - INFO - _send_single_request:1025 - HTTP Request: GET https://huggingface.co/api/models/sentence-transformers/all-MiniLM-L6-v2/tree/main?recursive=true&expand=false "HTTP/1.1 200 OK"
2026-02-07 11:45:41 - httpx - INFO - _send_single_request:1025 - HTTP Request: HEAD https://huggingface.co/sentence-transformers/all-MiniLM-L6-v2/resolve/main/1_Pooling/config.json "HTTP/1.1 307 Temporary Redirect"
2026-02-07 11:45:41 - httpx - INFO - _send_single_request:1025 - HTTP Request: HEAD https://huggingface.co/api/resolve-cache/models/sentence-transformers/all-MiniLM-L6-v2/c9745ed1d9f207416be6d2e6f8de32d1f16199bf/1_Pooling%2Fconfig.json "HTTP/1.1 200 OK"
2026-02-07 11:45:41 - httpx - INFO - _send_single_request:1025 - HTTP Request: GET https://huggingface.co/api/models/sentence-transformers/all-MiniLM-L6-v2 "HTTP/1.1 200 OK"
2026-02-07 11:45:41 - app.services.deduplicator - INFO - __init__:20 - Deduplicator loaded on cpu
2026-02-07 11:45:42 - uvicorn.error - INFO - _serve:84 - Started server process [18684]
2026-02-07 11:45:42 - uvicorn.error - INFO - startup:48 - Waiting for application startup.
2026-02-07 11:45:42 - app.main - INFO - startup_event:51 - Background News Scraper Started
2026-02-07 11:45:42 - jobs - INFO - init_db:15 - Initializing database...
2026-02-07 11:45:42 - jobs - INFO - run_scraper_loop:25 - Starting Newsroom Ingestion Cycle #1 at 2026-02-07 11:45:42.007422
2026-02-07 11:45:42 - jobs - INFO - run_scraper_loop:30 - Scraping source: Reuters
2026-02-07 11:45:42 - app.services.scraper_v2 - INFO - get_links:108 - Scraping feed: https://www.reuters.com/world/
2026-02-07 11:45:42 - uvicorn.error - INFO - startup:62 - Application startup complete.
2026-02-07 11:45:45 - app.services.scraper_v2 - INFO - get_links:108 - Scraping feed: https://www.reuters.com/business/
2026-02-07 11:45:47 - app.services.scraper_v2 - INFO - get_links:108 - Scraping feed: https://www.reuters.com/technology/
2026-02-07 11:45:50 - app.services.scraper_v2 - INFO - get_links:108 - Scraping feed: https://www.reuters.com/science/
2026-02-07 11:45:52 - jobs - INFO - run_scraper_loop:30 - Scraping source: Associated Press
2026-02-07 11:45:52 - app.services.scraper_v2 - INFO - get_links:108 - Scraping feed: https://apnews.com/hub/politics
2026-02-07 11:45:55 - app.core.logging - INFO - setup_logging:71 - Logging system initialized
2026-02-07 11:46:01 - sentence_transformers.SentenceTransformer - INFO - __init__:219 - Use pytorch device_name: cpu
2026-02-07 11:46:01 - sentence_transformers.SentenceTransformer - INFO - __init__:227 - Load pretrained SentenceTransformer: all-MiniLM-L6-v2
2026-02-07 11:46:08 - httpx - INFO - _send_single_request:1025 - HTTP Request: HEAD https://huggingface.co/sentence-transformers/all-MiniLM-L6-v2/resolve/main/modules.json "HTTP/1.1 307 Temporary Redirect"
2026-02-07 11:46:08 - httpx - INFO - _send_single_request:1025 - HTTP Request: HEAD https://huggingface.co/api/resolve-cache/models/sentence-transformers/all-MiniLM-L6-v2/c9745ed1d9f207416be6d2e6f8de32d1f16199bf/modules.json "HTTP/1.1 200 OK"
2026-02-07 11:46:09 - httpx - INFO - _send_single_request:1025 - HTTP Request: HEAD https://huggingface.co/sentence-transformers/all-MiniLM-L6-v2/resolve/main/config_sentence_transformers.json "HTTP/1.1 307 Temporary Redirect"
2026-02-07 11:46:09 - httpx - INFO - _send_single_request:1025 - HTTP Request: HEAD https://huggingface.co/api/resolve-cache/models/sentence-transformers/all-MiniLM-L6-v2/c9745ed1d9f207416be6d2e6f8de32d1f16199bf/config_sentence_transformers.json "HTTP/1.1 200 OK"
2026-02-07 11:46:09 - httpx - INFO - _send_single_request:1025 - HTTP Request: HEAD https://huggingface.co/sentence-transformers/all-MiniLM-L6-v2/resolve/main/config_sentence_transformers.json "HTTP/1.1 307 Temporary Redirect"
2026-02-07 11:46:09 - httpx - INFO - _send_single_request:1025 - HTTP Request: HEAD https://huggingface.co/api/resolve-cache/models/sentence-transformers/all-MiniLM-L6-v2/c9745ed1d9f207416be6d2e6f8de32d1f16199bf/config_sentence_transformers.json "HTTP/1.1 200 OK"
2026-02-07 11:46:09 - httpx - INFO - _send_single_request:1025 - HTTP Request: HEAD https://huggingface.co/sentence-transformers/all-MiniLM-L6-v2/resolve/main/README.md "HTTP/1.1 307 Temporary Redirect"
2026-02-07 11:46:09 - httpx - INFO - _send_single_request:1025 - HTTP Request: HEAD https://huggingface.co/api/resolve-cache/models/sentence-transformers/all-MiniLM-L6-v2/c9745ed1d9f207416be6d2e6f8de32d1f16199bf/README.md "HTTP/1.1 200 OK"
2026-02-07 11:46:10 - httpx - INFO - _send_single_request:1025 - HTTP Request: HEAD https://huggingface.co/sentence-transformers/all-MiniLM-L6-v2/resolve/main/modules.json "HTTP/1.1 307 Temporary Redirect"
2026-02-07 11:46:10 - httpx - INFO - _send_single_request:1025 - HTTP Request: HEAD https://huggingface.co/api/resolve-cache/models/sentence-transformers/all-MiniLM-L6-v2/c9745ed1d9f207416be6d2e6f8de32d1f16199bf/modules.json "HTTP/1.1 200 OK"
2026-02-07 11:46:10 - httpx - INFO - _send_single_request:1025 - HTTP Request: HEAD https://huggingface.co/sentence-transformers/all-MiniLM-L6-v2/resolve/main/sentence_bert_config.json "HTTP/1.1 307 Temporary Redirect"
2026-02-07 11:46:10 - httpx - INFO - _send_single_request:1025 - HTTP Request: HEAD https://huggingface.co/api/resolve-cache/models/sentence-transformers/all-MiniLM-L6-v2/c9745ed1d9f207416be6d2e6f8de32d1f16199bf/sentence_bert_config.json "HTTP/1.1 200 OK"
2026-02-07 11:46:10 - httpx - INFO - _send_single_request:1025 - HTTP Request: HEAD https://huggingface.co/sentence-transformers/all-MiniLM-L6-v2/resolve/main/adapter_config.json "HTTP/1.1 404 Not Found"
2026-02-07 11:46:10 - httpx - INFO - _send_single_request:1025 - HTTP Request: HEAD https://huggingface.co/sentence-transformers/all-MiniLM-L6-v2/resolve/main/config.json "HTTP/1.1 307 Temporary Redirect"
2026-02-07 11:46:11 - httpx - INFO - _send_single_request:1025 - HTTP Request: HEAD https://huggingface.co/api/resolve-cache/models/sentence-transformers/all-MiniLM-L6-v2/c9745ed1d9f207416be6d2e6f8de32d1f16199bf/config.json "HTTP/1.1 200 OK"
2026-02-07 11:46:11 - httpx - INFO - _send_single_request:1025 - HTTP Request: HEAD https://huggingface.co/sentence-transformers/all-MiniLM-L6-v2/resolve/main/config.json "HTTP/1.1 307 Temporary Redirect"
2026-02-07 11:46:11 - httpx - INFO - _send_single_request:1025 - HTTP Request: HEAD https://huggingface.co/api/resolve-cache/models/sentence-transformers/all-MiniLM-L6-v2/c9745ed1d9f207416be6d2e6f8de32d1f16199bf/config.json "HTTP/1.1 200 OK"
2026-02-07 11:46:11 - httpx - INFO - _send_single_request:1025 - HTTP Request: HEAD https://huggingface.co/sentence-transformers/all-MiniLM-L6-v2/resolve/main/tokenizer_config.json "HTTP/1.1 307 Temporary Redirect"
2026-02-07 11:46:11 - httpx - INFO - _send_single_request:1025 - HTTP Request: HEAD https://huggingface.co/api/resolve-cache/models/sentence-transformers/all-MiniLM-L6-v2/c9745ed1d9f207416be6d2e6f8de32d1f16199bf/tokenizer_config.json "HTTP/1.1 200 OK"
2026-02-07 11:46:11 - httpx - INFO - _send_single_request:1025 - HTTP Request: GET https://huggingface.co/api/models/sentence-transformers/all-MiniLM-L6-v2/tree/main/additional_chat_templates?recursive=false&expand=false "HTTP/1.1 404 Not Found"
2026-02-07 11:46:12 - httpx - INFO - _send_single_request:1025 - HTTP Request: GET https://huggingface.co/api/models/sentence-transformers/all-MiniLM-L6-v2/tree/main?recursive=true&expand=false "HTTP/1.1 200 OK"
2026-02-07 11:46:12 - httpx - INFO - _send_single_request:1025 - HTTP Request: HEAD https://huggingface.co/sentence-transformers/all-MiniLM-L6-v2/resolve/main/1_Pooling/config.json "HTTP/1.1 307 Temporary Redirect"
2026-02-07 11:46:12 - httpx - INFO - _send_single_request:1025 - HTTP Request: HEAD https://huggingface.co/api/resolve-cache/models/sentence-transformers/all-MiniLM-L6-v2/c9745ed1d9f207416be6d2e6f8de32d1f16199bf/1_Pooling%2Fconfig.json "HTTP/1.1 200 OK"
2026-02-07 11:46:12 - httpx - INFO - _send_single_request:1025 - HTTP Request: GET https://huggingface.co/api/models/sentence-transformers/all-MiniLM-L6-v2 "HTTP/1.1 200 OK"
2026-02-07 11:46:13 - app.services.deduplicator - INFO - __init__:20 - Deduplicator loaded on cpu
2026-02-07 11:46:13 - uvicorn.error - INFO - _serve:84 - Started server process [12344]
2026-02-07 11:46:13 - uvicorn.error - INFO - startup:48 - Waiting for application startup.
2026-02-07 11:46:13 - app.main - INFO - startup_event:51 - Background News Scraper Started
2026-02-07 11:46:13 - jobs - INFO - init_db:15 - Initializing database...
2026-02-07 11:46:13 - jobs - INFO - run_scraper_loop:25 - Starting Newsroom Ingestion Cycle #1 at 2026-02-07 11:46:13.049062
2026-02-07 11:46:13 - jobs - INFO - run_scraper_loop:30 - Scraping source: Reuters
2026-02-07 11:46:13 - app.services.scraper_v2 - INFO - get_links:108 - Scraping feed: https://www.reuters.com/world/
2026-02-07 11:46:13 - uvicorn.error - INFO - startup:62 - Application startup complete.
2026-02-07 11:46:13 - app.core.security - INFO - dispatch:32 - GET /api/v1/bookmarks - 127.0.0.1
2026-02-07 11:46:13 - app.core.security - INFO - dispatch:40 - Response: 401 - 0.005s
2026-02-07 11:46:13 - uvicorn.access - INFO - send:483 - 127.0.0.1:60917 - "GET /api/v1/bookmarks HTTP/1.1" 401
2026-02-07 11:46:16 - app.services.scraper_v2 - INFO - get_links:108 - Scraping feed: https://www.reuters.com/business/
2026-02-07 11:46:17 - app.services.scraper_v2 - INFO - get_links:108 - Scraping feed: https://www.reuters.com/technology/
2026-02-07 11:46:20 - app.services.scraper_v2 - INFO - get_links:108 - Scraping feed: https://www.reuters.com/science/
2026-02-07 11:46:22 - jobs - INFO - run_scraper_loop:30 - Scraping source: Associated Press
2026-02-07 11:46:22 - app.services.scraper_v2 - INFO - get_links:108 - Scraping feed: https://apnews.com/hub/politics
2026-02-07 11:46:25 - app.services.scraper_v2 - INFO - get_links:108 - Scraping feed: https://apnews.com/hub/business
2026-02-07 11:46:28 - app.core.logging - INFO - setup_logging:71 - Logging system initialized
2026-02-07 11:46:30 - app.services.deduplicator - WARNING - <module>:12 - ML modules (torch/sentence-transformers) not found. Deduplication disabled.
2026-02-07 11:46:30 - uvicorn.error - INFO - serve:76 - Started server process [23460]
2026-02-07 11:46:30 - uvicorn.error - INFO - startup:48 - Waiting for application startup.
2026-02-07 11:46:30 - app.main - INFO - startup_event:51 - Background News Scraper Started
2026-02-07 11:46:30 - jobs - INFO - init_db:15 - Initializing database...
2026-02-07 11:46:30 - jobs - INFO - run_scraper_loop:25 - Starting Newsroom Ingestion Cycle #1 at 2026-02-07 11:46:30.356244
2026-02-07 11:46:30 - jobs - INFO - run_scraper_loop:30 - Scraping source: Reuters
2026-02-07 11:46:30 - app.services.scraper_v2 - INFO - get_links:108 - Scraping feed: https://www.reuters.com/world/
2026-02-07 11:46:30 - uvicorn.error - INFO - startup:62 - Application startup complete.
2026-02-07 11:46:33 - app.services.scraper_v2 - INFO - get_links:108 - Scraping feed: https://www.reuters.com/business/
2026-02-07 11:46:34 - app.services.scraper_v2 - INFO - get_links:108 - Scraping feed: https://www.reuters.com/technology/
2026-02-07 11:46:37 - app.services.scraper_v2 - INFO - get_links:108 - Scraping feed: https://www.reuters.com/science/
2026-02-07 11:46:38 - app.core.security - INFO - dispatch:32 - GET /health - 127.0.0.1
2026-02-07 11:46:38 - app.core.security - INFO - dispatch:40 - Response: 200 - 0.004s
2026-02-07 11:46:38 - uvicorn.access - INFO - send:483 - 127.0.0.1:62062 - "GET /health HTTP/1.1" 200
2026-02-07 11:46:38 - app.core.security - INFO - dispatch:32 - GET /api/v1/trending - 127.0.0.1
2026-02-07 11:46:38 - app.core.security - INFO - dispatch:40 - Response: 307 - 0.001s
2026-02-07 11:46:38 - uvicorn.access - INFO - send:483 - 127.0.0.1:62062 - "GET /api/v1/trending HTTP/1.1" 307
2026-02-07 11:46:38 - app.core.security - INFO - dispatch:32 - GET /api/v1/articles - 127.0.0.1
2026-02-07 11:46:38 - app.core.security - INFO - dispatch:40 - Response: 307 - 0.001s
2026-02-07 11:46:38 - uvicorn.access - INFO - send:483 - 127.0.0.1:62063 - "GET /api/v1/articles?limit=20 HTTP/1.1" 307
2026-02-07 11:46:38 - app.core.security - INFO - dispatch:32 - GET /api/v1/trending/ - 127.0.0.1
2026-02-07 11:46:38 - app.core.security - INFO - dispatch:32 - GET /api/v1/articles/ - 127.0.0.1
2026-02-07 11:46:38 - app.core.security - INFO - dispatch:40 - Response: 200 - 0.028s
2026-02-07 11:46:38 - uvicorn.access - INFO - send:483 - 127.0.0.1:62064 - "GET /api/v1/trending/ HTTP/1.1" 200
2026-02-07 11:46:38 - app.core.security - INFO - dispatch:32 - GET /api/v1/articles - 127.0.0.1
2026-02-07 11:46:38 - app.core.security - INFO - dispatch:40 - Response: 307 - 0.001s
2026-02-07 11:46:38 - uvicorn.access - INFO - send:483 - 127.0.0.1:62063 - "GET /api/v1/articles?category=World&limit=20 HTTP/1.1" 307
2026-02-07 11:46:38 - app.core.security - INFO - dispatch:32 - GET /api/v1/articles - 127.0.0.1
2026-02-07 11:46:38 - app.core.security - INFO - dispatch:32 - GET /api/v1/articles - 127.0.0.1
2026-02-07 11:46:38 - app.core.security - INFO - dispatch:40 - Response: 307 - 0.002s
2026-02-07 11:46:38 - uvicorn.access - INFO - send:483 - 127.0.0.1:62065 - "GET /api/v1/articles?category=Business&limit=20 HTTP/1.1" 307
2026-02-07 11:46:38 - app.core.security - INFO - dispatch:40 - Response: 307 - 0.002s
2026-02-07 11:46:38 - uvicorn.access - INFO - send:483 - 127.0.0.1:62066 - "GET /api/v1/articles?category=Technology&limit=20 HTTP/1.1" 307
2026-02-07 11:46:38 - app.core.security - INFO - dispatch:32 - GET /api/v1/articles - 127.0.0.1
2026-02-07 11:46:38 - app.core.security - INFO - dispatch:32 - GET /api/v1/articles - 127.0.0.1
2026-02-07 11:46:38 - app.core.security - INFO - dispatch:32 - GET /api/v1/articles - 127.0.0.1
2026-02-07 11:46:38 - app.core.security - INFO - dispatch:32 - GET /api/v1/articles - 127.0.0.1
2026-02-07 11:46:38 - app.core.security - INFO - dispatch:32 - GET /api/v1/articles - 127.0.0.1
2026-02-07 11:46:38 - app.core.security - INFO - dispatch:32 - GET /api/v1/articles - 127.0.0.1
2026-02-07 11:46:38 - app.core.security - INFO - dispatch:32 - GET /api/v1/articles - 127.0.0.1
2026-02-07 11:46:38 - app.core.security - INFO - dispatch:32 - GET /api/v1/articles/ - 127.0.0.1
2026-02-07 11:46:38 - app.core.security - INFO - dispatch:32 - GET /api/v1/articles - 127.0.0.1
2026-02-07 11:46:38 - app.core.security - INFO - dispatch:32 - GET /api/v1/articles/ - 127.0.0.1
2026-02-07 11:46:38 - app.core.security - INFO - dispatch:40 - Response: 307 - 0.009s
2026-02-07 11:46:38 - app.core.security - INFO - dispatch:32 - GET /api/v1/articles/ - 127.0.0.1
2026-02-07 11:46:38 - uvicorn.access - INFO - send:483 - 127.0.0.1:62067 - "GET /api/v1/articles?category=AI+%26+Startups&limit=20 HTTP/1.1" 307
2026-02-07 11:46:38 - app.core.security - INFO - dispatch:40 - Response: 307 - 0.010s
2026-02-07 11:46:38 - app.core.security - INFO - dispatch:40 - Response: 307 - 0.010s
2026-02-07 11:46:38 - uvicorn.access - INFO - send:483 - 127.0.0.1:62068 - "GET /api/v1/articles?category=Health&limit=20 HTTP/1.1" 307
2026-02-07 11:46:38 - uvicorn.access - INFO - send:483 - 127.0.0.1:62069 - "GET /api/v1/articles?category=Science&limit=20 HTTP/1.1" 307
2026-02-07 11:46:38 - app.core.security - INFO - dispatch:40 - Response: 307 - 0.011s
2026-02-07 11:46:38 - app.core.security - INFO - dispatch:40 - Response: 307 - 0.011s
2026-02-07 11:46:38 - app.core.security - INFO - dispatch:40 - Response: 307 - 0.010s
2026-02-07 11:46:38 - app.core.security - INFO - dispatch:40 - Response: 307 - 0.012s
2026-02-07 11:46:38 - app.core.security - INFO - dispatch:40 - Response: 307 - 0.012s
2026-02-07 11:46:38 - uvicorn.access - INFO - send:483 - 127.0.0.1:62071 - "GET /api/v1/articles?category=Politics&limit=20 HTTP/1.1" 307
2026-02-07 11:46:38 - uvicorn.access - INFO - send:483 - 127.0.0.1:62072 - "GET /api/v1/articles?category=Sports&limit=20 HTTP/1.1" 307
2026-02-07 11:46:38 - uvicorn.access - INFO - send:483 - 127.0.0.1:62070 - "GET /api/v1/articles?category=Culture&limit=20 HTTP/1.1" 307
2026-02-07 11:46:38 - uvicorn.access - INFO - send:483 - 127.0.0.1:62073 - "GET /api/v1/articles?category=Education&limit=20 HTTP/1.1" 307
2026-02-07 11:46:38 - uvicorn.access - INFO - send:483 - 127.0.0.1:62074 - "GET /api/v1/articles?category=Environment&limit=20 HTTP/1.1" 307
2026-02-07 11:46:38 - app.core.security - INFO - dispatch:32 - GET /api/v1/articles/ - 127.0.0.1
2026-02-07 11:46:38 - app.core.security - INFO - dispatch:32 - GET /api/v1/articles/ - 127.0.0.1
2026-02-07 11:46:38 - app.core.security - INFO - dispatch:32 - GET /api/v1/articles/ - 127.0.0.1
2026-02-07 11:46:38 - app.core.security - INFO - dispatch:32 - GET /api/v1/articles/ - 127.0.0.1
2026-02-07 11:46:38 - app.core.security - INFO - dispatch:32 - GET /api/v1/articles/ - 127.0.0.1
2026-02-07 11:46:38 - app.core.security - INFO - dispatch:32 - GET /api/v1/articles/ - 127.0.0.1
2026-02-07 11:46:38 - app.core.security - INFO - dispatch:32 - GET /api/v1/articles/ - 127.0.0.1
2026-02-07 11:46:38 - app.core.security - INFO - dispatch:32 - GET /api/v1/articles/ - 127.0.0.1
2026-02-07 11:46:38 - app.core.security - INFO - dispatch:40 - Response: 200 - 0.469s
2026-02-07 11:46:38 - app.core.security - INFO - dispatch:40 - Response: 200 - 0.256s
2026-02-07 11:46:38 - uvicorn.access - INFO - send:483 - 127.0.0.1:62062 - "GET /api/v1/articles/?limit=20 HTTP/1.1" 200
2026-02-07 11:46:38 - uvicorn.access - INFO - send:483 - 127.0.0.1:62064 - "GET /api/v1/articles/?category=Technology&limit=20 HTTP/1.1" 200
2026-02-07 11:46:38 - app.core.security - INFO - dispatch:40 - Response: 200 - 0.237s
2026-02-07 11:46:38 - uvicorn.access - INFO - send:483 - 127.0.0.1:62069 - "GET /api/v1/articles/?category=Culture&limit=20 HTTP/1.1" 200
2026-02-07 11:46:39 - app.core.security - INFO - dispatch:40 - Response: 200 - 0.281s
2026-02-07 11:46:39 - app.core.security - INFO - dispatch:40 - Response: 200 - 0.274s
2026-02-07 11:46:39 - uvicorn.access - INFO - send:483 - 127.0.0.1:62066 - "GET /api/v1/articles/?category=Health&limit=20 HTTP/1.1" 200
2026-02-07 11:46:39 - uvicorn.access - INFO - send:483 - 127.0.0.1:62067 - "GET /api/v1/articles/?category=Politics&limit=20 HTTP/1.1" 200
2026-02-07 11:46:39 - app.core.security - INFO - dispatch:40 - Response: 200 - 0.446s
2026-02-07 11:46:39 - app.core.security - INFO - dispatch:40 - Response: 200 - 0.412s
2026-02-07 11:46:39 - uvicorn.access - INFO - send:483 - 127.0.0.1:62075 - "GET /api/v1/articles/?category=World&limit=20 HTTP/1.1" 200
2026-02-07 11:46:39 - app.core.security - INFO - dispatch:40 - Response: 200 - 0.446s
2026-02-07 11:46:39 - app.core.security - INFO - dispatch:40 - Response: 200 - 0.397s
2026-02-07 11:46:39 - uvicorn.access - INFO - send:483 - 127.0.0.1:62068 - "GET /api/v1/articles/?category=Sports&limit=20 HTTP/1.1" 200
2026-02-07 11:46:39 - app.core.security - INFO - dispatch:40 - Response: 200 - 0.399s
2026-02-07 11:46:39 - app.core.security - INFO - dispatch:40 - Response: 200 - 0.413s
2026-02-07 11:46:39 - app.core.security - INFO - dispatch:40 - Response: 200 - 0.425s
2026-02-07 11:46:39 - uvicorn.access - INFO - send:483 - 127.0.0.1:62063 - "GET /api/v1/articles/?category=Business&limit=20 HTTP/1.1" 200
2026-02-07 11:46:39 - uvicorn.access - INFO - send:483 - 127.0.0.1:62078 - "GET /api/v1/articles/?category=Environment&limit=20 HTTP/1.1" 200
2026-02-07 11:46:39 - uvicorn.access - INFO - send:483 - 127.0.0.1:62077 - "GET /api/v1/articles/?category=Education&limit=20 HTTP/1.1" 200
2026-02-07 11:46:39 - uvicorn.access - INFO - send:483 - 127.0.0.1:62076 - "GET /api/v1/articles/?category=Science&limit=20 HTTP/1.1" 200
2026-02-07 11:46:39 - uvicorn.access - INFO - send:483 - 127.0.0.1:62065 - "GET /api/v1/articles/?category=AI+%26+Startups&limit=20 HTTP/1.1" 200
2026-02-07 11:46:39 - jobs - INFO - run_scraper_loop:30 - Scraping source: Associated Press
2026-02-07 11:46:39 - app.services.scraper_v2 - INFO - get_links:108 - Scraping feed: https://apnews.com/hub/politics
2026-02-07 11:46:50 - app.core.security - INFO - dispatch:32 - GET /health - 127.0.0.1
2026-02-07 11:46:50 - app.core.security - INFO - dispatch:32 - GET /api/v1/articles - 127.0.0.1
2026-02-07 11:46:50 - app.core.security - INFO - dispatch:40 - Response: 307 - 0.008s
2026-02-07 11:46:50 - uvicorn.access - INFO - send:483 - 127.0.0.1:61399 - "GET /api/v1/articles?limit=30 HTTP/1.1" 307
2026-02-07 11:46:50 - app.core.security - INFO - dispatch:40 - Response: 200 - 0.011s
2026-02-07 11:46:50 - uvicorn.access - INFO - send:483 - 127.0.0.1:58847 - "GET /health HTTP/1.1" 200
2026-02-07 11:46:50 - app.core.security - INFO - dispatch:32 - GET /api/v1/articles - 127.0.0.1
2026-02-07 11:46:50 - app.core.security - INFO - dispatch:32 - GET /health - 127.0.0.1
2026-02-07 11:46:50 - app.core.security - INFO - dispatch:40 - Response: 307 - 0.005s
2026-02-07 11:46:50 - uvicorn.access - INFO - send:483 - 127.0.0.1:61399 - "GET /api/v1/articles?limit=30 HTTP/1.1" 307
2026-02-07 11:46:50 - app.core.security - INFO - dispatch:40 - Response: 200 - 0.011s
2026-02-07 11:46:50 - uvicorn.access - INFO - send:483 - 127.0.0.1:63298 - "GET /health HTTP/1.1" 200
2026-02-07 11:46:50 - app.core.security - INFO - dispatch:32 - GET /api/v1/articles/ - 127.0.0.1
2026-02-07 11:46:50 - app.core.security - INFO - dispatch:40 - Response: 200 - 0.071s
2026-02-07 11:46:50 - uvicorn.access - INFO - send:483 - 127.0.0.1:63298 - "GET /api/v1/articles/?limit=30 HTTP/1.1" 200
2026-02-07 11:46:50 - app.core.security - INFO - dispatch:32 - GET /api/v1/articles/ - 127.0.0.1
2026-02-07 11:46:50 - app.services.scraper_v2 - INFO - get_links:108 - Scraping feed: https://apnews.com/hub/science
2026-02-07 11:46:50 - app.core.security - INFO - dispatch:40 - Response: 200 - 0.063s
2026-02-07 11:46:50 - uvicorn.access - INFO - send:483 - 127.0.0.1:61399 - "GET /api/v1/articles/?limit=30 HTTP/1.1" 200
2026-02-07 11:46:50 - app.core.security - INFO - dispatch:32 - GET /api/v1/bookmarks - 127.0.0.1
2026-02-07 11:46:50 - app.core.security - INFO - dispatch:40 - Response: 401 - 0.006s
2026-02-07 11:46:50 - uvicorn.access - INFO - send:483 - 127.0.0.1:61399 - "GET /api/v1/bookmarks HTTP/1.1" 401
2026-02-07 11:46:51 - app.core.security - INFO - dispatch:32 - GET /api/v1/bookmarks - 127.0.0.1
2026-02-07 11:46:51 - app.core.security - INFO - dispatch:40 - Response: 401 - 0.005s
2026-02-07 11:46:51 - uvicorn.access - INFO - send:483 - 127.0.0.1:61399 - "GET /api/v1/bookmarks HTTP/1.1" 401
2026-02-07 11:46:53 - app.core.security - INFO - dispatch:32 - GET /api/v1/bookmarks - 127.0.0.1
2026-02-07 11:46:53 - app.core.security - INFO - dispatch:40 - Response: 401 - 0.004s
2026-02-07 11:46:53 - uvicorn.access - INFO - send:483 - 127.0.0.1:61399 - "GET /api/v1/bookmarks HTTP/1.1" 401
2026-02-07 11:46:54 - app.services.scraper_v2 - INFO - get_links:108 - Scraping feed: https://apnews.com/hub/business
2026-02-07 11:46:55 - app.core.security - INFO - dispatch:32 - GET /api/v1/trending - 127.0.0.1
2026-02-07 11:46:55 - app.core.security - INFO - dispatch:32 - GET /api/v1/articles - 127.0.0.1
2026-02-07 11:46:55 - app.core.security - INFO - dispatch:40 - Response: 307 - 0.126s
2026-02-07 11:46:55 - app.core.security - INFO - dispatch:40 - Response: 307 - 0.125s
2026-02-07 11:46:55 - uvicorn.access - INFO - send:483 - 127.0.0.1:55351 - "GET /api/v1/trending HTTP/1.1" 307
2026-02-07 11:46:55 - uvicorn.access - INFO - send:483 - 127.0.0.1:55350 - "GET /api/v1/articles?limit=20 HTTP/1.1" 307
2026-02-07 11:46:55 - app.core.security - INFO - dispatch:32 - GET /api/v1/trending/ - 127.0.0.1
2026-02-07 11:46:55 - app.core.security - INFO - dispatch:32 - GET /api/v1/articles/ - 127.0.0.1
2026-02-07 11:46:55 - app.core.security - INFO - dispatch:40 - Response: 200 - 0.008s
2026-02-07 11:46:55 - uvicorn.access - INFO - send:483 - 127.0.0.1:55353 - "GET /api/v1/trending/ HTTP/1.1" 200
2026-02-07 11:46:55 - app.core.security - INFO - dispatch:40 - Response: 200 - 0.040s
2026-02-07 11:46:55 - uvicorn.access - INFO - send:483 - 127.0.0.1:55351 - "GET /api/v1/articles/?limit=20 HTTP/1.1" 200
2026-02-07 11:46:55 - app.core.security - INFO - dispatch:32 - GET /api/v1/articles - 127.0.0.1
2026-02-07 11:46:55 - app.core.security - INFO - dispatch:32 - GET /api/v1/articles - 127.0.0.1
2026-02-07 11:46:55 - app.core.security - INFO - dispatch:40 - Response: 307 - 0.002s
2026-02-07 11:46:55 - uvicorn.access - INFO - send:483 - 127.0.0.1:55350 - "GET /api/v1/articles?category=World&limit=20 HTTP/1.1" 307
2026-02-07 11:46:55 - app.core.security - INFO - dispatch:32 - GET /api/v1/articles - 127.0.0.1
2026-02-07 11:46:55 - app.core.security - INFO - dispatch:40 - Response: 307 - 0.005s
2026-02-07 11:46:55 - uvicorn.access - INFO - send:483 - 127.0.0.1:55351 - "GET /api/v1/articles?category=Business&limit=20 HTTP/1.1" 307
2026-02-07 11:46:55 - app.core.security - INFO - dispatch:40 - Response: 307 - 0.003s
2026-02-07 11:46:55 - uvicorn.access - INFO - send:483 - 127.0.0.1:55353 - "GET /api/v1/articles?category=Technology&limit=20 HTTP/1.1" 307
2026-02-07 11:46:55 - app.core.security - INFO - dispatch:32 - GET /api/v1/articles - 127.0.0.1
2026-02-07 11:46:55 - app.core.security - INFO - dispatch:32 - GET /api/v1/articles - 127.0.0.1
2026-02-07 11:46:55 - app.core.security - INFO - dispatch:32 - GET /api/v1/articles - 127.0.0.1
2026-02-07 11:46:55 - app.core.security - INFO - dispatch:32 - GET /api/v1/articles - 127.0.0.1
2026-02-07 11:46:55 - app.core.security - INFO - dispatch:32 - GET /api/v1/articles - 127.0.0.1
2026-02-07 11:46:55 - app.core.security - INFO - dispatch:32 - GET /api/v1/articles - 127.0.0.1
2026-02-07 11:46:55 - app.core.security - INFO - dispatch:32 - GET /api/v1/articles - 127.0.0.1
2026-02-07 11:46:55 - app.core.security - INFO - dispatch:32 - GET /api/v1/articles - 127.0.0.1
2026-02-07 11:46:55 - app.core.security - INFO - dispatch:32 - GET /api/v1/articles/ - 127.0.0.1
2026-02-07 11:46:55 - app.core.security - INFO - dispatch:32 - GET /api/v1/articles/ - 127.0.0.1
2026-02-07 11:46:55 - app.core.security - INFO - dispatch:32 - GET /api/v1/articles/ - 127.0.0.1
2026-02-07 11:46:55 - app.core.security - INFO - dispatch:40 - Response: 307 - 0.012s
2026-02-07 11:46:55 - uvicorn.access - INFO - send:483 - 127.0.0.1:55355 - "GET /api/v1/articles?category=AI+%26+Startups&limit=20 HTTP/1.1" 307
2026-02-07 11:46:55 - app.core.security - INFO - dispatch:40 - Response: 307 - 0.013s
2026-02-07 11:46:55 - app.core.security - INFO - dispatch:40 - Response: 307 - 0.013s
2026-02-07 11:46:55 - app.core.security - INFO - dispatch:40 - Response: 307 - 0.013s
2026-02-07 11:46:55 - app.core.security - INFO - dispatch:40 - Response: 307 - 0.013s
2026-02-07 11:46:55 - app.core.security - INFO - dispatch:40 - Response: 307 - 0.013s
2026-02-07 11:46:55 - app.core.security - INFO - dispatch:40 - Response: 307 - 0.013s
2026-02-07 11:46:55 - uvicorn.access - INFO - send:483 - 127.0.0.1:55357 - "GET /api/v1/articles?category=Health&limit=20 HTTP/1.1" 307
2026-02-07 11:46:55 - uvicorn.access - INFO - send:483 - 127.0.0.1:55356 - "GET /api/v1/articles?category=Science&limit=20 HTTP/1.1" 307
2026-02-07 11:46:55 - app.core.security - INFO - dispatch:40 - Response: 307 - 0.012s
2026-02-07 11:46:55 - uvicorn.access - INFO - send:483 - 127.0.0.1:55359 - "GET /api/v1/articles?category=Culture&limit=20 HTTP/1.1" 307
2026-02-07 11:46:55 - uvicorn.access - INFO - send:483 - 127.0.0.1:55360 - "GET /api/v1/articles?category=Sports&limit=20 HTTP/1.1" 307
2026-02-07 11:46:55 - uvicorn.access - INFO - send:483 - 127.0.0.1:55361 - "GET /api/v1/articles?category=Environment&limit=20 HTTP/1.1" 307
2026-02-07 11:46:55 - uvicorn.access - INFO - send:483 - 127.0.0.1:55358 - "GET /api/v1/articles?category=Politics&limit=20 HTTP/1.1" 307
2026-02-07 11:46:55 - uvicorn.access - INFO - send:483 - 127.0.0.1:55362 - "GET /api/v1/articles?category=Education&limit=20 HTTP/1.1" 307
2026-02-07 11:46:55 - app.core.security - INFO - dispatch:32 - GET /api/v1/articles/ - 127.0.0.1
2026-02-07 11:46:55 - app.core.security - INFO - dispatch:32 - GET /api/v1/articles/ - 127.0.0.1
2026-02-07 11:46:55 - app.core.security - INFO - dispatch:32 - GET /api/v1/articles/ - 127.0.0.1
2026-02-07 11:46:55 - app.core.security - INFO - dispatch:32 - GET /api/v1/articles/ - 127.0.0.1
2026-02-07 11:46:55 - app.core.security - INFO - dispatch:32 - GET /api/v1/articles/ - 127.0.0.1
2026-02-07 11:46:55 - app.core.security - INFO - dispatch:32 - GET /api/v1/articles/ - 127.0.0.1
2026-02-07 11:46:55 - app.core.security - INFO - dispatch:32 - GET /api/v1/articles/ - 127.0.0.1
2026-02-07 11:46:55 - app.core.security - INFO - dispatch:32 - GET /api/v1/articles/ - 127.0.0.1
2026-02-07 11:46:55 - app.core.security - INFO - dispatch:40 - Response: 200 - 0.079s
2026-02-07 11:46:55 - app.core.security - INFO - dispatch:40 - Response: 200 - 0.080s
2026-02-07 11:46:55 - uvicorn.access - INFO - send:483 - 127.0.0.1:55363 - "GET /api/v1/articles/?category=World&limit=20 HTTP/1.1" 200
2026-02-07 11:46:55 - uvicorn.access - INFO - send:483 - 127.0.0.1:55364 - "GET /api/v1/articles/?category=Business&limit=20 HTTP/1.1" 200
2026-02-07 11:46:55 - app.core.security - INFO - dispatch:40 - Response: 200 - 0.102s
2026-02-07 11:46:55 - app.core.security - INFO - dispatch:40 - Response: 200 - 0.106s
2026-02-07 11:46:55 - uvicorn.access - INFO - send:483 - 127.0.0.1:55359 - "GET /api/v1/articles/?category=Politics&limit=20 HTTP/1.1" 200
2026-02-07 11:46:55 - uvicorn.access - INFO - send:483 - 127.0.0.1:55353 - "GET /api/v1/articles/?category=Science&limit=20 HTTP/1.1" 200
2026-02-07 11:46:55 - app.core.security - INFO - dispatch:40 - Response: 200 - 0.154s
2026-02-07 11:46:55 - app.core.security - INFO - dispatch:40 - Response: 200 - 0.153s
2026-02-07 11:46:55 - app.core.security - INFO - dispatch:40 - Response: 200 - 0.174s
2026-02-07 11:46:55 - uvicorn.access - INFO - send:483 - 127.0.0.1:55351 - "GET /api/v1/articles/?category=Health&limit=20 HTTP/1.1" 200
2026-02-07 11:46:55 - uvicorn.access - INFO - send:483 - 127.0.0.1:55355 - "GET /api/v1/articles/?category=Culture&limit=20 HTTP/1.1" 200
2026-02-07 11:46:55 - uvicorn.access - INFO - send:483 - 127.0.0.1:55365 - "GET /api/v1/articles/?category=Technology&limit=20 HTTP/1.1" 200
2026-02-07 11:46:55 - app.core.security - INFO - dispatch:40 - Response: 200 - 0.204s
2026-02-07 11:46:55 - uvicorn.access - INFO - send:483 - 127.0.0.1:55358 - "GET /api/v1/articles/?category=Education&limit=20 HTTP/1.1" 200
2026-02-07 11:46:55 - app.core.security - INFO - dispatch:40 - Response: 200 - 0.213s
2026-02-07 11:46:55 - app.core.security - INFO - dispatch:40 - Response: 200 - 0.208s
2026-02-07 11:46:55 - uvicorn.access - INFO - send:483 - 127.0.0.1:55350 - "GET /api/v1/articles/?category=AI+%26+Startups&limit=20 HTTP/1.1" 200
2026-02-07 11:46:55 - app.core.security - INFO - dispatch:40 - Response: 200 - 0.209s
2026-02-07 11:46:55 - uvicorn.access - INFO - send:483 - 127.0.0.1:55357 - "GET /api/v1/articles/?category=Environment&limit=20 HTTP/1.1" 200
2026-02-07 11:46:55 - uvicorn.access - INFO - send:483 - 127.0.0.1:55356 - "GET /api/v1/articles/?category=Sports&limit=20 HTTP/1.1" 200
2026-02-07 11:46:56 - app.core.security - INFO - dispatch:32 - GET /health - 127.0.0.1
2026-02-07 11:46:56 - app.core.security - INFO - dispatch:32 - GET /api/v1/articles - 127.0.0.1
2026-02-07 11:46:56 - app.core.security - INFO - dispatch:32 - GET /health - 127.0.0.1
2026-02-07 11:46:56 - app.core.security - INFO - dispatch:32 - GET /api/v1/articles - 127.0.0.1
2026-02-07 11:46:56 - app.core.security - INFO - dispatch:40 - Response: 307 - 0.006s
2026-02-07 11:46:56 - uvicorn.access - INFO - send:483 - 127.0.0.1:52495 - "GET /api/v1/articles?limit=30 HTTP/1.1" 307
2026-02-07 11:46:56 - app.core.security - INFO - dispatch:40 - Response: 307 - 0.006s
2026-02-07 11:46:56 - app.core.security - INFO - dispatch:40 - Response: 200 - 0.013s
2026-02-07 11:46:56 - uvicorn.access - INFO - send:483 - 127.0.0.1:50893 - "GET /api/v1/articles?limit=30 HTTP/1.1" 307
2026-02-07 11:46:56 - uvicorn.access - INFO - send:483 - 127.0.0.1:61399 - "GET /health HTTP/1.1" 200
2026-02-07 11:46:56 - app.core.security - INFO - dispatch:40 - Response: 200 - 0.012s
2026-02-07 11:46:56 - uvicorn.access - INFO - send:483 - 127.0.0.1:62766 - "GET /health HTTP/1.1" 200
2026-02-07 11:46:56 - app.core.security - INFO - dispatch:32 - GET /api/v1/articles/ - 127.0.0.1
2026-02-07 11:46:56 - app.core.security - INFO - dispatch:32 - GET /api/v1/articles/ - 127.0.0.1
2026-02-07 11:46:56 - app.core.security - INFO - dispatch:40 - Response: 200 - 0.083s
2026-02-07 11:46:56 - app.core.security - INFO - dispatch:40 - Response: 200 - 0.084s
2026-02-07 11:46:56 - uvicorn.access - INFO - send:483 - 127.0.0.1:50893 - "GET /api/v1/articles/?limit=30 HTTP/1.1" 200
2026-02-07 11:46:56 - uvicorn.access - INFO - send:483 - 127.0.0.1:61399 - "GET /api/v1/articles/?limit=30 HTTP/1.1" 200
2026-02-07 11:46:57 - app.core.security - INFO - dispatch:32 - GET /api/v1/bookmarks - 127.0.0.1
2026-02-07 11:46:57 - app.core.security - INFO - dispatch:40 - Response: 401 - 0.006s
2026-02-07 11:46:57 - uvicorn.access - INFO - send:483 - 127.0.0.1:61399 - "GET /api/v1/bookmarks HTTP/1.1" 401
2026-02-07 11:46:58 - app.core.security - INFO - dispatch:32 - GET /api/v1/bookmarks - 127.0.0.1
2026-02-07 11:46:58 - app.core.security - INFO - dispatch:40 - Response: 401 - 0.005s
2026-02-07 11:46:58 - uvicorn.access - INFO - send:483 - 127.0.0.1:61399 - "GET /api/v1/bookmarks HTTP/1.1" 401
2026-02-07 11:47:00 - app.core.security - INFO - dispatch:32 - GET /api/v1/bookmarks - 127.0.0.1
2026-02-07 11:47:00 - app.core.security - INFO - dispatch:40 - Response: 401 - 0.004s
2026-02-07 11:47:00 - uvicorn.access - INFO - send:483 - 127.0.0.1:61399 - "GET /api/v1/bookmarks HTTP/1.1" 401
2026-02-07 11:47:04 - app.core.security - INFO - dispatch:32 - GET /api/v1/bookmarks - 127.0.0.1
2026-02-07 11:47:04 - app.core.security - INFO - dispatch:40 - Response: 401 - 0.005s
2026-02-07 11:47:04 - uvicorn.access - INFO - send:483 - 127.0.0.1:61753 - "GET /api/v1/bookmarks HTTP/1.1" 401
2026-02-07 11:47:04 - uvicorn.access - INFO - send:483 - 127.0.0.1:61753 - "OPTIONS /api/v1/scraper/status HTTP/1.1" 200
2026-02-07 11:47:04 - uvicorn.access - INFO - send:483 - 127.0.0.1:53517 - "OPTIONS /api/v1/scraper/status HTTP/1.1" 200
2026-02-07 11:47:04 - app.core.security - INFO - dispatch:32 - GET /api/v1/scraper/status - 127.0.0.1
2026-02-07 11:47:04 - app.core.security - INFO - dispatch:40 - Response: 200 - 0.063s
2026-02-07 11:47:04 - uvicorn.access - INFO - send:483 - 127.0.0.1:53517 - "GET /api/v1/scraper/status HTTP/1.1" 200
2026-02-07 11:47:04 - app.core.security - INFO - dispatch:32 - GET /api/v1/scraper/status - 127.0.0.1
2026-02-07 11:47:04 - app.core.security - INFO - dispatch:40 - Response: 200 - 0.037s
2026-02-07 11:47:04 - uvicorn.access - INFO - send:483 - 127.0.0.1:61753 - "GET /api/v1/scraper/status HTTP/1.1" 200
2026-02-07 11:47:08 - app.services.scraper_v2 - INFO - get_links:108 - Scraping feed: https://apnews.com/hub/business
2026-02-07 11:47:08 - uvicorn.access - INFO - send:483 - 127.0.0.1:61753 - "OPTIONS /api/v1/articles?limit=30 HTTP/1.1" 200
2026-02-07 11:47:08 - uvicorn.access - INFO - send:483 - 127.0.0.1:53517 - "OPTIONS /api/v1/articles?limit=30 HTTP/1.1" 200
2026-02-07 11:47:08 - app.core.security - INFO - dispatch:32 - GET /api/v1/articles - 127.0.0.1
2026-02-07 11:47:08 - app.core.security - INFO - dispatch:40 - Response: 307 - 0.002s
2026-02-07 11:47:08 - uvicorn.access - INFO - send:483 - 127.0.0.1:53517 - "GET /api/v1/articles?limit=30 HTTP/1.1" 307
2026-02-07 11:47:08 - app.core.security - INFO - dispatch:32 - GET /api/v1/articles - 127.0.0.1
2026-02-07 11:47:08 - app.core.security - INFO - dispatch:40 - Response: 307 - 0.003s
2026-02-07 11:47:08 - uvicorn.access - INFO - send:483 - 127.0.0.1:61753 - "GET /api/v1/articles?limit=30 HTTP/1.1" 307
2026-02-07 11:47:08 - uvicorn.access - INFO - send:483 - 127.0.0.1:61753 - "OPTIONS /api/v1/articles/?limit=30 HTTP/1.1" 200
2026-02-07 11:47:08 - uvicorn.access - INFO - send:483 - 127.0.0.1:53517 - "OPTIONS /api/v1/articles/?limit=30 HTTP/1.1" 200
2026-02-07 11:47:08 - app.core.security - INFO - dispatch:32 - GET /api/v1/articles/ - 127.0.0.1
2026-02-07 11:47:08 - app.core.security - INFO - dispatch:40 - Response: 200 - 0.070s
2026-02-07 11:47:08 - uvicorn.access - INFO - send:483 - 127.0.0.1:53517 - "GET /api/v1/articles/?limit=30 HTTP/1.1" 200
2026-02-07 11:47:08 - app.core.security - INFO - dispatch:32 - GET /api/v1/articles/ - 127.0.0.1
2026-02-07 11:47:08 - app.core.security - INFO - dispatch:40 - Response: 200 - 0.068s
2026-02-07 11:47:08 - uvicorn.access - INFO - send:483 - 127.0.0.1:61753 - "GET /api/v1/articles/?limit=30 HTTP/1.1" 200
2026-02-07 11:47:26 - app.services.scraper_v2 - INFO - get_links:108 - Scraping feed: https://apnews.com/hub/health
2026-02-07 11:47:32 - app.services.scraper_v2 - INFO - get_links:108 - Scraping feed: https://apnews.com/hub/science
2026-02-07 11:47:41 - app.services.scraper_v2 - INFO - get_links:108 - Scraping feed: https://apnews.com/hub/science
2026-02-07 11:47:50 - jobs - INFO - run_scraper_loop:30 - Scraping source: Bloomberg
2026-02-07 11:47:50 - app.services.scraper_v2 - INFO - get_links:108 - Scraping feed: https://www.bloomberg.com/technology
2026-02-07 11:47:50 - app.services.scraper_v2 - INFO - get_links:108 - Scraping feed: https://www.bloomberg.com/markets
2026-02-07 11:47:51 - app.services.scraper_v2 - INFO - get_links:108 - Scraping feed: https://www.bloomberg.com/politics
2026-02-07 11:47:51 - jobs - INFO - run_scraper_loop:30 - Scraping source: VentureBeat AI
2026-02-07 11:47:51 - app.services.scraper_v2 - INFO - get_links:108 - Scraping feed: https://venturebeat.com/category/ai/
2026-02-07 11:47:57 - jobs - INFO - run_scraper_loop:30 - Scraping source: AI News
2026-02-07 11:47:57 - app.services.scraper_v2 - INFO - get_links:108 - Scraping feed: https://www.artificialintelligence-news.com/
2026-02-07 11:47:58 - jobs - INFO - run_scraper_loop:30 - Scraping source: Sifted
2026-02-07 11:47:58 - app.services.scraper_v2 - INFO - get_links:108 - Scraping feed: https://sifted.eu/sections/artificial-intelligence/
2026-02-07 11:47:59 - app.services.scraper_v2 - INFO - get_links:108 - Scraping feed: https://sifted.eu/sections/startups/
2026-02-07 11:47:59 - jobs - INFO - run_scraper_loop:30 - Scraping source: Nature
2026-02-07 11:47:59 - app.services.scraper_v2 - INFO - get_links:108 - Scraping feed: https://www.nature.com/nature/articles?type=news
2026-02-07 11:48:02 - jobs - INFO - run_scraper_loop:30 - Scraping source: New Scientist
2026-02-07 11:48:02 - app.services.scraper_v2 - INFO - get_links:108 - Scraping feed: https://www.newscientist.com/section/news/
2026-02-07 11:48:02 - app.services.scraper_v2 - INFO - get_links:108 - Scraping feed: https://apnews.com/hub/health
2026-02-07 11:48:10 - app.services.scraper_v2 - INFO - get_links:108 - Scraping feed: https://apnews.com/hub/health
2026-02-07 11:48:11 - app.services.scraper_v2 - INFO - get_links:108 - Scraping feed: https://www.newscientist.com/subject/environment/
2026-02-07 11:48:21 - jobs - INFO - run_scraper_loop:30 - Scraping source: EdSurge
2026-02-07 11:48:21 - app.services.scraper_v2 - INFO - get_links:108 - Scraping feed: https://www.edsurge.com/news
2026-02-07 11:48:26 - uvicorn.error - INFO - shutdown:264 - Shutting down
2026-02-07 11:48:26 - uvicorn.error - INFO - shutdown:67 - Waiting for application shutdown.
2026-02-07 11:48:26 - uvicorn.error - INFO - shutdown:76 - Application shutdown complete.
2026-02-07 11:48:26 - uvicorn.error - INFO - _serve:94 - Finished server process [12344]
2026-02-07 11:48:26 - uvicorn.error - INFO - shutdown:264 - Shutting down
2026-02-07 11:48:27 - uvicorn.error - INFO - shutdown:67 - Waiting for application shutdown.
2026-02-07 11:48:27 - uvicorn.error - INFO - shutdown:76 - Application shutdown complete.
2026-02-07 11:48:27 - uvicorn.error - INFO - _serve:94 - Finished server process [18684]
2026-02-07 11:48:36 - app.core.logging - INFO - setup_logging:71 - Logging system initialized
2026-02-07 11:48:37 - app.core.logging - INFO - setup_logging:71 - Logging system initialized
2026-02-07 11:48:42 - sentence_transformers.SentenceTransformer - INFO - __init__:219 - Use pytorch device_name: cpu
2026-02-07 11:48:42 - sentence_transformers.SentenceTransformer - INFO - __init__:227 - Load pretrained SentenceTransformer: all-MiniLM-L6-v2
2026-02-07 11:48:43 - jobs - INFO - run_scraper_loop:30 - Scraping source: Bloomberg
2026-02-07 11:48:43 - app.services.scraper_v2 - INFO - get_links:108 - Scraping feed: https://www.bloomberg.com/technology
2026-02-07 11:48:43 - httpx - INFO - _send_single_request:1025 - HTTP Request: HEAD https://huggingface.co/sentence-transformers/all-MiniLM-L6-v2/resolve/main/modules.json "HTTP/1.1 307 Temporary Redirect"
2026-02-07 11:48:43 - uvicorn.error - INFO - shutdown:265 - Shutting down
2026-02-07 11:48:43 - httpx - INFO - _send_single_request:1025 - HTTP Request: HEAD https://huggingface.co/api/resolve-cache/models/sentence-transformers/all-MiniLM-L6-v2/c9745ed1d9f207416be6d2e6f8de32d1f16199bf/modules.json "HTTP/1.1 200 OK"
2026-02-07 11:48:43 - uvicorn.error - INFO - shutdown:67 - Waiting for application shutdown.
2026-02-07 11:48:43 - uvicorn.error - INFO - shutdown:78 - Application shutdown complete.
2026-02-07 11:48:43 - uvicorn.error - INFO - serve:86 - Finished server process [23460]
2026-02-07 11:48:43 - httpx - INFO - _send_single_request:1025 - HTTP Request: HEAD https://huggingface.co/sentence-transformers/all-MiniLM-L6-v2/resolve/main/config_sentence_transformers.json "HTTP/1.1 307 Temporary Redirect"
2026-02-07 11:48:43 - httpx - INFO - _send_single_request:1025 - HTTP Request: HEAD https://huggingface.co/api/resolve-cache/models/sentence-transformers/all-MiniLM-L6-v2/c9745ed1d9f207416be6d2e6f8de32d1f16199bf/config_sentence_transformers.json "HTTP/1.1 200 OK"
2026-02-07 11:48:43 - httpx - INFO - _send_single_request:1025 - HTTP Request: HEAD https://huggingface.co/sentence-transformers/all-MiniLM-L6-v2/resolve/main/config_sentence_transformers.json "HTTP/1.1 307 Temporary Redirect"
2026-02-07 11:48:43 - httpx - INFO - _send_single_request:1025 - HTTP Request: HEAD https://huggingface.co/api/resolve-cache/models/sentence-transformers/all-MiniLM-L6-v2/c9745ed1d9f207416be6d2e6f8de32d1f16199bf/config_sentence_transformers.json "HTTP/1.1 200 OK"
2026-02-07 11:48:43 - app.services.scraper_v2 - INFO - get_links:108 - Scraping feed: https://www.bloomberg.com/markets
2026-02-07 11:48:44 - httpx - INFO - _send_single_request:1025 - HTTP Request: HEAD https://huggingface.co/sentence-transformers/all-MiniLM-L6-v2/resolve/main/README.md "HTTP/1.1 307 Temporary Redirect"
2026-02-07 11:48:44 - httpx - INFO - _send_single_request:1025 - HTTP Request: HEAD https://huggingface.co/api/resolve-cache/models/sentence-transformers/all-MiniLM-L6-v2/c9745ed1d9f207416be6d2e6f8de32d1f16199bf/README.md "HTTP/1.1 200 OK"
2026-02-07 11:48:44 - httpx - INFO - _send_single_request:1025 - HTTP Request: HEAD https://huggingface.co/sentence-transformers/all-MiniLM-L6-v2/resolve/main/modules.json "HTTP/1.1 307 Temporary Redirect"
2026-02-07 11:48:44 - httpx - INFO - _send_single_request:1025 - HTTP Request: HEAD https://huggingface.co/api/resolve-cache/models/sentence-transformers/all-MiniLM-L6-v2/c9745ed1d9f207416be6d2e6f8de32d1f16199bf/modules.json "HTTP/1.1 200 OK"
2026-02-07 11:48:44 - app.services.scraper_v2 - INFO - get_links:108 - Scraping feed: https://www.bloomberg.com/politics
2026-02-07 11:48:44 - httpx - INFO - _send_single_request:1025 - HTTP Request: HEAD https://huggingface.co/sentence-transformers/all-MiniLM-L6-v2/resolve/main/sentence_bert_config.json "HTTP/1.1 307 Temporary Redirect"
2026-02-07 11:48:44 - httpx - INFO - _send_single_request:1025 - HTTP Request: HEAD https://huggingface.co/api/resolve-cache/models/sentence-transformers/all-MiniLM-L6-v2/c9745ed1d9f207416be6d2e6f8de32d1f16199bf/sentence_bert_config.json "HTTP/1.1 200 OK"
2026-02-07 11:48:44 - httpx - INFO - _send_single_request:1025 - HTTP Request: HEAD https://huggingface.co/sentence-transformers/all-MiniLM-L6-v2/resolve/main/adapter_config.json "HTTP/1.1 404 Not Found"
2026-02-07 11:48:45 - sentence_transformers.SentenceTransformer - INFO - __init__:219 - Use pytorch device_name: cpu
2026-02-07 11:48:45 - sentence_transformers.SentenceTransformer - INFO - __init__:227 - Load pretrained SentenceTransformer: all-MiniLM-L6-v2
2026-02-07 11:48:45 - httpx - INFO - _send_single_request:1025 - HTTP Request: HEAD https://huggingface.co/sentence-transformers/all-MiniLM-L6-v2/resolve/main/config.json "HTTP/1.1 307 Temporary Redirect"
2026-02-07 11:48:45 - httpx - INFO - _send_single_request:1025 - HTTP Request: HEAD https://huggingface.co/api/resolve-cache/models/sentence-transformers/all-MiniLM-L6-v2/c9745ed1d9f207416be6d2e6f8de32d1f16199bf/config.json "HTTP/1.1 200 OK"
2026-02-07 11:48:45 - httpx - INFO - _send_single_request:1025 - HTTP Request: HEAD https://huggingface.co/sentence-transformers/all-MiniLM-L6-v2/resolve/main/config.json "HTTP/1.1 307 Temporary Redirect"
2026-02-07 11:48:45 - httpx - INFO - _send_single_request:1025 - HTTP Request: HEAD https://huggingface.co/api/resolve-cache/models/sentence-transformers/all-MiniLM-L6-v2/c9745ed1d9f207416be6d2e6f8de32d1f16199bf/config.json "HTTP/1.1 200 OK"
2026-02-07 11:48:45 - httpx - INFO - _send_single_request:1025 - HTTP Request: HEAD https://huggingface.co/sentence-transformers/all-MiniLM-L6-v2/resolve/main/tokenizer_config.json "HTTP/1.1 307 Temporary Redirect"
2026-02-07 11:48:45 - httpx - INFO - _send_single_request:1025 - HTTP Request: HEAD https://huggingface.co/sentence-transformers/all-MiniLM-L6-v2/resolve/main/modules.json "HTTP/1.1 307 Temporary Redirect"
2026-02-07 11:48:45 - huggingface_hub.utils._http - WARNING - _warn_on_warning_headers:779 - Warning: You are sending unauthenticated requests to the HF Hub. Please set a HF_TOKEN to enable higher rate limits and faster downloads.
2026-02-07 11:48:45 - httpx - INFO - _send_single_request:1025 - HTTP Request: HEAD https://huggingface.co/api/resolve-cache/models/sentence-transformers/all-MiniLM-L6-v2/c9745ed1d9f207416be6d2e6f8de32d1f16199bf/tokenizer_config.json "HTTP/1.1 200 OK"
2026-02-07 11:48:45 - httpx - INFO - _send_single_request:1025 - HTTP Request: HEAD https://huggingface.co/api/resolve-cache/models/sentence-transformers/all-MiniLM-L6-v2/c9745ed1d9f207416be6d2e6f8de32d1f16199bf/modules.json "HTTP/1.1 200 OK"
2026-02-07 11:48:46 - httpx - INFO - _send_single_request:1025 - HTTP Request: GET https://huggingface.co/api/models/sentence-transformers/all-MiniLM-L6-v2/tree/main/additional_chat_templates?recursive=false&expand=false "HTTP/1.1 404 Not Found"
2026-02-07 11:48:46 - httpx - INFO - _send_single_request:1025 - HTTP Request: HEAD https://huggingface.co/sentence-transformers/all-MiniLM-L6-v2/resolve/main/config_sentence_transformers.json "HTTP/1.1 307 Temporary Redirect"
2026-02-07 11:48:46 - httpx - INFO - _send_single_request:1025 - HTTP Request: HEAD https://huggingface.co/api/resolve-cache/models/sentence-transformers/all-MiniLM-L6-v2/c9745ed1d9f207416be6d2e6f8de32d1f16199bf/config_sentence_transformers.json "HTTP/1.1 200 OK"
2026-02-07 11:48:46 - httpx - INFO - _send_single_request:1025 - HTTP Request: GET https://huggingface.co/api/models/sentence-transformers/all-MiniLM-L6-v2/tree/main?recursive=true&expand=false "HTTP/1.1 200 OK"
2026-02-07 11:48:46 - httpx - INFO - _send_single_request:1025 - HTTP Request: HEAD https://huggingface.co/sentence-transformers/all-MiniLM-L6-v2/resolve/main/config_sentence_transformers.json "HTTP/1.1 307 Temporary Redirect"
2026-02-07 11:48:46 - httpx - INFO - _send_single_request:1025 - HTTP Request: HEAD https://huggingface.co/api/resolve-cache/models/sentence-transformers/all-MiniLM-L6-v2/c9745ed1d9f207416be6d2e6f8de32d1f16199bf/config_sentence_transformers.json "HTTP/1.1 200 OK"
2026-02-07 11:48:46 - httpx - INFO - _send_single_request:1025 - HTTP Request: HEAD https://huggingface.co/sentence-transformers/all-MiniLM-L6-v2/resolve/main/1_Pooling/config.json "HTTP/1.1 307 Temporary Redirect"
2026-02-07 11:48:46 - httpx - INFO - _send_single_request:1025 - HTTP Request: HEAD https://huggingface.co/api/resolve-cache/models/sentence-transformers/all-MiniLM-L6-v2/c9745ed1d9f207416be6d2e6f8de32d1f16199bf/1_Pooling%2Fconfig.json "HTTP/1.1 200 OK"
2026-02-07 11:48:46 - httpx - INFO - _send_single_request:1025 - HTTP Request: HEAD https://huggingface.co/sentence-transformers/all-MiniLM-L6-v2/resolve/main/README.md "HTTP/1.1 307 Temporary Redirect"
2026-02-07 11:48:46 - httpx - INFO - _send_single_request:1025 - HTTP Request: HEAD https://huggingface.co/api/resolve-cache/models/sentence-transformers/all-MiniLM-L6-v2/c9745ed1d9f207416be6d2e6f8de32d1f16199bf/README.md "HTTP/1.1 200 OK"
2026-02-07 11:48:46 - httpx - INFO - _send_single_request:1025 - HTTP Request: GET https://huggingface.co/api/models/sentence-transformers/all-MiniLM-L6-v2 "HTTP/1.1 200 OK"
2026-02-07 11:48:46 - httpx - INFO - _send_single_request:1025 - HTTP Request: HEAD https://huggingface.co/sentence-transformers/all-MiniLM-L6-v2/resolve/main/modules.json "HTTP/1.1 307 Temporary Redirect"
2026-02-07 11:48:47 - app.services.deduplicator - INFO - __init__:20 - Deduplicator loaded on cpu
2026-02-07 11:48:47 - httpx - INFO - _send_single_request:1025 - HTTP Request: HEAD https://huggingface.co/api/resolve-cache/models/sentence-transformers/all-MiniLM-L6-v2/c9745ed1d9f207416be6d2e6f8de32d1f16199bf/modules.json "HTTP/1.1 200 OK"
2026-02-07 11:48:47 - uvicorn.error - INFO - _serve:84 - Started server process [19300]
2026-02-07 11:48:47 - uvicorn.error - INFO - startup:48 - Waiting for application startup.
2026-02-07 11:48:47 - app.main - INFO - startup_event:51 - Background News Scraper Started
2026-02-07 11:48:47 - jobs - INFO - init_db:15 - Initializing database...
2026-02-07 11:48:47 - jobs - INFO - run_scraper_loop:25 - Starting Newsroom Ingestion Cycle #1 at 2026-02-07 11:48:47.053687
2026-02-07 11:48:47 - jobs - INFO - run_scraper_loop:30 - Scraping source: Reuters
2026-02-07 11:48:47 - app.services.scraper_v2 - INFO - get_links:108 - Scraping feed: https://www.reuters.com/world/
2026-02-07 11:48:47 - uvicorn.error - INFO - startup:62 - Application startup complete.
2026-02-07 11:48:47 - app.core.logging - INFO - setup_logging:71 - Logging system initialized
2026-02-07 11:48:47 - httpx - INFO - _send_single_request:1025 - HTTP Request: HEAD https://huggingface.co/sentence-transformers/all-MiniLM-L6-v2/resolve/main/sentence_bert_config.json "HTTP/1.1 307 Temporary Redirect"
2026-02-07 11:48:47 - httpx - INFO - _send_single_request:1025 - HTTP Request: HEAD https://huggingface.co/api/resolve-cache/models/sentence-transformers/all-MiniLM-L6-v2/c9745ed1d9f207416be6d2e6f8de32d1f16199bf/sentence_bert_config.json "HTTP/1.1 200 OK"
2026-02-07 11:48:47 - httpx - INFO - _send_single_request:1025 - HTTP Request: HEAD https://huggingface.co/sentence-transformers/all-MiniLM-L6-v2/resolve/main/adapter_config.json "HTTP/1.1 404 Not Found"
2026-02-07 11:48:48 - httpx - INFO - _send_single_request:1025 - HTTP Request: HEAD https://huggingface.co/sentence-transformers/all-MiniLM-L6-v2/resolve/main/config.json "HTTP/1.1 307 Temporary Redirect"
2026-02-07 11:48:48 - httpx - INFO - _send_single_request:1025 - HTTP Request: HEAD https://huggingface.co/api/resolve-cache/models/sentence-transformers/all-MiniLM-L6-v2/c9745ed1d9f207416be6d2e6f8de32d1f16199bf/config.json "HTTP/1.1 200 OK"
2026-02-07 11:48:48 - httpx - INFO - _send_single_request:1025 - HTTP Request: HEAD https://huggingface.co/sentence-transformers/all-MiniLM-L6-v2/resolve/main/config.json "HTTP/1.1 307 Temporary Redirect"
2026-02-07 11:48:48 - app.services.deduplicator - WARNING - <module>:12 - ML modules (torch/sentence-transformers) not found. Deduplication disabled.
2026-02-07 11:48:48 - httpx - INFO - _send_single_request:1025 - HTTP Request: HEAD https://huggingface.co/api/resolve-cache/models/sentence-transformers/all-MiniLM-L6-v2/c9745ed1d9f207416be6d2e6f8de32d1f16199bf/config.json "HTTP/1.1 200 OK"
2026-02-07 11:48:48 - uvicorn.error - INFO - serve:76 - Started server process [14680]
2026-02-07 11:48:48 - uvicorn.error - INFO - startup:48 - Waiting for application startup.
2026-02-07 11:48:48 - app.main - INFO - startup_event:51 - Background News Scraper Started
2026-02-07 11:48:48 - jobs - INFO - init_db:15 - Initializing database...
2026-02-07 11:48:48 - jobs - INFO - run_scraper_loop:25 - Starting Newsroom Ingestion Cycle #1 at 2026-02-07 11:48:48.788795
2026-02-07 11:48:48 - jobs - INFO - run_scraper_loop:30 - Scraping source: Reuters
2026-02-07 11:48:48 - app.services.scraper_v2 - INFO - get_links:108 - Scraping feed: https://www.reuters.com/world/
2026-02-07 11:48:48 - uvicorn.error - INFO - startup:62 - Application startup complete.
2026-02-07 11:48:48 - httpx - INFO - _send_single_request:1025 - HTTP Request: HEAD https://huggingface.co/sentence-transformers/all-MiniLM-L6-v2/resolve/main/tokenizer_config.json "HTTP/1.1 307 Temporary Redirect"
2026-02-07 11:48:49 - httpx - INFO - _send_single_request:1025 - HTTP Request: HEAD https://huggingface.co/api/resolve-cache/models/sentence-transformers/all-MiniLM-L6-v2/c9745ed1d9f207416be6d2e6f8de32d1f16199bf/tokenizer_config.json "HTTP/1.1 200 OK"
2026-02-07 11:48:49 - httpx - INFO - _send_single_request:1025 - HTTP Request: GET https://huggingface.co/api/models/sentence-transformers/all-MiniLM-L6-v2/tree/main/additional_chat_templates?recursive=false&expand=false "HTTP/1.1 404 Not Found"
2026-02-07 11:48:49 - httpx - INFO - _send_single_request:1025 - HTTP Request: GET https://huggingface.co/api/models/sentence-transformers/all-MiniLM-L6-v2/tree/main?recursive=true&expand=false "HTTP/1.1 200 OK"
2026-02-07 11:48:49 - app.services.scraper_v2 - INFO - get_links:108 - Scraping feed: https://www.reuters.com/business/
2026-02-07 11:48:49 - httpx - INFO - _send_single_request:1025 - HTTP Request: HEAD https://huggingface.co/sentence-transformers/all-MiniLM-L6-v2/resolve/main/1_Pooling/config.json "HTTP/1.1 307 Temporary Redirect"
2026-02-07 11:48:49 - httpx - INFO - _send_single_request:1025 - HTTP Request: HEAD https://huggingface.co/api/resolve-cache/models/sentence-transformers/all-MiniLM-L6-v2/c9745ed1d9f207416be6d2e6f8de32d1f16199bf/1_Pooling%2Fconfig.json "HTTP/1.1 200 OK"
2026-02-07 11:48:50 - httpx - INFO - _send_single_request:1025 - HTTP Request: GET https://huggingface.co/api/models/sentence-transformers/all-MiniLM-L6-v2 "HTTP/1.1 200 OK"
2026-02-07 11:48:50 - app.services.deduplicator - INFO - __init__:20 - Deduplicator loaded on cpu
2026-02-07 11:48:50 - uvicorn.error - INFO - _serve:84 - Started server process [2708]
2026-02-07 11:48:50 - uvicorn.error - INFO - startup:48 - Waiting for application startup.
2026-02-07 11:48:50 - app.main - INFO - startup_event:51 - Background News Scraper Started
2026-02-07 11:48:50 - jobs - INFO - init_db:15 - Initializing database...
2026-02-07 11:48:50 - jobs - INFO - run_scraper_loop:25 - Starting Newsroom Ingestion Cycle #1 at 2026-02-07 11:48:50.215640
2026-02-07 11:48:50 - jobs - INFO - run_scraper_loop:30 - Scraping source: Reuters
2026-02-07 11:48:50 - app.services.scraper_v2 - INFO - get_links:108 - Scraping feed: https://www.reuters.com/world/
2026-02-07 11:48:50 - uvicorn.error - INFO - startup:62 - Application startup complete.
2026-02-07 11:48:51 - app.services.scraper_v2 - INFO - get_links:108 - Scraping feed: https://www.reuters.com/business/
2026-02-07 11:48:52 - app.services.scraper_v2 - INFO - get_links:108 - Scraping feed: https://www.reuters.com/technology/
2026-02-07 11:48:53 - app.services.scraper_v2 - INFO - get_links:108 - Scraping feed: https://www.reuters.com/business/
2026-02-07 11:48:53 - app.services.scraper_v2 - INFO - get_links:108 - Scraping feed: https://www.reuters.com/technology/
2026-02-07 11:48:54 - app.services.scraper_v2 - INFO - get_links:108 - Scraping feed: https://www.reuters.com/science/
2026-02-07 11:48:55 - app.services.scraper_v2 - INFO - get_links:108 - Scraping feed: https://www.reuters.com/technology/
2026-02-07 11:48:56 - jobs - INFO - run_scraper_loop:30 - Scraping source: Associated Press
2026-02-07 11:48:56 - app.services.scraper_v2 - INFO - get_links:108 - Scraping feed: https://apnews.com/hub/politics
2026-02-07 11:48:57 - app.services.scraper_v2 - INFO - get_links:108 - Scraping feed: https://www.reuters.com/science/
2026-02-07 11:48:57 - app.services.scraper_v2 - INFO - get_links:108 - Scraping feed: https://www.reuters.com/science/
2026-02-07 11:48:59 - jobs - INFO - run_scraper_loop:30 - Scraping source: Associated Press
2026-02-07 11:48:59 - app.services.scraper_v2 - INFO - get_links:108 - Scraping feed: https://apnews.com/hub/politics
2026-02-07 11:48:59 - jobs - INFO - run_scraper_loop:30 - Scraping source: Associated Press
2026-02-07 11:48:59 - app.services.scraper_v2 - INFO - get_links:108 - Scraping feed: https://apnews.com/hub/politics
2026-02-07 11:49:17 - app.services.scraper_v2 - INFO - get_links:108 - Scraping feed: https://apnews.com/hub/business
2026-02-07 11:49:28 - app.services.scraper_v2 - INFO - get_links:108 - Scraping feed: https://apnews.com/hub/business
2026-02-07 11:49:29 - app.services.scraper_v2 - INFO - get_links:108 - Scraping feed: https://apnews.com/hub/business
2026-02-07 11:49:36 - app.services.scraper_v2 - INFO - get_links:108 - Scraping feed: https://apnews.com/hub/science
2026-02-07 11:49:57 - app.services.scraper_v2 - INFO - get_links:108 - Scraping feed: https://apnews.com/hub/health
2026-02-07 11:49:58 - app.services.scraper_v2 - INFO - get_links:108 - Scraping feed: https://apnews.com/hub/science
2026-02-07 11:49:58 - app.services.scraper_v2 - INFO - get_links:108 - Scraping feed: https://apnews.com/hub/science
2026-02-07 11:50:20 - app.core.logging - INFO - setup_logging:71 - Logging system initialized
2026-02-07 11:50:25 - sentence_transformers.SentenceTransformer - INFO - __init__:219 - Use pytorch device_name: cpu
2026-02-07 11:50:25 - sentence_transformers.SentenceTransformer - INFO - __init__:227 - Load pretrained SentenceTransformer: all-MiniLM-L6-v2
2026-02-07 11:50:26 - httpx - INFO - _send_single_request:1025 - HTTP Request: HEAD https://huggingface.co/sentence-transformers/all-MiniLM-L6-v2/resolve/main/modules.json "HTTP/1.1 307 Temporary Redirect"
2026-02-07 11:50:26 - httpx - INFO - _send_single_request:1025 - HTTP Request: HEAD https://huggingface.co/api/resolve-cache/models/sentence-transformers/all-MiniLM-L6-v2/c9745ed1d9f207416be6d2e6f8de32d1f16199bf/modules.json "HTTP/1.1 200 OK"
2026-02-07 11:50:26 - httpx - INFO - _send_single_request:1025 - HTTP Request: HEAD https://huggingface.co/sentence-transformers/all-MiniLM-L6-v2/resolve/main/config_sentence_transformers.json "HTTP/1.1 307 Temporary Redirect"
2026-02-07 11:50:26 - httpx - INFO - _send_single_request:1025 - HTTP Request: HEAD https://huggingface.co/api/resolve-cache/models/sentence-transformers/all-MiniLM-L6-v2/c9745ed1d9f207416be6d2e6f8de32d1f16199bf/config_sentence_transformers.json "HTTP/1.1 200 OK"
2026-02-07 11:50:26 - httpx - INFO - _send_single_request:1025 - HTTP Request: HEAD https://huggingface.co/sentence-transformers/all-MiniLM-L6-v2/resolve/main/config_sentence_transformers.json "HTTP/1.1 307 Temporary Redirect"
2026-02-07 11:50:26 - httpx - INFO - _send_single_request:1025 - HTTP Request: HEAD https://huggingface.co/api/resolve-cache/models/sentence-transformers/all-MiniLM-L6-v2/c9745ed1d9f207416be6d2e6f8de32d1f16199bf/config_sentence_transformers.json "HTTP/1.1 200 OK"
2026-02-07 11:50:26 - httpx - INFO - _send_single_request:1025 - HTTP Request: HEAD https://huggingface.co/sentence-transformers/all-MiniLM-L6-v2/resolve/main/README.md "HTTP/1.1 307 Temporary Redirect"
2026-02-07 11:50:27 - httpx - INFO - _send_single_request:1025 - HTTP Request: HEAD https://huggingface.co/api/resolve-cache/models/sentence-transformers/all-MiniLM-L6-v2/c9745ed1d9f207416be6d2e6f8de32d1f16199bf/README.md "HTTP/1.1 200 OK"
2026-02-07 11:50:27 - httpx - INFO - _send_single_request:1025 - HTTP Request: HEAD https://huggingface.co/sentence-transformers/all-MiniLM-L6-v2/resolve/main/modules.json "HTTP/1.1 307 Temporary Redirect"
2026-02-07 11:50:27 - httpx - INFO - _send_single_request:1025 - HTTP Request: HEAD https://huggingface.co/api/resolve-cache/models/sentence-transformers/all-MiniLM-L6-v2/c9745ed1d9f207416be6d2e6f8de32d1f16199bf/modules.json "HTTP/1.1 200 OK"
2026-02-07 11:50:27 - httpx - INFO - _send_single_request:1025 - HTTP Request: HEAD https://huggingface.co/sentence-transformers/all-MiniLM-L6-v2/resolve/main/sentence_bert_config.json "HTTP/1.1 307 Temporary Redirect"
2026-02-07 11:50:27 - httpx - INFO - _send_single_request:1025 - HTTP Request: HEAD https://huggingface.co/api/resolve-cache/models/sentence-transformers/all-MiniLM-L6-v2/c9745ed1d9f207416be6d2e6f8de32d1f16199bf/sentence_bert_config.json "HTTP/1.1 200 OK"
2026-02-07 11:50:27 - httpx - INFO - _send_single_request:1025 - HTTP Request: HEAD https://huggingface.co/sentence-transformers/all-MiniLM-L6-v2/resolve/main/adapter_config.json "HTTP/1.1 404 Not Found"
2026-02-07 11:50:28 - httpx - INFO - _send_single_request:1025 - HTTP Request: HEAD https://huggingface.co/sentence-transformers/all-MiniLM-L6-v2/resolve/main/config.json "HTTP/1.1 307 Temporary Redirect"
2026-02-07 11:50:28 - httpx - INFO - _send_single_request:1025 - HTTP Request: HEAD https://huggingface.co/api/resolve-cache/models/sentence-transformers/all-MiniLM-L6-v2/c9745ed1d9f207416be6d2e6f8de32d1f16199bf/config.json "HTTP/1.1 200 OK"
2026-02-07 11:50:28 - httpx - INFO - _send_single_request:1025 - HTTP Request: HEAD https://huggingface.co/sentence-transformers/all-MiniLM-L6-v2/resolve/main/config.json "HTTP/1.1 307 Temporary Redirect"
2026-02-07 11:50:28 - httpx - INFO - _send_single_request:1025 - HTTP Request: HEAD https://huggingface.co/api/resolve-cache/models/sentence-transformers/all-MiniLM-L6-v2/c9745ed1d9f207416be6d2e6f8de32d1f16199bf/config.json "HTTP/1.1 200 OK"
2026-02-07 11:50:28 - httpx - INFO - _send_single_request:1025 - HTTP Request: HEAD https://huggingface.co/sentence-transformers/all-MiniLM-L6-v2/resolve/main/tokenizer_config.json "HTTP/1.1 307 Temporary Redirect"
2026-02-07 11:50:28 - httpx - INFO - _send_single_request:1025 - HTTP Request: HEAD https://huggingface.co/api/resolve-cache/models/sentence-transformers/all-MiniLM-L6-v2/c9745ed1d9f207416be6d2e6f8de32d1f16199bf/tokenizer_config.json "HTTP/1.1 200 OK"
2026-02-07 11:50:28 - httpx - INFO - _send_single_request:1025 - HTTP Request: GET https://huggingface.co/api/models/sentence-transformers/all-MiniLM-L6-v2/tree/main/additional_chat_templates?recursive=false&expand=false "HTTP/1.1 404 Not Found"
2026-02-07 11:50:29 - httpx - INFO - _send_single_request:1025 - HTTP Request: GET https://huggingface.co/api/models/sentence-transformers/all-MiniLM-L6-v2/tree/main?recursive=true&expand=false "HTTP/1.1 200 OK"
2026-02-07 11:50:29 - httpx - INFO - _send_single_request:1025 - HTTP Request: HEAD https://huggingface.co/sentence-transformers/all-MiniLM-L6-v2/resolve/main/1_Pooling/config.json "HTTP/1.1 307 Temporary Redirect"
2026-02-07 11:50:29 - httpx - INFO - _send_single_request:1025 - HTTP Request: HEAD https://huggingface.co/api/resolve-cache/models/sentence-transformers/all-MiniLM-L6-v2/c9745ed1d9f207416be6d2e6f8de32d1f16199bf/1_Pooling%2Fconfig.json "HTTP/1.1 200 OK"
2026-02-07 11:50:29 - httpx - INFO - _send_single_request:1025 - HTTP Request: GET https://huggingface.co/api/models/sentence-transformers/all-MiniLM-L6-v2 "HTTP/1.1 200 OK"
2026-02-07 11:50:29 - app.services.deduplicator - INFO - __init__:20 - Deduplicator loaded on cpu
2026-02-07 11:50:29 - uvicorn.error - INFO - _serve:84 - Started server process [14064]
2026-02-07 11:50:29 - uvicorn.error - INFO - startup:48 - Waiting for application startup.
2026-02-07 11:50:29 - app.main - INFO - startup_event:51 - Background News Scraper Started
2026-02-07 11:50:29 - jobs - INFO - init_db:15 - Initializing database...
2026-02-07 11:50:29 - jobs - INFO - run_scraper_loop:25 - Starting Newsroom Ingestion Cycle #1 at 2026-02-07 11:50:29.923541
2026-02-07 11:50:29 - jobs - INFO - run_scraper_loop:30 - Scraping source: Reuters
2026-02-07 11:50:29 - app.services.scraper_v2 - INFO - get_links:108 - Scraping feed: https://www.reuters.com/world/
2026-02-07 11:50:29 - uvicorn.error - INFO - startup:62 - Application startup complete.
2026-02-07 11:50:32 - app.services.scraper_v2 - INFO - get_links:108 - Scraping feed: https://www.reuters.com/business/
2026-02-07 11:50:34 - app.services.scraper_v2 - INFO - get_links:108 - Scraping feed: https://www.reuters.com/technology/
2026-02-07 11:50:37 - app.services.scraper_v2 - INFO - get_links:108 - Scraping feed: https://www.reuters.com/science/
2026-02-07 11:50:39 - app.core.security - INFO - dispatch:32 - GET /api/v1/bookmarks - 127.0.0.1
2026-02-07 11:50:39 - app.core.security - INFO - dispatch:40 - Response: 401 - 0.006s
2026-02-07 11:50:39 - uvicorn.access - INFO - send:483 - 127.0.0.1:65343 - "GET /api/v1/bookmarks HTTP/1.1" 401
2026-02-07 11:50:39 - jobs - INFO - run_scraper_loop:30 - Scraping source: Associated Press
2026-02-07 11:50:39 - app.services.scraper_v2 - INFO - get_links:108 - Scraping feed: https://apnews.com/hub/politics
2026-02-07 11:50:59 - app.services.scraper_v2 - INFO - get_links:108 - Scraping feed: https://apnews.com/hub/business
2026-02-07 11:51:10 - app.core.security - INFO - dispatch:32 - GET /health - 127.0.0.1
2026-02-07 11:51:10 - app.core.security - INFO - dispatch:32 - GET /api/v1/articles - 127.0.0.1
2026-02-07 11:51:10 - app.core.security - INFO - dispatch:40 - Response: 307 - 0.003s
2026-02-07 11:51:10 - uvicorn.access - INFO - send:483 - 127.0.0.1:49340 - "GET /api/v1/articles?category=Business&limit=20 HTTP/1.1" 307
2026-02-07 11:51:10 - app.core.security - INFO - dispatch:40 - Response: 200 - 0.006s
2026-02-07 11:51:10 - uvicorn.access - INFO - send:483 - 127.0.0.1:49339 - "GET /health HTTP/1.1" 200
2026-02-07 11:51:10 - app.core.security - INFO - dispatch:32 - GET /api/v1/articles/ - 127.0.0.1
2026-02-07 11:51:10 - app.core.security - INFO - dispatch:40 - Response: 200 - 0.056s
2026-02-07 11:51:10 - uvicorn.access - INFO - send:483 - 127.0.0.1:49341 - "GET /api/v1/articles/?category=Business&limit=20 HTTP/1.1" 200
2026-02-07 11:51:15 - app.core.security - INFO - dispatch:32 - GET /api/v1/articles - 127.0.0.1
2026-02-07 11:51:15 - app.core.security - INFO - dispatch:32 - GET /api/v1/trending - 127.0.0.1
2026-02-07 11:51:15 - app.core.security - INFO - dispatch:40 - Response: 307 - 0.002s
2026-02-07 11:51:15 - uvicorn.access - INFO - send:483 - 127.0.0.1:64393 - "GET /api/v1/articles?category=Business&limit=20 HTTP/1.1" 307
2026-02-07 11:51:15 - app.core.security - INFO - dispatch:40 - Response: 307 - 0.002s
2026-02-07 11:51:15 - uvicorn.access - INFO - send:483 - 127.0.0.1:64394 - "GET /api/v1/trending HTTP/1.1" 307
2026-02-07 11:51:15 - app.core.security - INFO - dispatch:32 - GET /api/v1/trending/ - 127.0.0.1
2026-02-07 11:51:15 - app.core.security - INFO - dispatch:32 - GET /api/v1/articles/ - 127.0.0.1
2026-02-07 11:51:15 - app.core.security - INFO - dispatch:40 - Response: 200 - 0.010s
2026-02-07 11:51:15 - uvicorn.access - INFO - send:483 - 127.0.0.1:64393 - "GET /api/v1/trending/ HTTP/1.1" 200
2026-02-07 11:51:15 - app.core.security - INFO - dispatch:40 - Response: 200 - 0.049s
2026-02-07 11:51:15 - uvicorn.access - INFO - send:483 - 127.0.0.1:64395 - "GET /api/v1/articles/?category=Business&limit=20 HTTP/1.1" 200
2026-02-07 11:51:17 - app.core.security - INFO - dispatch:32 - GET /api/v1/articles - 127.0.0.1
2026-02-07 11:51:17 - app.core.security - INFO - dispatch:32 - GET /api/v1/trending - 127.0.0.1
2026-02-07 11:51:17 - app.core.security - INFO - dispatch:40 - Response: 307 - 0.002s
2026-02-07 11:51:17 - uvicorn.access - INFO - send:483 - 127.0.0.1:64393 - "GET /api/v1/articles?category=Business&limit=20 HTTP/1.1" 307
2026-02-07 11:51:17 - app.core.security - INFO - dispatch:40 - Response: 307 - 0.001s
2026-02-07 11:51:17 - uvicorn.access - INFO - send:483 - 127.0.0.1:64394 - "GET /api/v1/trending HTTP/1.1" 307
2026-02-07 11:51:17 - app.core.security - INFO - dispatch:32 - GET /api/v1/articles/ - 127.0.0.1
2026-02-07 11:51:17 - app.core.security - INFO - dispatch:32 - GET /api/v1/trending/ - 127.0.0.1
2026-02-07 11:51:17 - app.core.security - INFO - dispatch:40 - Response: 200 - 0.003s
2026-02-07 11:51:17 - uvicorn.access - INFO - send:483 - 127.0.0.1:55153 - "GET /api/v1/trending/ HTTP/1.1" 200
2026-02-07 11:51:17 - app.core.security - INFO - dispatch:40 - Response: 200 - 0.031s
2026-02-07 11:51:17 - uvicorn.access - INFO - send:483 - 127.0.0.1:64395 - "GET /api/v1/articles/?category=Business&limit=20 HTTP/1.1" 200
2026-02-07 11:51:25 - app.services.scraper_v2 - INFO - get_links:108 - Scraping feed: https://apnews.com/hub/science
2026-02-07 11:51:50 - app.core.security - INFO - dispatch:32 - GET /health - 127.0.0.1
2026-02-07 11:51:50 - app.core.security - INFO - dispatch:40 - Response: 200 - 0.004s
2026-02-07 11:51:50 - uvicorn.access - INFO - send:483 - 127.0.0.1:61665 - "GET /health HTTP/1.1" 200
2026-02-07 11:51:52 - app.services.scraper_v2 - INFO - get_links:108 - Scraping feed: https://apnews.com/hub/health
2026-02-07 11:52:23 - jobs - INFO - run_scraper_loop:30 - Scraping source: Bloomberg
2026-02-07 11:52:23 - app.services.scraper_v2 - INFO - get_links:108 - Scraping feed: https://www.bloomberg.com/technology
2026-02-07 11:52:23 - app.services.scraper_v2 - INFO - get_links:108 - Scraping feed: https://www.bloomberg.com/markets
2026-02-07 11:52:24 - app.services.scraper_v2 - INFO - get_links:108 - Scraping feed: https://www.bloomberg.com/politics
2026-02-07 11:52:25 - jobs - INFO - run_scraper_loop:30 - Scraping source: VentureBeat AI
2026-02-07 11:52:25 - app.services.scraper_v2 - INFO - get_links:108 - Scraping feed: https://venturebeat.com/category/ai/
2026-02-07 11:52:30 - jobs - INFO - run_scraper_loop:30 - Scraping source: AI News
2026-02-07 11:52:30 - app.services.scraper_v2 - INFO - get_links:108 - Scraping feed: https://www.artificialintelligence-news.com/
2026-02-07 11:52:32 - jobs - INFO - run_scraper_loop:30 - Scraping source: Sifted
2026-02-07 11:52:32 - app.services.scraper_v2 - INFO - get_links:108 - Scraping feed: https://sifted.eu/sections/artificial-intelligence/
2026-02-07 11:52:32 - app.services.scraper_v2 - INFO - get_links:108 - Scraping feed: https://sifted.eu/sections/startups/
2026-02-07 11:52:32 - jobs - INFO - run_scraper_loop:30 - Scraping source: Nature
2026-02-07 11:52:32 - app.services.scraper_v2 - INFO - get_links:108 - Scraping feed: https://www.nature.com/nature/articles?type=news
2026-02-07 11:52:36 - jobs - INFO - run_scraper_loop:30 - Scraping source: New Scientist
2026-02-07 11:52:36 - app.services.scraper_v2 - INFO - get_links:108 - Scraping feed: https://www.newscientist.com/section/news/
2026-02-07 11:52:50 - app.services.scraper_v2 - INFO - get_links:108 - Scraping feed: https://www.newscientist.com/subject/environment/
2026-02-07 11:53:00 - jobs - INFO - run_scraper_loop:30 - Scraping source: EdSurge
2026-02-07 11:53:00 - app.services.scraper_v2 - INFO - get_links:108 - Scraping feed: https://www.edsurge.com/news
2026-02-07 11:53:13 - jobs - INFO - run_scraper_loop:30 - Scraping source: Inside Higher Ed
2026-02-07 11:53:13 - app.services.scraper_v2 - INFO - get_links:108 - Scraping feed: https://www.insidehighered.com/news
2026-02-07 11:53:29 - jobs - INFO - run_scraper_loop:30 - Scraping source: The Guardian Environment
2026-02-07 11:53:29 - app.services.scraper_v2 - INFO - get_links:108 - Scraping feed: https://www.theguardian.com/environment
2026-02-07 11:53:47 - jobs - INFO - run_scraper_loop:30 - Scraping source: Grist
2026-02-07 11:53:47 - app.services.scraper_v2 - INFO - get_links:108 - Scraping feed: https://grist.org/news/
2026-02-07 11:53:49 - jobs - INFO - run_scraper_loop:30 - Scraping source: Mongabay
2026-02-07 11:53:49 - app.services.scraper_v2 - INFO - get_links:108 - Scraping feed: https://news.mongabay.com/
2026-02-07 11:53:50 - jobs - INFO - run_scraper_loop:30 - Scraping source: National Geographic
2026-02-07 11:53:50 - app.services.scraper_v2 - INFO - get_links:108 - Scraping feed: https://www.nationalgeographic.com/environment
2026-02-07 11:53:52 - app.core.security - INFO - dispatch:32 - GET /api/v1/articles - 127.0.0.1
2026-02-07 11:53:52 - app.core.security - INFO - dispatch:40 - Response: 307 - 0.003s
2026-02-07 11:53:52 - uvicorn.access - INFO - send:483 - 127.0.0.1:57085 - "GET /api/v1/articles?category=Business&limit=20 HTTP/1.1" 307
2026-02-07 11:53:53 - app.core.security - INFO - dispatch:32 - GET /api/v1/articles/ - 127.0.0.1
2026-02-07 11:53:53 - app.core.security - INFO - dispatch:40 - Response: 200 - 0.035s
2026-02-07 11:53:53 - uvicorn.access - INFO - send:483 - 127.0.0.1:62431 - "GET /api/v1/articles/?category=Business&limit=20 HTTP/1.1" 200
2026-02-07 11:54:01 - app.core.security - INFO - dispatch:32 - GET /health - 127.0.0.1
2026-02-07 11:54:01 - app.core.security - INFO - dispatch:32 - GET /health - 127.0.0.1
2026-02-07 11:54:01 - app.core.security - INFO - dispatch:40 - Response: 200 - 0.010s
2026-02-07 11:54:01 - uvicorn.access - INFO - send:483 - 127.0.0.1:56850 - "GET /health HTTP/1.1" 200
2026-02-07 11:54:01 - app.core.security - INFO - dispatch:40 - Response: 200 - 0.010s
2026-02-07 11:54:01 - uvicorn.access - INFO - send:483 - 127.0.0.1:56851 - "GET /health HTTP/1.1" 200
2026-02-07 11:54:27 - app.core.security - INFO - dispatch:32 - GET /api/v1/articles - 127.0.0.1
2026-02-07 11:54:27 - app.core.security - INFO - dispatch:32 - GET /api/v1/trending - 127.0.0.1
2026-02-07 11:54:27 - app.core.security - INFO - dispatch:40 - Response: 307 - 0.004s
2026-02-07 11:54:27 - uvicorn.access - INFO - send:483 - 127.0.0.1:64088 - "GET /api/v1/articles?category=Business&limit=20 HTTP/1.1" 307
2026-02-07 11:54:27 - app.core.security - INFO - dispatch:40 - Response: 307 - 0.004s
2026-02-07 11:54:27 - uvicorn.access - INFO - send:483 - 127.0.0.1:64089 - "GET /api/v1/trending HTTP/1.1" 307
2026-02-07 11:54:27 - app.core.security - INFO - dispatch:32 - GET /api/v1/trending/ - 127.0.0.1
2026-02-07 11:54:27 - app.core.security - INFO - dispatch:32 - GET /api/v1/articles/ - 127.0.0.1
2026-02-07 11:54:27 - app.core.security - INFO - dispatch:40 - Response: 200 - 0.026s
2026-02-07 11:54:27 - uvicorn.access - INFO - send:483 - 127.0.0.1:64088 - "GET /api/v1/trending/ HTTP/1.1" 200
2026-02-07 11:54:27 - app.core.security - INFO - dispatch:40 - Response: 200 - 0.085s
2026-02-07 11:54:27 - uvicorn.access - INFO - send:483 - 127.0.0.1:64090 - "GET /api/v1/articles/?category=Business&limit=20 HTTP/1.1" 200
2026-02-07 11:54:32 - jobs - INFO - run_scraper_loop:30 - Scraping source: The Hindu
2026-02-07 11:54:32 - app.services.scraper_v2 - INFO - get_links:108 - Scraping feed: https://www.thehindu.com/news/national/
2026-02-07 11:54:55 - app.services.scraper_v2 - INFO - get_links:108 - Scraping feed: https://www.thehindu.com/sci-tech/technology/
2026-02-07 11:55:25 - app.services.scraper_v2 - INFO - get_links:108 - Scraping feed: https://www.thehindu.com/sport/
2026-02-07 11:55:27 - app.core.security - INFO - dispatch:32 - GET /health - 127.0.0.1
2026-02-07 11:55:27 - app.core.security - INFO - dispatch:32 - GET /api/v1/articles - 127.0.0.1
2026-02-07 11:55:27 - app.core.security - INFO - dispatch:40 - Response: 307 - 0.008s
2026-02-07 11:55:28 - uvicorn.access - INFO - send:483 - 127.0.0.1:56742 - "GET /api/v1/articles?limit=20 HTTP/1.1" 307
2026-02-07 11:55:28 - app.core.security - INFO - dispatch:40 - Response: 200 - 0.018s
2026-02-07 11:55:28 - uvicorn.access - INFO - send:483 - 127.0.0.1:56741 - "GET /health HTTP/1.1" 200
2026-02-07 11:55:28 - app.core.security - INFO - dispatch:32 - GET /api/v1/articles - 127.0.0.1
2026-02-07 11:55:28 - app.core.security - INFO - dispatch:32 - GET /api/v1/articles - 127.0.0.1
2026-02-07 11:55:28 - app.core.security - INFO - dispatch:32 - GET /api/v1/articles - 127.0.0.1
2026-02-07 11:55:28 - app.core.security - INFO - dispatch:32 - GET /api/v1/articles - 127.0.0.1
2026-02-07 11:55:28 - app.core.security - INFO - dispatch:32 - GET /api/v1/articles - 127.0.0.1
2026-02-07 11:55:28 - app.core.security - INFO - dispatch:32 - GET /api/v1/articles - 127.0.0.1
2026-02-07 11:55:28 - app.core.security - INFO - dispatch:32 - GET /api/v1/articles - 127.0.0.1
2026-02-07 11:55:28 - app.core.security - INFO - dispatch:32 - GET /api/v1/articles - 127.0.0.1
2026-02-07 11:55:28 - app.core.security - INFO - dispatch:32 - GET /api/v1/articles - 127.0.0.1
2026-02-07 11:55:28 - app.core.security - INFO - dispatch:32 - GET /api/v1/articles - 127.0.0.1
2026-02-07 11:55:28 - app.core.security - INFO - dispatch:40 - Response: 307 - 0.031s
2026-02-07 11:55:28 - uvicorn.access - INFO - send:483 - 127.0.0.1:56743 - "GET /api/v1/articles?category=World&limit=20 HTTP/1.1" 307
2026-02-07 11:55:28 - app.core.security - INFO - dispatch:40 - Response: 307 - 0.032s
2026-02-07 11:55:28 - app.core.security - INFO - dispatch:40 - Response: 307 - 0.030s
2026-02-07 11:55:28 - uvicorn.access - INFO - send:483 - 127.0.0.1:56744 - "GET /api/v1/articles?category=Technology&limit=20 HTTP/1.1" 307
2026-02-07 11:55:28 - app.core.security - INFO - dispatch:40 - Response: 307 - 0.031s
2026-02-07 11:55:28 - uvicorn.access - INFO - send:483 - 127.0.0.1:56745 - "GET /api/v1/articles?category=AI+%26+Startups&limit=20 HTTP/1.1" 307
2026-02-07 11:55:28 - app.core.security - INFO - dispatch:40 - Response: 307 - 0.031s
2026-02-07 11:55:28 - app.core.security - INFO - dispatch:40 - Response: 307 - 0.029s
2026-02-07 11:55:28 - app.core.security - INFO - dispatch:40 - Response: 307 - 0.029s
2026-02-07 11:55:28 - app.core.security - INFO - dispatch:40 - Response: 307 - 0.029s
2026-02-07 11:55:28 - app.core.security - INFO - dispatch:40 - Response: 307 - 0.028s
2026-02-07 11:55:28 - uvicorn.access - INFO - send:483 - 127.0.0.1:56746 - "GET /api/v1/articles?category=Science&limit=20 HTTP/1.1" 307
2026-02-07 11:55:28 - app.core.security - INFO - dispatch:40 - Response: 307 - 0.027s
2026-02-07 11:55:28 - uvicorn.access - INFO - send:483 - 127.0.0.1:56749 - "GET /api/v1/articles?category=Culture&limit=20 HTTP/1.1" 307
2026-02-07 11:55:28 - uvicorn.access - INFO - send:483 - 127.0.0.1:56748 - "GET /api/v1/articles?category=Politics&limit=20 HTTP/1.1" 307
2026-02-07 11:55:28 - uvicorn.access - INFO - send:483 - 127.0.0.1:56751 - "GET /api/v1/articles?category=Environment&limit=20 HTTP/1.1" 307
2026-02-07 11:55:28 - uvicorn.access - INFO - send:483 - 127.0.0.1:56750 - "GET /api/v1/articles?category=Sports&limit=20 HTTP/1.1" 307
2026-02-07 11:55:28 - uvicorn.access - INFO - send:483 - 127.0.0.1:56747 - "GET /api/v1/articles?category=Health&limit=20 HTTP/1.1" 307
2026-02-07 11:55:28 - uvicorn.access - INFO - send:483 - 127.0.0.1:56752 - "GET /api/v1/articles?category=Education&limit=20 HTTP/1.1" 307
2026-02-07 11:55:28 - app.core.security - INFO - dispatch:32 - GET /api/v1/articles/ - 127.0.0.1
2026-02-07 11:55:28 - app.core.security - INFO - dispatch:32 - GET /api/v1/articles/ - 127.0.0.1
2026-02-07 11:55:28 - app.core.security - INFO - dispatch:32 - GET /api/v1/articles/ - 127.0.0.1
2026-02-07 11:55:28 - app.core.security - INFO - dispatch:32 - GET /api/v1/articles/ - 127.0.0.1
2026-02-07 11:55:28 - app.core.security - INFO - dispatch:32 - GET /api/v1/articles/ - 127.0.0.1
2026-02-07 11:55:28 - app.core.security - INFO - dispatch:32 - GET /api/v1/articles/ - 127.0.0.1
2026-02-07 11:55:28 - app.core.security - INFO - dispatch:32 - GET /api/v1/articles/ - 127.0.0.1
2026-02-07 11:55:28 - app.core.security - INFO - dispatch:32 - GET /api/v1/articles/ - 127.0.0.1
2026-02-07 11:55:28 - app.core.security - INFO - dispatch:32 - GET /api/v1/articles/ - 127.0.0.1
2026-02-07 11:55:28 - app.core.security - INFO - dispatch:32 - GET /api/v1/articles/ - 127.0.0.1
2026-02-07 11:55:28 - app.core.security - INFO - dispatch:32 - GET /api/v1/articles/ - 127.0.0.1
2026-02-07 11:55:28 - app.core.security - INFO - dispatch:40 - Response: 200 - 0.260s
2026-02-07 11:55:29 - app.core.security - INFO - dispatch:40 - Response: 200 - 0.263s
2026-02-07 11:55:29 - uvicorn.access - INFO - send:483 - 127.0.0.1:56741 - "GET /api/v1/articles/?category=World&limit=20 HTTP/1.1" 200
2026-02-07 11:55:29 - uvicorn.access - INFO - send:483 - 127.0.0.1:56742 - "GET /api/v1/articles/?category=Technology&limit=20 HTTP/1.1" 200
2026-02-07 11:55:29 - app.core.security - INFO - dispatch:40 - Response: 200 - 0.303s
2026-02-07 11:55:29 - uvicorn.access - INFO - send:483 - 127.0.0.1:56754 - "GET /api/v1/articles/?limit=20 HTTP/1.1" 200
2026-02-07 11:55:29 - app.core.security - INFO - dispatch:40 - Response: 200 - 0.348s
2026-02-07 11:55:29 - uvicorn.access - INFO - send:483 - 127.0.0.1:56756 - "GET /api/v1/articles/?category=AI+%26+Startups&limit=20 HTTP/1.1" 200
2026-02-07 11:55:29 - app.core.security - INFO - dispatch:40 - Response: 200 - 0.334s
2026-02-07 11:55:29 - uvicorn.access - INFO - send:483 - 127.0.0.1:56758 - "GET /api/v1/articles/?category=Culture&limit=20 HTTP/1.1" 200
2026-02-07 11:55:29 - app.core.security - INFO - dispatch:40 - Response: 200 - 0.386s
2026-02-07 11:55:29 - uvicorn.access - INFO - send:483 - 127.0.0.1:56759 - "GET /api/v1/articles/?category=Politics&limit=20 HTTP/1.1" 200
2026-02-07 11:55:29 - app.core.security - INFO - dispatch:40 - Response: 200 - 0.494s
2026-02-07 11:55:29 - uvicorn.access - INFO - send:483 - 127.0.0.1:56762 - "GET /api/v1/articles/?category=Health&limit=20 HTTP/1.1" 200
2026-02-07 11:55:29 - app.core.security - INFO - dispatch:40 - Response: 200 - 0.531s
2026-02-07 11:55:29 - app.core.security - INFO - dispatch:40 - Response: 200 - 0.542s
2026-02-07 11:55:29 - app.core.security - INFO - dispatch:40 - Response: 200 - 0.513s
2026-02-07 11:55:29 - app.core.security - INFO - dispatch:40 - Response: 200 - 0.527s
2026-02-07 11:55:29 - uvicorn.access - INFO - send:483 - 127.0.0.1:56760 - "GET /api/v1/articles/?category=Environment&limit=20 HTTP/1.1" 200
2026-02-07 11:55:29 - uvicorn.access - INFO - send:483 - 127.0.0.1:56757 - "GET /api/v1/articles/?category=Science&limit=20 HTTP/1.1" 200
2026-02-07 11:55:29 - uvicorn.access - INFO - send:483 - 127.0.0.1:56763 - "GET /api/v1/articles/?category=Education&limit=20 HTTP/1.1" 200
2026-02-07 11:55:29 - uvicorn.access - INFO - send:483 - 127.0.0.1:56761 - "GET /api/v1/articles/?category=Sports&limit=20 HTTP/1.1" 200
2026-02-07 11:55:30 - app.core.security - INFO - dispatch:32 - GET /api/v1/articles - 127.0.0.1
2026-02-07 11:55:30 - app.core.security - INFO - dispatch:32 - GET /health - 127.0.0.1
2026-02-07 11:55:30 - app.core.security - INFO - dispatch:40 - Response: 307 - 0.008s
2026-02-07 11:55:30 - uvicorn.access - INFO - send:483 - 127.0.0.1:60595 - "GET /api/v1/articles?limit=30 HTTP/1.1" 307
2026-02-07 11:55:30 - app.core.security - INFO - dispatch:40 - Response: 200 - 0.013s
2026-02-07 11:55:30 - app.core.security - INFO - dispatch:32 - GET /api/v1/articles - 127.0.0.1
2026-02-07 11:55:30 - uvicorn.access - INFO - send:483 - 127.0.0.1:50060 - "GET /health HTTP/1.1" 200
2026-02-07 11:55:30 - app.core.security - INFO - dispatch:32 - GET /api/v1/articles/ - 127.0.0.1
2026-02-07 11:55:30 - app.core.security - INFO - dispatch:40 - Response: 307 - 0.013s
2026-02-07 11:55:30 - app.core.security - INFO - dispatch:32 - GET /health - 127.0.0.1
2026-02-07 11:55:30 - uvicorn.access - INFO - send:483 - 127.0.0.1:60595 - "GET /api/v1/articles?limit=30 HTTP/1.1" 307
2026-02-07 11:55:30 - app.core.security - INFO - dispatch:40 - Response: 200 - 0.015s
2026-02-07 11:55:30 - uvicorn.access - INFO - send:483 - 127.0.0.1:54538 - "GET /health HTTP/1.1" 200
2026-02-07 11:55:30 - app.core.security - INFO - dispatch:40 - Response: 200 - 0.143s
2026-02-07 11:55:30 - uvicorn.access - INFO - send:483 - 127.0.0.1:53385 - "GET /api/v1/articles/?limit=30 HTTP/1.1" 200
2026-02-07 11:55:30 - app.core.security - INFO - dispatch:32 - GET /api/v1/articles/ - 127.0.0.1
2026-02-07 11:55:30 - app.core.security - INFO - dispatch:40 - Response: 200 - 0.122s
2026-02-07 11:55:30 - uvicorn.access - INFO - send:483 - 127.0.0.1:54538 - "GET /api/v1/articles/?limit=30 HTTP/1.1" 200
2026-02-07 11:55:30 - uvicorn.access - INFO - send:483 - 127.0.0.1:54538 - "OPTIONS /api/v1/bookmarks HTTP/1.1" 200
2026-02-07 11:55:30 - app.core.security - INFO - dispatch:32 - GET /api/v1/bookmarks - 127.0.0.1
2026-02-07 11:55:32 - app.core.security - INFO - dispatch:40 - Response: 200 - 1.874s
2026-02-07 11:55:32 - uvicorn.access - INFO - send:483 - 127.0.0.1:54538 - "GET /api/v1/bookmarks HTTP/1.1" 200
2026-02-07 11:55:35 - uvicorn.access - INFO - send:483 - 127.0.0.1:54538 - "OPTIONS /api/v1/scraper/status HTTP/1.1" 200
2026-02-07 11:55:35 - uvicorn.access - INFO - send:483 - 127.0.0.1:53385 - "OPTIONS /api/v1/scraper/status HTTP/1.1" 200
2026-02-07 11:55:35 - app.core.security - INFO - dispatch:32 - GET /api/v1/scraper/status - 127.0.0.1
2026-02-07 11:55:35 - app.core.security - INFO - dispatch:40 - Response: 200 - 0.102s
2026-02-07 11:55:35 - uvicorn.access - INFO - send:483 - 127.0.0.1:54538 - "GET /api/v1/scraper/status HTTP/1.1" 200
2026-02-07 11:55:35 - app.core.security - INFO - dispatch:32 - GET /api/v1/scraper/status - 127.0.0.1
2026-02-07 11:55:35 - app.core.security - INFO - dispatch:40 - Response: 200 - 0.074s
2026-02-07 11:55:35 - uvicorn.access - INFO - send:483 - 127.0.0.1:53385 - "GET /api/v1/scraper/status HTTP/1.1" 200
2026-02-07 11:55:45 - app.core.security - INFO - dispatch:32 - GET /health - 127.0.0.1
2026-02-07 11:55:45 - app.core.security - INFO - dispatch:40 - Response: 200 - 0.012s
2026-02-07 11:55:45 - uvicorn.access - INFO - send:483 - 127.0.0.1:55750 - "GET /health HTTP/1.1" 200
2026-02-07 11:55:45 - uvicorn.access - INFO - send:483 - 127.0.0.1:55750 - "OPTIONS /news/stats HTTP/1.1" 200
2026-02-07 11:55:45 - uvicorn.access - INFO - send:483 - 127.0.0.1:56320 - "OPTIONS /news/quick-feed HTTP/1.1" 200
2026-02-07 11:55:45 - app.core.security - INFO - dispatch:32 - GET /news/stats - 127.0.0.1
2026-02-07 11:55:45 - app.core.security - INFO - dispatch:32 - GET /news/quick-feed - 127.0.0.1
2026-02-07 11:55:45 - app.core.security - INFO - dispatch:40 - Response: 200 - 0.101s
2026-02-07 11:55:45 - uvicorn.access - INFO - send:483 - 127.0.0.1:55750 - "GET /news/stats HTTP/1.1" 200
2026-02-07 11:55:45 - app.core.security - INFO - dispatch:40 - Response: 200 - 0.127s
2026-02-07 11:55:45 - uvicorn.access - INFO - send:483 - 127.0.0.1:56320 - "GET /news/quick-feed HTTP/1.1" 200
2026-02-07 11:55:49 - jobs - INFO - run_scraper_loop:30 - Scraping source: ESPN
2026-02-07 11:55:49 - app.services.scraper_v2 - INFO - get_links:108 - Scraping feed: https://www.espn.com/
2026-02-07 11:55:57 - uvicorn.access - INFO - send:483 - 127.0.0.1:62884 - "OPTIONS /api/v1/articles/search?q=Politics&limit=10 HTTP/1.1" 200
2026-02-07 11:55:57 - app.core.security - INFO - dispatch:32 - GET /api/v1/articles/search - 127.0.0.1
2026-02-07 11:55:58 - app.core.security - INFO - dispatch:40 - Response: 200 - 0.302s
2026-02-07 11:55:58 - uvicorn.access - INFO - send:483 - 127.0.0.1:62884 - "GET /api/v1/articles/search?q=Politics&limit=10 HTTP/1.1" 200
2026-02-07 11:56:07 - app.core.security - INFO - dispatch:32 - GET /api/v1/scraper/status - 127.0.0.1
2026-02-07 11:56:07 - app.core.security - INFO - dispatch:40 - Response: 200 - 0.054s
2026-02-07 11:56:07 - uvicorn.access - INFO - send:483 - 127.0.0.1:57225 - "GET /api/v1/scraper/status HTTP/1.1" 200
2026-02-07 11:56:07 - app.core.security - INFO - dispatch:32 - GET /api/v1/scraper/status - 127.0.0.1
2026-02-07 11:56:07 - app.core.security - INFO - dispatch:40 - Response: 200 - 0.050s
2026-02-07 11:56:07 - uvicorn.access - INFO - send:483 - 127.0.0.1:61813 - "GET /api/v1/scraper/status HTTP/1.1" 200
2026-02-07 11:56:29 - app.services.scraper_v2 - INFO - get_links:108 - Scraping feed: https://www.espn.com/nfl/
2026-04-02 10:50:28 - app.core.logging - INFO - setup_logging:71 - Logging system initialized
2026-04-02 10:50:28 - uvicorn.error - INFO - serve:76 - Started server process [1992]
2026-04-02 10:50:28 - uvicorn.error - INFO - startup:48 - Waiting for application startup.
2026-04-02 10:50:34 - app.services.deduplicator - WARNING - <module>:12 - ML modules (torch/sentence-transformers) not found. Deduplication disabled.
2026-04-02 10:50:34 - app.main - INFO - lifespan:34 - Background News Scraper Started
2026-04-02 10:50:34 - jobs - INFO - init_db:15 - Initializing database...
2026-04-02 10:50:34 - jobs - INFO - run_scraper_loop:25 - Starting Newsroom Ingestion Cycle #1 at 2026-04-02 10:50:34.103277
2026-04-02 10:50:34 - jobs - INFO - run_scraper_loop:30 - Scraping source: Reuters
2026-04-02 10:50:34 - app.services.scraper_v2 - INFO - get_links:108 - Scraping feed: https://www.reuters.com/world/
2026-04-02 10:50:34 - uvicorn.error - INFO - startup:62 - Application startup complete.
2026-04-02 10:50:35 - app.services.scraper_v2 - INFO - get_links:108 - Scraping feed: https://www.reuters.com/business/
2026-04-02 10:50:35 - app.services.scraper_v2 - INFO - get_links:108 - Scraping feed: https://www.reuters.com/technology/
2026-04-02 10:50:35 - app.services.scraper_v2 - INFO - get_links:108 - Scraping feed: https://www.reuters.com/science/
2026-04-02 10:50:35 - jobs - INFO - run_scraper_loop:30 - Scraping source: Associated Press
2026-04-02 10:50:35 - app.services.scraper_v2 - INFO - get_links:108 - Scraping feed: https://apnews.com/hub/politics
2026-04-02 10:50:39 - app.core.security - INFO - dispatch:32 - GET /health - 127.0.0.1
2026-04-02 10:50:39 - app.core.security - INFO - dispatch:40 - Response: 200 - 0.012s
2026-04-02 10:50:39 - uvicorn.access - INFO - send:505 - 127.0.0.1:64715 - "GET /health HTTP/1.1" 200
2026-04-02 10:50:39 - app.core.security - INFO - dispatch:32 - GET /api/v1/trending - 127.0.0.1
2026-04-02 10:50:39 - app.core.security - INFO - dispatch:40 - Response: 307 - 0.001s
2026-04-02 10:50:39 - uvicorn.access - INFO - send:505 - 127.0.0.1:64716 - "GET /api/v1/trending HTTP/1.1" 307
2026-04-02 10:50:39 - app.core.security - INFO - dispatch:32 - GET /api/v1/articles - 127.0.0.1
2026-04-02 10:50:39 - app.core.security - INFO - dispatch:40 - Response: 307 - 0.001s
2026-04-02 10:50:39 - uvicorn.access - INFO - send:505 - 127.0.0.1:64717 - "GET /api/v1/articles?limit=20 HTTP/1.1" 307
2026-04-02 10:50:39 - app.core.security - INFO - dispatch:32 - GET /api/v1/articles/ - 127.0.0.1
2026-04-02 10:50:39 - app.core.security - INFO - dispatch:32 - GET /api/v1/trending/ - 127.0.0.1
2026-04-02 10:50:39 - app.core.security - INFO - dispatch:40 - Response: 200 - 0.018s
2026-04-02 10:50:39 - uvicorn.access - INFO - send:505 - 127.0.0.1:64718 - "GET /api/v1/trending/ HTTP/1.1" 200
2026-04-02 10:50:39 - app.core.security - INFO - dispatch:32 - GET /api/v1/articles - 127.0.0.1
2026-04-02 10:50:39 - app.core.security - INFO - dispatch:40 - Response: 307 - 0.001s
2026-04-02 10:50:39 - uvicorn.access - INFO - send:505 - 127.0.0.1:64716 - "GET /api/v1/articles?category=World&limit=20 HTTP/1.1" 307
2026-04-02 10:50:39 - app.core.security - INFO - dispatch:32 - GET /api/v1/articles - 127.0.0.1
2026-04-02 10:50:39 - app.core.security - INFO - dispatch:40 - Response: 307 - 0.001s
2026-04-02 10:50:39 - uvicorn.access - INFO - send:505 - 127.0.0.1:64717 - "GET /api/v1/articles?category=Business&limit=20 HTTP/1.1" 307
2026-04-02 10:50:39 - app.core.security - INFO - dispatch:40 - Response: 200 - 0.074s
2026-04-02 10:50:39 - uvicorn.access - INFO - send:505 - 127.0.0.1:64715 - "GET /api/v1/articles/?limit=20 HTTP/1.1" 200
2026-04-02 10:50:39 - app.core.security - INFO - dispatch:32 - GET /api/v1/articles - 127.0.0.1
2026-04-02 10:50:39 - app.core.security - INFO - dispatch:40 - Response: 307 - 0.001s
2026-04-02 10:50:39 - uvicorn.access - INFO - send:505 - 127.0.0.1:64718 - "GET /api/v1/articles?category=Technology&limit=20 HTTP/1.1" 307
2026-04-02 10:50:39 - app.core.security - INFO - dispatch:32 - GET /api/v1/articles/ - 127.0.0.1
2026-04-02 10:50:39 - app.core.security - INFO - dispatch:32 - GET /api/v1/articles - 127.0.0.1
2026-04-02 10:50:39 - app.core.security - INFO - dispatch:32 - GET /api/v1/articles - 127.0.0.1
2026-04-02 10:50:39 - app.core.security - INFO - dispatch:32 - GET /api/v1/articles - 127.0.0.1
2026-04-02 10:50:39 - app.core.security - INFO - dispatch:32 - GET /api/v1/articles - 127.0.0.1
2026-04-02 10:50:39 - app.core.security - INFO - dispatch:32 - GET /api/v1/articles - 127.0.0.1
2026-04-02 10:50:39 - app.core.security - INFO - dispatch:32 - GET /api/v1/articles - 127.0.0.1
2026-04-02 10:50:39 - app.core.security - INFO - dispatch:32 - GET /api/v1/articles/ - 127.0.0.1
2026-04-02 10:50:39 - app.core.security - INFO - dispatch:32 - GET /api/v1/articles - 127.0.0.1
2026-04-02 10:50:39 - app.core.security - INFO - dispatch:32 - GET /api/v1/articles/ - 127.0.0.1
2026-04-02 10:50:39 - app.core.security - INFO - dispatch:32 - GET /api/v1/articles - 127.0.0.1
2026-04-02 10:50:39 - app.core.security - INFO - dispatch:40 - Response: 307 - 0.033s
2026-04-02 10:50:39 - app.core.security - INFO - dispatch:40 - Response: 307 - 0.034s
2026-04-02 10:50:39 - app.core.security - INFO - dispatch:40 - Response: 307 - 0.034s
2026-04-02 10:50:39 - uvicorn.access - INFO - send:505 - 127.0.0.1:64719 - "GET /api/v1/articles?category=AI+%26+Startups&limit=20 HTTP/1.1" 307
2026-04-02 10:50:39 - app.core.security - INFO - dispatch:40 - Response: 307 - 0.036s
2026-04-02 10:50:39 - app.core.security - INFO - dispatch:40 - Response: 307 - 0.036s
2026-04-02 10:50:39 - app.core.security - INFO - dispatch:40 - Response: 307 - 0.036s
2026-04-02 10:50:39 - app.core.security - INFO - dispatch:40 - Response: 307 - 0.035s
2026-04-02 10:50:39 - app.core.security - INFO - dispatch:40 - Response: 307 - 0.032s
2026-04-02 10:50:39 - uvicorn.access - INFO - send:505 - 127.0.0.1:64721 - "GET /api/v1/articles?category=Culture&limit=20 HTTP/1.1" 307
2026-04-02 10:50:39 - uvicorn.access - INFO - send:505 - 127.0.0.1:64720 - "GET /api/v1/articles?category=Science&limit=20 HTTP/1.1" 307
2026-04-02 10:50:39 - uvicorn.access - INFO - send:505 - 127.0.0.1:64724 - "GET /api/v1/articles?category=Sports&limit=20 HTTP/1.1" 307
2026-04-02 10:50:39 - uvicorn.access - INFO - send:505 - 127.0.0.1:64726 - "GET /api/v1/articles?category=Environment&limit=20 HTTP/1.1" 307
2026-04-02 10:50:39 - uvicorn.access - INFO - send:505 - 127.0.0.1:64725 - "GET /api/v1/articles?category=Education&limit=20 HTTP/1.1" 307
2026-04-02 10:50:39 - uvicorn.access - INFO - send:505 - 127.0.0.1:64722 - "GET /api/v1/articles?category=Health&limit=20 HTTP/1.1" 307
2026-04-02 10:50:39 - uvicorn.access - INFO - send:505 - 127.0.0.1:64723 - "GET /api/v1/articles?category=Politics&limit=20 HTTP/1.1" 307
2026-04-02 10:50:39 - app.core.security - INFO - dispatch:32 - GET /api/v1/articles/ - 127.0.0.1
2026-04-02 10:50:39 - app.core.security - INFO - dispatch:32 - GET /api/v1/articles/ - 127.0.0.1
2026-04-02 10:50:39 - app.core.security - INFO - dispatch:32 - GET /api/v1/articles/ - 127.0.0.1
2026-04-02 10:50:39 - app.core.security - INFO - dispatch:32 - GET /api/v1/articles/ - 127.0.0.1
2026-04-02 10:50:39 - app.core.security - INFO - dispatch:32 - GET /api/v1/articles/ - 127.0.0.1
2026-04-02 10:50:39 - app.core.security - INFO - dispatch:32 - GET /api/v1/articles/ - 127.0.0.1
2026-04-02 10:50:39 - app.core.security - INFO - dispatch:32 - GET /api/v1/articles/ - 127.0.0.1
2026-04-02 10:50:39 - app.core.security - INFO - dispatch:32 - GET /api/v1/articles/ - 127.0.0.1
2026-04-02 10:50:39 - app.core.security - INFO - dispatch:40 - Response: 200 - 0.184s
2026-04-02 10:50:39 - uvicorn.access - INFO - send:505 - 127.0.0.1:64715 - "GET /api/v1/articles/?category=Technology&limit=20 HTTP/1.1" 200
2026-04-02 10:50:39 - app.core.security - INFO - dispatch:40 - Response: 200 - 0.161s
2026-04-02 10:50:39 - uvicorn.access - INFO - send:505 - 127.0.0.1:64717 - "GET /api/v1/articles/?category=Culture&limit=20 HTTP/1.1" 200
2026-04-02 10:50:39 - app.core.security - INFO - dispatch:40 - Response: 200 - 0.248s
2026-04-02 10:50:39 - uvicorn.access - INFO - send:505 - 127.0.0.1:64728 - "GET /api/v1/articles/?category=Business&limit=20 HTTP/1.1" 200
2026-04-02 10:50:40 - app.core.security - INFO - dispatch:40 - Response: 200 - 0.283s
2026-04-02 10:50:40 - uvicorn.access - INFO - send:505 - 127.0.0.1:64727 - "GET /api/v1/articles/?category=World&limit=20 HTTP/1.1" 200
2026-04-02 10:50:40 - app.core.security - INFO - dispatch:40 - Response: 200 - 0.270s
2026-04-02 10:50:40 - uvicorn.access - INFO - send:505 - 127.0.0.1:64716 - "GET /api/v1/articles/?category=AI+%26+Startups&limit=20 HTTP/1.1" 200
2026-04-02 10:50:40 - app.core.security - INFO - dispatch:40 - Response: 200 - 0.303s
2026-04-02 10:50:40 - uvicorn.access - INFO - send:505 - 127.0.0.1:64718 - "GET /api/v1/articles/?category=Science&limit=20 HTTP/1.1" 200
2026-04-02 10:50:40 - app.core.security - INFO - dispatch:40 - Response: 200 - 0.325s
2026-04-02 10:50:40 - app.core.security - INFO - dispatch:40 - Response: 200 - 0.325s
2026-04-02 10:50:40 - app.core.security - INFO - dispatch:40 - Response: 200 - 0.365s
2026-04-02 10:50:40 - app.core.security - INFO - dispatch:40 - Response: 200 - 0.353s
2026-04-02 10:50:40 - uvicorn.access - INFO - send:505 - 127.0.0.1:64730 - "GET /api/v1/articles/?category=Politics&limit=20 HTTP/1.1" 200
2026-04-02 10:50:40 - uvicorn.access - INFO - send:505 - 127.0.0.1:64729 - "GET /api/v1/articles/?category=Health&limit=20 HTTP/1.1" 200
2026-04-02 10:50:40 - uvicorn.access - INFO - send:505 - 127.0.0.1:64720 - "GET /api/v1/articles/?category=Environment&limit=20 HTTP/1.1" 200
2026-04-02 10:50:40 - uvicorn.access - INFO - send:505 - 127.0.0.1:64721 - "GET /api/v1/articles/?category=Education&limit=20 HTTP/1.1" 200
2026-04-02 10:50:40 - app.core.security - INFO - dispatch:40 - Response: 200 - 0.385s
2026-04-02 10:50:40 - uvicorn.access - INFO - send:505 - 127.0.0.1:64719 - "GET /api/v1/articles/?category=Sports&limit=20 HTTP/1.1" 200
2026-04-02 10:50:40 - app.core.security - INFO - dispatch:32 - GET /health - 127.0.0.1
2026-04-02 10:50:40 - app.core.security - INFO - dispatch:32 - GET /api/v1/articles - 127.0.0.1
2026-04-02 10:50:40 - app.core.security - INFO - dispatch:40 - Response: 307 - 0.003s
2026-04-02 10:50:40 - uvicorn.access - INFO - send:505 - 127.0.0.1:55476 - "GET /api/v1/articles?limit=30 HTTP/1.1" 307
2026-04-02 10:50:40 - app.core.security - INFO - dispatch:32 - GET /api/v1/articles - 127.0.0.1
2026-04-02 10:50:40 - app.core.security - INFO - dispatch:32 - GET /api/v1/articles/ - 127.0.0.1
2026-04-02 10:50:40 - app.core.security - INFO - dispatch:40 - Response: 200 - 0.019s
2026-04-02 10:50:40 - uvicorn.access - INFO - send:505 - 127.0.0.1:50994 - "GET /health HTTP/1.1" 200
2026-04-02 10:50:40 - app.core.security - INFO - dispatch:40 - Response: 307 - 0.010s
2026-04-02 10:50:40 - uvicorn.access - INFO - send:505 - 127.0.0.1:55476 - "GET /api/v1/articles?limit=30 HTTP/1.1" 307
2026-04-02 10:50:40 - app.core.security - INFO - dispatch:32 - GET /health - 127.0.0.1
2026-04-02 10:50:40 - app.core.security - INFO - dispatch:40 - Response: 200 - 0.009s
2026-04-02 10:50:40 - uvicorn.access - INFO - send:505 - 127.0.0.1:56061 - "GET /health HTTP/1.1" 200
2026-04-02 10:50:40 - app.core.security - INFO - dispatch:40 - Response: 200 - 0.082s
2026-04-02 10:50:40 - uvicorn.access - INFO - send:505 - 127.0.0.1:49782 - "GET /api/v1/articles/?limit=30 HTTP/1.1" 200
2026-04-02 10:50:40 - app.core.security - INFO - dispatch:32 - GET /api/v1/articles/ - 127.0.0.1
2026-04-02 10:50:40 - app.core.security - INFO - dispatch:40 - Response: 200 - 0.080s
2026-04-02 10:50:40 - uvicorn.access - INFO - send:505 - 127.0.0.1:56061 - "GET /api/v1/articles/?limit=30 HTTP/1.1" 200
2026-04-02 10:50:49 - app.core.security - INFO - dispatch:32 - GET /api/v1/articles - 127.0.0.1
2026-04-02 10:50:49 - app.core.security - INFO - dispatch:40 - Response: 307 - 0.001s
2026-04-02 10:50:49 - uvicorn.access - INFO - send:505 - 127.0.0.1:64676 - "GET /api/v1/articles?limit=20&offset=20 HTTP/1.1" 307
2026-04-02 10:50:49 - app.core.security - INFO - dispatch:32 - GET /api/v1/articles/ - 127.0.0.1
2026-04-02 10:50:49 - app.core.security - INFO - dispatch:32 - GET /api/v1/articles - 127.0.0.1
2026-04-02 10:50:49 - app.core.security - INFO - dispatch:40 - Response: 307 - 0.003s
2026-04-02 10:50:49 - uvicorn.access - INFO - send:505 - 127.0.0.1:52435 - "GET /api/v1/articles?limit=30 HTTP/1.1" 307
2026-04-02 10:50:49 - app.core.security - INFO - dispatch:32 - GET /api/v1/articles/ - 127.0.0.1
2026-04-02 10:50:49 - app.core.security - INFO - dispatch:40 - Response: 200 - 0.055s
2026-04-02 10:50:49 - uvicorn.access - INFO - send:505 - 127.0.0.1:52435 - "GET /api/v1/articles/?limit=30 HTTP/1.1" 200
2026-04-02 10:50:49 - app.core.security - INFO - dispatch:40 - Response: 200 - 0.076s
2026-04-02 10:50:49 - uvicorn.access - INFO - send:505 - 127.0.0.1:64676 - "GET /api/v1/articles/?limit=20&offset=20 HTTP/1.1" 200
2026-04-02 10:50:49 - app.core.security - INFO - dispatch:32 - GET /api/v1/articles - 127.0.0.1
2026-04-02 10:50:49 - app.core.security - INFO - dispatch:40 - Response: 307 - 0.001s
2026-04-02 10:50:49 - uvicorn.access - INFO - send:505 - 127.0.0.1:64676 - "GET /api/v1/articles?limit=30 HTTP/1.1" 307
2026-04-02 10:50:49 - app.core.security - INFO - dispatch:32 - GET /api/v1/articles/ - 127.0.0.1
2026-04-02 10:50:49 - app.core.security - INFO - dispatch:40 - Response: 200 - 0.058s
2026-04-02 10:50:49 - uvicorn.access - INFO - send:505 - 127.0.0.1:64676 - "GET /api/v1/articles/?limit=30 HTTP/1.1" 200
2026-04-02 10:50:51 - app.core.security - INFO - dispatch:32 - GET /api/v1/articles - 127.0.0.1
2026-04-02 10:50:51 - app.core.security - INFO - dispatch:40 - Response: 307 - 0.002s
2026-04-02 10:50:51 - uvicorn.access - INFO - send:505 - 127.0.0.1:64676 - "GET /api/v1/articles?limit=20&offset=40 HTTP/1.1" 307
2026-04-02 10:50:51 - app.core.security - INFO - dispatch:32 - GET /api/v1/articles/ - 127.0.0.1
2026-04-02 10:50:51 - app.core.security - INFO - dispatch:32 - GET /api/v1/articles - 127.0.0.1
2026-04-02 10:50:51 - app.core.security - INFO - dispatch:40 - Response: 307 - 0.003s
2026-04-02 10:50:51 - uvicorn.access - INFO - send:505 - 127.0.0.1:52435 - "GET /api/v1/articles?limit=30 HTTP/1.1" 307
2026-04-02 10:50:51 - app.core.security - INFO - dispatch:32 - GET /api/v1/articles/ - 127.0.0.1
2026-04-02 10:50:51 - app.core.security - INFO - dispatch:40 - Response: 200 - 0.093s
2026-04-02 10:50:51 - uvicorn.access - INFO - send:505 - 127.0.0.1:64676 - "GET /api/v1/articles/?limit=20&offset=40 HTTP/1.1" 200
2026-04-02 10:50:51 - app.core.security - INFO - dispatch:40 - Response: 200 - 0.095s
2026-04-02 10:50:51 - uvicorn.access - INFO - send:505 - 127.0.0.1:52435 - "GET /api/v1/articles/?limit=30 HTTP/1.1" 200
2026-04-02 10:50:52 - app.core.security - INFO - dispatch:32 - GET /api/v1/articles - 127.0.0.1
2026-04-02 10:50:52 - app.core.security - INFO - dispatch:40 - Response: 307 - 0.001s
2026-04-02 10:50:52 - uvicorn.access - INFO - send:505 - 127.0.0.1:52435 - "GET /api/v1/articles?limit=30 HTTP/1.1" 307
2026-04-02 10:50:52 - app.core.security - INFO - dispatch:32 - GET /api/v1/articles/ - 127.0.0.1
2026-04-02 10:50:52 - app.core.security - INFO - dispatch:40 - Response: 200 - 0.067s
2026-04-02 10:50:52 - uvicorn.access - INFO - send:505 - 127.0.0.1:52435 - "GET /api/v1/articles/?limit=30 HTTP/1.1" 200
2026-04-02 10:51:07 - app.services.scraper_v2 - INFO - get_links:108 - Scraping feed: https://apnews.com/hub/business
2026-04-02 10:51:37 - app.services.scraper_v2 - INFO - get_links:108 - Scraping feed: https://apnews.com/hub/science
2026-04-02 10:52:11 - app.services.scraper_v2 - INFO - get_links:108 - Scraping feed: https://apnews.com/hub/health
2026-04-02 10:52:48 - jobs - INFO - run_scraper_loop:30 - Scraping source: Bloomberg
2026-04-02 10:52:48 - app.services.scraper_v2 - INFO - get_links:108 - Scraping feed: https://www.bloomberg.com/technology
2026-04-02 10:52:49 - app.services.scraper_v2 - INFO - get_links:108 - Scraping feed: https://www.bloomberg.com/markets
2026-04-02 10:52:49 - app.services.scraper_v2 - INFO - get_links:108 - Scraping feed: https://www.bloomberg.com/politics
2026-04-02 10:52:50 - jobs - INFO - run_scraper_loop:30 - Scraping source: VentureBeat AI
2026-04-02 10:52:50 - app.services.scraper_v2 - INFO - get_links:108 - Scraping feed: https://venturebeat.com/category/ai/
2026-04-02 10:52:53 - jobs - INFO - run_scraper_loop:30 - Scraping source: AI News
2026-04-02 10:52:53 - app.services.scraper_v2 - INFO - get_links:108 - Scraping feed: https://www.artificialintelligence-news.com/
2026-04-02 10:53:08 - app.services.scraper_v2 - ERROR - get_links:127 - Failed to scrape feed https://www.artificialintelligence-news.com/: HTTPSConnectionPool(host='www.artificialintelligence-news.com', port=443): Read timed out. (read timeout=15)
2026-04-02 10:53:08 - jobs - INFO - run_scraper_loop:30 - Scraping source: Sifted
2026-04-02 10:53:08 - app.services.scraper_v2 - INFO - get_links:108 - Scraping feed: https://sifted.eu/sections/artificial-intelligence/
2026-04-02 10:53:09 - app.services.scraper_v2 - INFO - get_links:108 - Scraping feed: https://sifted.eu/sections/startups/
2026-04-02 10:53:09 - jobs - INFO - run_scraper_loop:30 - Scraping source: Nature
2026-04-02 10:53:09 - app.services.scraper_v2 - INFO - get_links:108 - Scraping feed: https://www.nature.com/nature/articles?type=news
2026-04-02 10:53:12 - jobs - INFO - run_scraper_loop:30 - Scraping source: New Scientist
2026-04-02 10:53:12 - app.services.scraper_v2 - INFO - get_links:108 - Scraping feed: https://www.newscientist.com/section/news/
2026-04-02 10:53:28 - app.services.scraper_v2 - INFO - get_links:108 - Scraping feed: https://www.newscientist.com/subject/environment/
2026-04-02 10:53:47 - jobs - INFO - run_scraper_loop:30 - Scraping source: EdSurge
2026-04-02 10:53:47 - app.services.scraper_v2 - INFO - get_links:108 - Scraping feed: https://www.edsurge.com/news
2026-04-02 10:54:16 - jobs - INFO - run_scraper_loop:30 - Scraping source: Inside Higher Ed
2026-04-02 10:54:16 - app.services.scraper_v2 - INFO - get_links:108 - Scraping feed: https://www.insidehighered.com/news
2026-04-02 10:54:27 - app.core.security - INFO - dispatch:32 - GET /health - 127.0.0.1
2026-04-02 10:54:27 - app.core.security - INFO - dispatch:32 - GET /api/v1/articles - 127.0.0.1
2026-04-02 10:54:27 - app.core.security - INFO - dispatch:40 - Response: 307 - 0.003s
2026-04-02 10:54:27 - uvicorn.access - INFO - send:505 - 127.0.0.1:52261 - "GET /api/v1/articles?limit=20 HTTP/1.1" 307
2026-04-02 10:54:27 - app.core.security - INFO - dispatch:40 - Response: 200 - 0.010s
2026-04-02 10:54:27 - uvicorn.access - INFO - send:505 - 127.0.0.1:52260 - "GET /health HTTP/1.1" 200
2026-04-02 10:54:28 - app.core.security - INFO - dispatch:32 - GET /api/v1/articles/ - 127.0.0.1
2026-04-02 10:54:28 - app.core.security - INFO - dispatch:32 - GET /api/v1/articles - 127.0.0.1
2026-04-02 10:54:28 - app.core.security - INFO - dispatch:32 - GET /api/v1/articles - 127.0.0.1
2026-04-02 10:54:28 - app.core.security - INFO - dispatch:32 - GET /api/v1/articles - 127.0.0.1
2026-04-02 10:54:28 - app.core.security - INFO - dispatch:32 - GET /api/v1/articles - 127.0.0.1
2026-04-02 10:54:28 - app.core.security - INFO - dispatch:32 - GET /api/v1/articles - 127.0.0.1
2026-04-02 10:54:28 - app.core.security - INFO - dispatch:32 - GET /api/v1/articles - 127.0.0.1
2026-04-02 10:54:28 - app.core.security - INFO - dispatch:32 - GET /api/v1/articles - 127.0.0.1
2026-04-02 10:54:28 - app.core.security - INFO - dispatch:32 - GET /api/v1/articles - 127.0.0.1
2026-04-02 10:54:28 - app.core.security - INFO - dispatch:32 - GET /api/v1/articles - 127.0.0.1
2026-04-02 10:54:28 - app.core.security - INFO - dispatch:32 - GET /api/v1/articles - 127.0.0.1
2026-04-02 10:54:28 - app.core.security - INFO - dispatch:32 - GET /api/v1/articles - 127.0.0.1
2026-04-02 10:54:28 - app.core.security - INFO - dispatch:40 - Response: 307 - 0.074s
2026-04-02 10:54:28 - app.core.security - INFO - dispatch:40 - Response: 307 - 0.073s
2026-04-02 10:54:28 - app.core.security - INFO - dispatch:40 - Response: 307 - 0.073s
2026-04-02 10:54:28 - app.core.security - INFO - dispatch:40 - Response: 307 - 0.073s
2026-04-02 10:54:28 - app.core.security - INFO - dispatch:40 - Response: 307 - 0.060s
2026-04-02 10:54:28 - uvicorn.access - INFO - send:505 - 127.0.0.1:52263 - "GET /api/v1/articles?category=World&limit=20 HTTP/1.1" 307
2026-04-02 10:54:28 - app.core.security - INFO - dispatch:40 - Response: 307 - 0.059s
2026-04-02 10:54:28 - app.core.security - INFO - dispatch:40 - Response: 307 - 0.058s
2026-04-02 10:54:28 - app.core.security - INFO - dispatch:40 - Response: 307 - 0.058s
2026-04-02 10:54:28 - app.core.security - INFO - dispatch:40 - Response: 307 - 0.058s
2026-04-02 10:54:28 - uvicorn.access - INFO - send:505 - 127.0.0.1:52266 - "GET /api/v1/articles?category=AI+%26+Startups&limit=20 HTTP/1.1" 307
2026-04-02 10:54:28 - uvicorn.access - INFO - send:505 - 127.0.0.1:52265 - "GET /api/v1/articles?category=Technology&limit=20 HTTP/1.1" 307
2026-04-02 10:54:28 - uvicorn.access - INFO - send:505 - 127.0.0.1:52267 - "GET /api/v1/articles?category=Science&limit=20 HTTP/1.1" 307
2026-04-02 10:54:28 - uvicorn.access - INFO - send:505 - 127.0.0.1:52264 - "GET /api/v1/articles?category=Business&limit=20 HTTP/1.1" 307
2026-04-02 10:54:28 - app.core.security - INFO - dispatch:40 - Response: 307 - 0.060s
2026-04-02 10:54:28 - app.core.security - INFO - dispatch:40 - Response: 307 - 0.059s
2026-04-02 10:54:28 - uvicorn.access - INFO - send:505 - 127.0.0.1:52268 - "GET /api/v1/articles?category=Health&limit=20 HTTP/1.1" 307
2026-04-02 10:54:28 - uvicorn.access - INFO - send:505 - 127.0.0.1:52271 - "GET /api/v1/articles?category=Sports&limit=20 HTTP/1.1" 307
2026-04-02 10:54:28 - uvicorn.access - INFO - send:505 - 127.0.0.1:52270 - "GET /api/v1/articles?category=Culture&limit=20 HTTP/1.1" 307
2026-04-02 10:54:28 - uvicorn.access - INFO - send:505 - 127.0.0.1:52269 - "GET /api/v1/articles?category=Politics&limit=20 HTTP/1.1" 307
2026-04-02 10:54:28 - uvicorn.access - INFO - send:505 - 127.0.0.1:52273 - "GET /api/v1/articles?category=Education&limit=20 HTTP/1.1" 307
2026-04-02 10:54:28 - uvicorn.access - INFO - send:505 - 127.0.0.1:52272 - "GET /api/v1/articles?category=Environment&limit=20 HTTP/1.1" 307
2026-04-02 10:54:28 - app.core.security - INFO - dispatch:32 - GET /api/v1/articles/ - 127.0.0.1
2026-04-02 10:54:28 - app.core.security - INFO - dispatch:32 - GET /api/v1/articles/ - 127.0.0.1
2026-04-02 10:54:28 - app.core.security - INFO - dispatch:32 - GET /api/v1/articles/ - 127.0.0.1
2026-04-02 10:54:28 - app.core.security - INFO - dispatch:32 - GET /api/v1/articles/ - 127.0.0.1
2026-04-02 10:54:28 - app.core.security - INFO - dispatch:32 - GET /api/v1/articles/ - 127.0.0.1
2026-04-02 10:54:28 - app.core.security - INFO - dispatch:32 - GET /api/v1/articles/ - 127.0.0.1
2026-04-02 10:54:28 - app.core.security - INFO - dispatch:32 - GET /api/v1/articles/ - 127.0.0.1
2026-04-02 10:54:28 - app.core.security - INFO - dispatch:32 - GET /api/v1/articles/ - 127.0.0.1
2026-04-02 10:54:28 - app.core.security - INFO - dispatch:32 - GET /api/v1/articles/ - 127.0.0.1
2026-04-02 10:54:28 - app.core.security - INFO - dispatch:32 - GET /api/v1/articles/ - 127.0.0.1
2026-04-02 10:54:28 - app.core.security - INFO - dispatch:32 - GET /api/v1/articles/ - 127.0.0.1
2026-04-02 10:54:28 - app.core.security - INFO - dispatch:40 - Response: 200 - 0.157s
2026-04-02 10:54:28 - uvicorn.access - INFO - send:505 - 127.0.0.1:52262 - "GET /api/v1/articles/?limit=20 HTTP/1.1" 200
2026-04-02 10:54:28 - app.core.security - INFO - dispatch:40 - Response: 200 - 0.118s
2026-04-02 10:54:28 - app.core.security - INFO - dispatch:40 - Response: 200 - 0.121s
2026-04-02 10:54:28 - uvicorn.access - INFO - send:505 - 127.0.0.1:52260 - "GET /api/v1/articles/?category=World&limit=20 HTTP/1.1" 200
2026-04-02 10:54:28 - uvicorn.access - INFO - send:505 - 127.0.0.1:52261 - "GET /api/v1/articles/?category=AI+%26+Startups&limit=20 HTTP/1.1" 200
2026-04-02 10:54:28 - app.core.security - INFO - dispatch:40 - Response: 200 - 0.123s
2026-04-02 10:54:28 - uvicorn.access - INFO - send:505 - 127.0.0.1:52263 - "GET /api/v1/articles/?category=Health&limit=20 HTTP/1.1" 200
2026-04-02 10:54:28 - app.core.security - INFO - dispatch:40 - Response: 200 - 0.125s
2026-04-02 10:54:28 - uvicorn.access - INFO - send:505 - 127.0.0.1:52265 - "GET /api/v1/articles/?category=Culture&limit=20 HTTP/1.1" 200
2026-04-02 10:54:28 - app.core.security - INFO - dispatch:40 - Response: 200 - 0.134s
2026-04-02 10:54:28 - uvicorn.access - INFO - send:505 - 127.0.0.1:52274 - "GET /api/v1/articles/?category=Technology&limit=20 HTTP/1.1" 200
2026-04-02 10:54:28 - app.core.security - INFO - dispatch:40 - Response: 200 - 0.161s
2026-04-02 10:54:28 - uvicorn.access - INFO - send:505 - 127.0.0.1:52264 - "GET /api/v1/articles/?category=Sports&limit=20 HTTP/1.1" 200
2026-04-02 10:54:28 - app.core.security - INFO - dispatch:40 - Response: 200 - 0.168s
2026-04-02 10:54:28 - uvicorn.access - INFO - send:505 - 127.0.0.1:52266 - "GET /api/v1/articles/?category=Politics&limit=20 HTTP/1.1" 200
2026-04-02 10:54:28 - app.core.security - INFO - dispatch:40 - Response: 200 - 0.201s
2026-04-02 10:54:28 - app.core.security - INFO - dispatch:40 - Response: 200 - 0.207s
2026-04-02 10:54:28 - app.core.security - INFO - dispatch:40 - Response: 200 - 0.188s
2026-04-02 10:54:28 - app.core.security - INFO - dispatch:40 - Response: 200 - 0.199s
2026-04-02 10:54:28 - uvicorn.access - INFO - send:505 - 127.0.0.1:52275 - "GET /api/v1/articles/?category=Science&limit=20 HTTP/1.1" 200
2026-04-02 10:54:28 - uvicorn.access - INFO - send:505 - 127.0.0.1:52267 - "GET /api/v1/articles/?category=Education&limit=20 HTTP/1.1" 200
2026-04-02 10:54:28 - uvicorn.access - INFO - send:505 - 127.0.0.1:52277 - "GET /api/v1/articles/?category=Environment&limit=20 HTTP/1.1" 200
2026-04-02 10:54:28 - uvicorn.access - INFO - send:505 - 127.0.0.1:52276 - "GET /api/v1/articles/?category=Business&limit=20 HTTP/1.1" 200
2026-04-02 10:54:31 - app.core.security - INFO - dispatch:32 - GET /health - 127.0.0.1
2026-04-02 10:54:31 - app.core.security - INFO - dispatch:32 - GET /api/v1/articles - 127.0.0.1
2026-04-02 10:54:31 - app.core.security - INFO - dispatch:40 - Response: 307 - 0.001s
2026-04-02 10:54:31 - uvicorn.access - INFO - send:505 - 127.0.0.1:59597 - "GET /api/v1/articles?limit=30 HTTP/1.1" 307
2026-04-02 10:54:31 - app.core.security - INFO - dispatch:40 - Response: 200 - 0.007s
2026-04-02 10:54:31 - uvicorn.access - INFO - send:505 - 127.0.0.1:63603 - "GET /health HTTP/1.1" 200
2026-04-02 10:54:31 - app.core.security - INFO - dispatch:32 - GET /api/v1/articles - 127.0.0.1
2026-04-02 10:54:31 - app.core.security - INFO - dispatch:32 - GET /health - 127.0.0.1
2026-04-02 10:54:31 - app.core.security - INFO - dispatch:40 - Response: 307 - 0.004s
2026-04-02 10:54:31 - uvicorn.access - INFO - send:505 - 127.0.0.1:62861 - "GET /api/v1/articles?limit=30 HTTP/1.1" 307
2026-04-02 10:54:31 - app.core.security - INFO - dispatch:32 - GET /api/v1/articles/ - 127.0.0.1
2026-04-02 10:54:31 - app.core.security - INFO - dispatch:40 - Response: 200 - 0.008s
2026-04-02 10:54:31 - uvicorn.access - INFO - send:505 - 127.0.0.1:59597 - "GET /health HTTP/1.1" 200
2026-04-02 10:54:31 - app.core.security - INFO - dispatch:40 - Response: 200 - 0.060s
2026-04-02 10:54:31 - uvicorn.access - INFO - send:505 - 127.0.0.1:63603 - "GET /api/v1/articles/?limit=30 HTTP/1.1" 200
2026-04-02 10:54:31 - app.core.security - INFO - dispatch:32 - GET /api/v1/articles/ - 127.0.0.1
2026-04-02 10:54:31 - app.core.security - INFO - dispatch:40 - Response: 200 - 0.057s
2026-04-02 10:54:31 - uvicorn.access - INFO - send:505 - 127.0.0.1:59597 - "GET /api/v1/articles/?limit=30 HTTP/1.1" 200
2026-04-02 10:54:34 - jobs - INFO - run_scraper_loop:30 - Scraping source: The Guardian Environment
2026-04-02 10:54:34 - app.services.scraper_v2 - INFO - get_links:108 - Scraping feed: https://www.theguardian.com/environment
2026-04-02 10:54:52 - jobs - INFO - run_scraper_loop:30 - Scraping source: Grist
2026-04-02 10:54:52 - app.services.scraper_v2 - INFO - get_links:108 - Scraping feed: https://grist.org/news/
2026-04-02 10:54:54 - jobs - INFO - run_scraper_loop:30 - Scraping source: Mongabay
2026-04-02 10:54:54 - app.services.scraper_v2 - INFO - get_links:108 - Scraping feed: https://news.mongabay.com/
2026-04-02 10:54:54 - jobs - INFO - run_scraper_loop:30 - Scraping source: National Geographic
2026-04-02 10:54:54 - app.services.scraper_v2 - INFO - get_links:108 - Scraping feed: https://www.nationalgeographic.com/environment
2026-04-02 10:55:29 - jobs - INFO - run_scraper_loop:30 - Scraping source: The Hindu
2026-04-02 10:55:29 - app.services.scraper_v2 - INFO - get_links:108 - Scraping feed: https://www.thehindu.com/news/national/
2026-04-02 10:55:43 - app.services.scraper_v2 - INFO - get_links:108 - Scraping feed: https://www.thehindu.com/sci-tech/technology/
2026-04-02 10:55:54 - app.services.scraper_v2 - INFO - get_links:108 - Scraping feed: https://www.thehindu.com/sport/
2026-04-02 10:56:06 - jobs - INFO - run_scraper_loop:30 - Scraping source: ESPN
2026-04-02 10:56:06 - app.services.scraper_v2 - INFO - get_links:108 - Scraping feed: https://www.espn.com/
2026-04-02 10:56:33 - app.services.scraper_v2 - INFO - get_links:108 - Scraping feed: https://www.espn.com/nfl/
2026-04-02 10:57:00 - app.services.scraper_v2 - INFO - get_links:108 - Scraping feed: https://www.espn.com/nba/
2026-04-02 10:57:26 - jobs - INFO - run_scraper_loop:30 - Scraping source: BBC Sport
2026-04-02 10:57:26 - app.services.scraper_v2 - INFO - get_links:108 - Scraping feed: https://www.bbc.com/sport
2026-04-02 10:57:44 - app.services.scraper_v2 - INFO - get_links:108 - Scraping feed: https://www.bbc.com/sport/football
2026-04-02 10:58:02 - app.services.scraper_v2 - INFO - get_links:108 - Scraping feed: https://www.bbc.com/sport/cricket
2026-04-02 10:58:19 - jobs - INFO - run_scraper_loop:34 - Cycle #1 complete. Added 154 high-quality articles.
2026-04-02 10:58:19 - jobs - INFO - run_scraper_loop:38 - Newsroom heartbeat: Next cycle in 30 minutes.
2026-04-02 11:00:36 - app.core.logging - INFO - setup_logging:71 - Logging system initialized
2026-04-02 11:00:36 - uvicorn.error - INFO - serve:76 - Started server process [24920]
2026-04-02 11:00:36 - uvicorn.error - INFO - startup:48 - Waiting for application startup.
2026-04-02 11:00:38 - app.services.deduplicator - WARNING - <module>:12 - ML modules (torch/sentence-transformers) not found. Deduplication disabled.
2026-04-02 11:00:38 - app.main - INFO - lifespan:34 - Background News Scraper Started
2026-04-02 11:00:38 - jobs - INFO - init_db:15 - Initializing database...
2026-04-02 11:00:38 - jobs - INFO - run_scraper_loop:25 - Starting Newsroom Ingestion Cycle #1 at 2026-04-02 11:00:38.292023
2026-04-02 11:00:38 - jobs - INFO - run_scraper_loop:30 - Scraping source: Reuters
2026-04-02 11:00:38 - app.services.scraper_v2 - INFO - get_links:108 - Scraping feed: https://www.reuters.com/world/
2026-04-02 11:00:38 - uvicorn.error - INFO - startup:62 - Application startup complete.
2026-04-02 11:00:39 - app.services.scraper_v2 - INFO - get_links:108 - Scraping feed: https://www.reuters.com/business/
2026-04-02 11:00:39 - app.services.scraper_v2 - INFO - get_links:108 - Scraping feed: https://www.reuters.com/technology/
2026-04-02 11:00:39 - app.services.scraper_v2 - INFO - get_links:108 - Scraping feed: https://www.reuters.com/science/
2026-04-02 11:00:39 - jobs - INFO - run_scraper_loop:30 - Scraping source: Associated Press
2026-04-02 11:00:39 - app.services.scraper_v2 - INFO - get_links:108 - Scraping feed: https://apnews.com/hub/politics
2026-04-02 11:01:07 - app.services.scraper_v2 - INFO - get_links:108 - Scraping feed: https://apnews.com/hub/business
2026-04-02 17:45:51 - app.core.logging - INFO - setup_logging:71 - Logging system initialized
2026-04-02 17:45:51 - uvicorn.error - INFO - serve:76 - Started server process [19752]
2026-04-02 17:45:51 - uvicorn.error - INFO - startup:48 - Waiting for application startup.
2026-04-02 17:45:56 - app.services.deduplicator - WARNING - <module>:12 - ML modules (torch/sentence-transformers) not found. Deduplication disabled.
2026-04-02 17:45:56 - app.main - INFO - lifespan:34 - Background News Scraper Started
2026-04-02 17:45:56 - jobs - INFO - init_db:15 - Initializing database...
2026-04-02 17:45:56 - jobs - INFO - run_scraper_loop:25 - Starting Newsroom Ingestion Cycle #1 at 2026-04-02 17:45:56.482099
2026-04-02 17:45:56 - jobs - INFO - run_scraper_loop:30 - Scraping source: Reuters
2026-04-02 17:45:56 - app.services.scraper_v2 - INFO - get_links:108 - Scraping feed: https://www.reuters.com/world/
2026-04-02 17:45:56 - uvicorn.error - INFO - startup:62 - Application startup complete.
2026-04-02 17:45:58 - app.services.scraper_v2 - INFO - get_links:108 - Scraping feed: https://www.reuters.com/business/
2026-04-02 17:45:59 - app.services.scraper_v2 - INFO - get_links:108 - Scraping feed: https://www.reuters.com/technology/
2026-04-02 17:45:59 - app.core.security - INFO - dispatch:32 - GET /health - 127.0.0.1
2026-04-02 17:45:59 - app.core.security - INFO - dispatch:40 - Response: 200 - 0.014s
2026-04-02 17:45:59 - uvicorn.access - INFO - send:505 - 127.0.0.1:60243 - "GET /health HTTP/1.1" 200
2026-04-02 17:45:59 - app.services.scraper_v2 - INFO - get_links:108 - Scraping feed: https://www.reuters.com/science/
2026-04-02 17:45:59 - app.core.security - INFO - dispatch:32 - GET /api/v1/trending - 127.0.0.1
2026-04-02 17:45:59 - app.core.security - INFO - dispatch:40 - Response: 307 - 0.002s
2026-04-02 17:45:59 - uvicorn.access - INFO - send:505 - 127.0.0.1:60244 - "GET /api/v1/trending HTTP/1.1" 307
2026-04-02 17:45:59 - app.core.security - INFO - dispatch:32 - GET /api/v1/articles - 127.0.0.1
2026-04-02 17:45:59 - app.core.security - INFO - dispatch:40 - Response: 307 - 0.003s
2026-04-02 17:45:59 - uvicorn.access - INFO - send:505 - 127.0.0.1:60245 - "GET /api/v1/articles?limit=20 HTTP/1.1" 307
2026-04-02 17:45:59 - jobs - INFO - run_scraper_loop:30 - Scraping source: Associated Press
2026-04-02 17:45:59 - app.services.scraper_v2 - INFO - get_links:108 - Scraping feed: https://apnews.com/hub/politics
2026-04-02 17:45:59 - app.core.security - INFO - dispatch:32 - GET /api/v1/trending/ - 127.0.0.1
2026-04-02 17:45:59 - app.core.security - INFO - dispatch:32 - GET /api/v1/articles/ - 127.0.0.1
2026-04-02 17:45:59 - app.core.security - INFO - dispatch:40 - Response: 200 - 0.047s
2026-04-02 17:45:59 - uvicorn.access - INFO - send:505 - 127.0.0.1:60243 - "GET /api/v1/trending/ HTTP/1.1" 200
2026-04-02 17:45:59 - app.core.security - INFO - dispatch:32 - GET /api/v1/articles - 127.0.0.1
2026-04-02 17:45:59 - app.core.security - INFO - dispatch:32 - GET /api/v1/articles - 127.0.0.1
2026-04-02 17:45:59 - app.core.security - INFO - dispatch:40 - Response: 307 - 0.010s
2026-04-02 17:45:59 - uvicorn.access - INFO - send:505 - 127.0.0.1:60244 - "GET /api/v1/articles?category=World&limit=20 HTTP/1.1" 307
2026-04-02 17:45:59 - app.core.security - INFO - dispatch:40 - Response: 307 - 0.010s
2026-04-02 17:45:59 - uvicorn.access - INFO - send:505 - 127.0.0.1:60245 - "GET /api/v1/articles?category=Business&limit=20 HTTP/1.1" 307
2026-04-02 17:46:00 - app.core.security - INFO - dispatch:32 - GET /api/v1/articles - 127.0.0.1
2026-04-02 17:46:00 - app.core.security - INFO - dispatch:32 - GET /api/v1/articles - 127.0.0.1
2026-04-02 17:46:00 - app.core.security - INFO - dispatch:32 - GET /api/v1/articles - 127.0.0.1
2026-04-02 17:46:00 - app.core.security - INFO - dispatch:32 - GET /api/v1/articles - 127.0.0.1
2026-04-02 17:46:00 - app.core.security - INFO - dispatch:32 - GET /api/v1/articles - 127.0.0.1
2026-04-02 17:46:00 - app.core.security - INFO - dispatch:32 - GET /api/v1/articles - 127.0.0.1
2026-04-02 17:46:00 - app.core.security - INFO - dispatch:32 - GET /api/v1/articles - 127.0.0.1
2026-04-02 17:46:00 - app.core.security - INFO - dispatch:40 - Response: 307 - 0.018s
2026-04-02 17:46:00 - uvicorn.access - INFO - send:505 - 127.0.0.1:53120 - "GET /api/v1/articles?category=Technology&limit=20 HTTP/1.1" 307
2026-04-02 17:46:00 - app.core.security - INFO - dispatch:40 - Response: 307 - 0.019s
2026-04-02 17:46:00 - app.core.security - INFO - dispatch:40 - Response: 307 - 0.017s
2026-04-02 17:46:00 - app.core.security - INFO - dispatch:40 - Response: 307 - 0.016s
2026-04-02 17:46:00 - uvicorn.access - INFO - send:505 - 127.0.0.1:53121 - "GET /api/v1/articles?category=AI+%26+Startups&limit=20 HTTP/1.1" 307
2026-04-02 17:46:00 - app.core.security - INFO - dispatch:40 - Response: 307 - 0.016s
2026-04-02 17:46:00 - uvicorn.access - INFO - send:505 - 127.0.0.1:53122 - "GET /api/v1/articles?category=Science&limit=20 HTTP/1.1" 307
2026-04-02 17:46:00 - uvicorn.access - INFO - send:505 - 127.0.0.1:53123 - "GET /api/v1/articles?category=Health&limit=20 HTTP/1.1" 307
2026-04-02 17:46:00 - app.core.security - INFO - dispatch:40 - Response: 307 - 0.016s
2026-04-02 17:46:00 - app.core.security - INFO - dispatch:40 - Response: 307 - 0.016s
2026-04-02 17:46:00 - uvicorn.access - INFO - send:505 - 127.0.0.1:53124 - "GET /api/v1/articles?category=Politics&limit=20 HTTP/1.1" 307
2026-04-02 17:46:00 - uvicorn.access - INFO - send:505 - 127.0.0.1:53126 - "GET /api/v1/articles?category=Sports&limit=20 HTTP/1.1" 307
2026-04-02 17:46:00 - uvicorn.access - INFO - send:505 - 127.0.0.1:53125 - "GET /api/v1/articles?category=Culture&limit=20 HTTP/1.1" 307
2026-04-02 17:46:00 - app.core.security - INFO - dispatch:32 - GET /api/v1/articles - 127.0.0.1
2026-04-02 17:46:00 - app.core.security - INFO - dispatch:32 - GET /api/v1/articles - 127.0.0.1
2026-04-02 17:46:00 - app.core.security - INFO - dispatch:32 - GET /api/v1/articles/ - 127.0.0.1
2026-04-02 17:46:00 - app.core.security - INFO - dispatch:32 - GET /api/v1/articles/ - 127.0.0.1
2026-04-02 17:46:00 - app.core.security - INFO - dispatch:32 - GET /api/v1/articles/ - 127.0.0.1
2026-04-02 17:46:00 - app.core.security - INFO - dispatch:32 - GET /api/v1/articles/ - 127.0.0.1
2026-04-02 17:46:00 - app.core.security - INFO - dispatch:32 - GET /api/v1/articles/ - 127.0.0.1
2026-04-02 17:46:00 - app.core.security - INFO - dispatch:40 - Response: 307 - 0.022s
2026-04-02 17:46:00 - uvicorn.access - INFO - send:505 - 127.0.0.1:53127 - "GET /api/v1/articles?category=Environment&limit=20 HTTP/1.1" 307
2026-04-02 17:46:00 - app.core.security - INFO - dispatch:40 - Response: 307 - 0.027s
2026-04-02 17:46:00 - uvicorn.access - INFO - send:505 - 127.0.0.1:53128 - "GET /api/v1/articles?category=Education&limit=20 HTTP/1.1" 307
2026-04-02 17:46:00 - app.core.security - INFO - dispatch:32 - GET /api/v1/articles/ - 127.0.0.1
2026-04-02 17:46:00 - app.core.security - INFO - dispatch:32 - GET /api/v1/articles/ - 127.0.0.1
2026-04-02 17:46:00 - app.core.security - INFO - dispatch:32 - GET /api/v1/articles/ - 127.0.0.1
2026-04-02 17:46:00 - app.core.security - INFO - dispatch:32 - GET /api/v1/articles/ - 127.0.0.1
2026-04-02 17:46:00 - app.core.security - INFO - dispatch:32 - GET /api/v1/articles/ - 127.0.0.1
2026-04-02 17:46:00 - app.core.security - INFO - dispatch:32 - GET /api/v1/articles/ - 127.0.0.1
2026-04-02 17:46:00 - app.core.security - INFO - dispatch:40 - Response: 200 - 0.589s
2026-04-02 17:46:00 - app.core.security - INFO - dispatch:40 - Response: 200 - 1.021s
2026-04-02 17:46:00 - uvicorn.access - INFO - send:505 - 127.0.0.1:60243 - "GET /api/v1/articles/?category=Technology&limit=20 HTTP/1.1" 200
2026-04-02 17:46:00 - uvicorn.access - INFO - send:505 - 127.0.0.1:53119 - "GET /api/v1/articles/?limit=20 HTTP/1.1" 200
2026-04-02 17:46:00 - app.core.security - INFO - dispatch:40 - Response: 200 - 0.556s
2026-04-02 17:46:00 - uvicorn.access - INFO - send:505 - 127.0.0.1:53134 - "GET /api/v1/articles/?category=Culture&limit=20 HTTP/1.1" 200
2026-04-02 17:46:01 - app.core.security - INFO - dispatch:40 - Response: 200 - 0.588s
2026-04-02 17:46:01 - uvicorn.access - INFO - send:505 - 127.0.0.1:53133 - "GET /api/v1/articles/?category=Sports&limit=20 HTTP/1.1" 200
2026-04-02 17:46:01 - app.core.security - INFO - dispatch:40 - Response: 200 - 0.710s
2026-04-02 17:46:01 - app.core.security - INFO - dispatch:40 - Response: 200 - 0.779s
2026-04-02 17:46:01 - app.core.security - INFO - dispatch:40 - Response: 200 - 0.782s
2026-04-02 17:46:01 - uvicorn.access - INFO - send:505 - 127.0.0.1:53131 - "GET /api/v1/articles/?category=Health&limit=20 HTTP/1.1" 200
2026-04-02 17:46:01 - uvicorn.access - INFO - send:505 - 127.0.0.1:53130 - "GET /api/v1/articles/?category=Business&limit=20 HTTP/1.1" 200
2026-04-02 17:46:01 - app.core.security - INFO - dispatch:40 - Response: 200 - 0.797s
2026-04-02 17:46:01 - uvicorn.access - INFO - send:505 - 127.0.0.1:53129 - "GET /api/v1/articles/?category=World&limit=20 HTTP/1.1" 200
2026-04-02 17:46:01 - uvicorn.access - INFO - send:505 - 127.0.0.1:60244 - "GET /api/v1/articles/?category=AI+%26+Startups&limit=20 HTTP/1.1" 200
2026-04-02 17:46:01 - app.core.security - INFO - dispatch:40 - Response: 200 - 0.887s
2026-04-02 17:46:01 - app.core.security - INFO - dispatch:40 - Response: 200 - 0.881s
2026-04-02 17:46:01 - app.core.security - INFO - dispatch:40 - Response: 200 - 0.889s
2026-04-02 17:46:01 - app.core.security - INFO - dispatch:40 - Response: 200 - 0.948s
2026-04-02 17:46:01 - uvicorn.access - INFO - send:505 - 127.0.0.1:60245 - "GET /api/v1/articles/?category=Science&limit=20 HTTP/1.1" 200
2026-04-02 17:46:01 - uvicorn.access - INFO - send:505 - 127.0.0.1:53132 - "GET /api/v1/articles/?category=Politics&limit=20 HTTP/1.1" 200
2026-04-02 17:46:01 - uvicorn.access - INFO - send:505 - 127.0.0.1:53121 - "GET /api/v1/articles/?category=Education&limit=20 HTTP/1.1" 200
2026-04-02 17:46:01 - uvicorn.access - INFO - send:505 - 127.0.0.1:53120 - "GET /api/v1/articles/?category=Environment&limit=20 HTTP/1.1" 200
2026-04-02 17:46:01 - app.core.security - INFO - dispatch:32 - GET /health - 127.0.0.1
2026-04-02 17:46:01 - app.core.security - INFO - dispatch:32 - GET /api/v1/articles - 127.0.0.1
2026-04-02 17:46:01 - app.core.security - INFO - dispatch:40 - Response: 307 - 0.007s
2026-04-02 17:46:01 - uvicorn.access - INFO - send:505 - 127.0.0.1:62004 - "GET /api/v1/articles?limit=30 HTTP/1.1" 307
2026-04-02 17:46:02 - app.core.security - INFO - dispatch:40 - Response: 200 - 0.017s
2026-04-02 17:46:02 - app.core.security - INFO - dispatch:32 - GET /api/v1/articles - 127.0.0.1
2026-04-02 17:46:02 - uvicorn.access - INFO - send:505 - 127.0.0.1:62183 - "GET /health HTTP/1.1" 200
2026-04-02 17:46:02 - app.core.security - INFO - dispatch:32 - GET /api/v1/articles/ - 127.0.0.1
2026-04-02 17:46:02 - app.core.security - INFO - dispatch:40 - Response: 307 - 0.010s
2026-04-02 17:46:02 - app.core.security - INFO - dispatch:32 - GET /health - 127.0.0.1
2026-04-02 17:46:02 - uvicorn.access - INFO - send:505 - 127.0.0.1:52191 - "GET /api/v1/articles?limit=30 HTTP/1.1" 307
2026-04-02 17:46:02 - app.core.security - INFO - dispatch:40 - Response: 200 - 0.011s
2026-04-02 17:46:02 - uvicorn.access - INFO - send:505 - 127.0.0.1:56113 - "GET /health HTTP/1.1" 200
2026-04-02 17:46:02 - app.core.security - INFO - dispatch:40 - Response: 200 - 0.120s
2026-04-02 17:46:02 - uvicorn.access - INFO - send:505 - 127.0.0.1:62004 - "GET /api/v1/articles/?limit=30 HTTP/1.1" 200
2026-04-02 17:46:02 - app.core.security - INFO - dispatch:32 - GET /api/v1/articles/ - 127.0.0.1
2026-04-02 17:46:02 - app.core.security - INFO - dispatch:40 - Response: 200 - 0.111s
2026-04-02 17:46:02 - uvicorn.access - INFO - send:505 - 127.0.0.1:56113 - "GET /api/v1/articles/?limit=30 HTTP/1.1" 200
2026-04-02 17:46:53 - app.services.scraper_v2 - INFO - get_links:108 - Scraping feed: https://apnews.com/hub/business
2026-04-02 17:47:44 - app.services.scraper_v2 - INFO - get_links:108 - Scraping feed: https://apnews.com/hub/science
2026-04-02 17:48:45 - app.services.scraper_v2 - INFO - get_links:108 - Scraping feed: https://apnews.com/hub/health
2026-04-02 17:49:46 - jobs - INFO - run_scraper_loop:30 - Scraping source: Bloomberg
2026-04-02 17:49:46 - app.services.scraper_v2 - INFO - get_links:108 - Scraping feed: https://www.bloomberg.com/technology
2026-04-02 17:49:47 - app.services.scraper_v2 - INFO - get_links:108 - Scraping feed: https://www.bloomberg.com/markets
2026-04-02 17:49:48 - app.services.scraper_v2 - INFO - get_links:108 - Scraping feed: https://www.bloomberg.com/politics
2026-04-02 17:49:50 - jobs - INFO - run_scraper_loop:30 - Scraping source: VentureBeat AI
2026-04-02 17:49:50 - app.services.scraper_v2 - INFO - get_links:108 - Scraping feed: https://venturebeat.com/category/ai/
