2026-02-07 10:36:59 - app.main - ERROR - add_process_time_and_error_handling:88 - Global Request Crash: (sqlite3.OperationalError) no such table: articles
[SQL: SELECT count(*) AS count_1 
FROM (SELECT articles.id AS articles_id, articles.title AS articles_title, articles.slug AS articles_slug, articles.content AS articles_content, articles.summary AS articles_summary, articles.source AS articles_source, articles.url AS articles_url, articles.image_url AS articles_image_url, articles.author AS articles_author, articles.publish_date AS articles_publish_date, articles.category AS articles_category, articles.region AS articles_region, articles.tags AS articles_tags, articles.sentiment_score AS articles_sentiment_score, articles.bias_label AS articles_bias_label, articles.embedding AS articles_embedding, articles.quality_score AS articles_quality_score, articles.readability_score AS articles_readability_score, articles.feed_score AS articles_feed_score, articles.is_featured AS articles_is_featured, articles.is_clickbait AS articles_is_clickbait, articles.read_time_minutes AS articles_read_time_minutes, articles.view_count AS articles_view_count, articles.created_at AS articles_created_at, articles.updated_at AS articles_updated_at 
FROM articles) AS anon_1]
(Background on this error at: https://sqlalche.me/e/14/e3q8)
Traceback (most recent call last):
  File "D:\smartnews\.venv\Lib\site-packages\sqlalchemy\engine\base.py", line 1910, in _execute_context
    self.dialect.do_execute(
    ~~~~~~~~~~~~~~~~~~~~~~~^
        cursor, statement, parameters, context
        ^^^^^^^^^^^^^^^^^^^^^^^^^^^^^^^^^^^^^^
    )
    ^
  File "D:\smartnews\.venv\Lib\site-packages\sqlalchemy\engine\default.py", line 736, in do_execute
    cursor.execute(statement, parameters)
    ~~~~~~~~~~~~~~^^^^^^^^^^^^^^^^^^^^^^^
sqlite3.OperationalError: no such table: articles

The above exception was the direct cause of the following exception:

Traceback (most recent call last):
  File "D:\smartnews\backend\app\main.py", line 83, in add_process_time_and_error_handling
    response = await call_next(request)
               ^^^^^^^^^^^^^^^^^^^^^^^^
  File "D:\smartnews\.venv\Lib\site-packages\starlette\middleware\base.py", line 168, in call_next
    raise app_exc from app_exc.__cause__ or app_exc.__context__
  File "D:\smartnews\.venv\Lib\site-packages\starlette\middleware\base.py", line 144, in coro
    await self.app(scope, receive_or_disconnect, send_no_error)
  File "D:\smartnews\.venv\Lib\site-packages\starlette\middleware\cors.py", line 85, in __call__
    await self.app(scope, receive, send)
  File "D:\smartnews\.venv\Lib\site-packages\starlette\middleware\base.py", line 191, in __call__
    with recv_stream, send_stream, collapse_excgroups():
                                   ~~~~~~~~~~~~~~~~~~^^
  File "C:\Users\binod\AppData\Local\Programs\Python\Python314\Lib\contextlib.py", line 162, in __exit__
    self.gen.throw(value)
    ~~~~~~~~~~~~~~^^^^^^^
  File "D:\smartnews\.venv\Lib\site-packages\starlette\_utils.py", line 85, in collapse_excgroups
    raise exc
  File "D:\smartnews\.venv\Lib\site-packages\starlette\middleware\base.py", line 193, in __call__
    response = await self.dispatch_func(request, call_next)
               ^^^^^^^^^^^^^^^^^^^^^^^^^^^^^^^^^^^^^^^^^^^^
  File "D:\smartnews\backend\app\core\security.py", line 34, in dispatch
    response = await call_next(request)
               ^^^^^^^^^^^^^^^^^^^^^^^^
  File "D:\smartnews\.venv\Lib\site-packages\starlette\middleware\base.py", line 168, in call_next
    raise app_exc from app_exc.__cause__ or app_exc.__context__
  File "D:\smartnews\.venv\Lib\site-packages\starlette\middleware\base.py", line 144, in coro
    await self.app(scope, receive_or_disconnect, send_no_error)
  File "D:\smartnews\.venv\Lib\site-packages\starlette\middleware\base.py", line 191, in __call__
    with recv_stream, send_stream, collapse_excgroups():
                                   ~~~~~~~~~~~~~~~~~~^^
  File "C:\Users\binod\AppData\Local\Programs\Python\Python314\Lib\contextlib.py", line 162, in __exit__
    self.gen.throw(value)
    ~~~~~~~~~~~~~~^^^^^^^
  File "D:\smartnews\.venv\Lib\site-packages\starlette\_utils.py", line 85, in collapse_excgroups
    raise exc
  File "D:\smartnews\.venv\Lib\site-packages\starlette\middleware\base.py", line 193, in __call__
    response = await self.dispatch_func(request, call_next)
               ^^^^^^^^^^^^^^^^^^^^^^^^^^^^^^^^^^^^^^^^^^^^
  File "D:\smartnews\backend\app\core\security.py", line 9, in dispatch
    response = await call_next(request)
               ^^^^^^^^^^^^^^^^^^^^^^^^
  File "D:\smartnews\.venv\Lib\site-packages\starlette\middleware\base.py", line 168, in call_next
    raise app_exc from app_exc.__cause__ or app_exc.__context__
  File "D:\smartnews\.venv\Lib\site-packages\starlette\middleware\base.py", line 144, in coro
    await self.app(scope, receive_or_disconnect, send_no_error)
  File "D:\smartnews\.venv\Lib\site-packages\starlette\middleware\base.py", line 191, in __call__
    with recv_stream, send_stream, collapse_excgroups():
                                   ~~~~~~~~~~~~~~~~~~^^
  File "C:\Users\binod\AppData\Local\Programs\Python\Python314\Lib\contextlib.py", line 162, in __exit__
    self.gen.throw(value)
    ~~~~~~~~~~~~~~^^^^^^^
  File "D:\smartnews\.venv\Lib\site-packages\starlette\_utils.py", line 85, in collapse_excgroups
    raise exc
  File "D:\smartnews\.venv\Lib\site-packages\starlette\middleware\base.py", line 193, in __call__
    response = await self.dispatch_func(request, call_next)
               ^^^^^^^^^^^^^^^^^^^^^^^^^^^^^^^^^^^^^^^^^^^^
  File "D:\smartnews\.venv\Lib\site-packages\slowapi\middleware.py", line 136, in dispatch
    response = await call_next(request)
               ^^^^^^^^^^^^^^^^^^^^^^^^
  File "D:\smartnews\.venv\Lib\site-packages\starlette\middleware\base.py", line 168, in call_next
    raise app_exc from app_exc.__cause__ or app_exc.__context__
  File "D:\smartnews\.venv\Lib\site-packages\starlette\middleware\base.py", line 144, in coro
    await self.app(scope, receive_or_disconnect, send_no_error)
  File "D:\smartnews\.venv\Lib\site-packages\starlette\middleware\exceptions.py", line 63, in __call__
    await wrap_app_handling_exceptions(self.app, conn)(scope, receive, send)
  File "D:\smartnews\.venv\Lib\site-packages\starlette\_exception_handler.py", line 53, in wrapped_app
    raise exc
  File "D:\smartnews\.venv\Lib\site-packages\starlette\_exception_handler.py", line 42, in wrapped_app
    await app(scope, receive, sender)
  File "D:\smartnews\.venv\Lib\site-packages\fastapi\middleware\asyncexitstack.py", line 18, in __call__
    await self.app(scope, receive, send)
  File "D:\smartnews\.venv\Lib\site-packages\starlette\routing.py", line 716, in __call__
    await self.middleware_stack(scope, receive, send)
  File "D:\smartnews\.venv\Lib\site-packages\starlette\routing.py", line 736, in app
    await route.handle(scope, receive, send)
  File "D:\smartnews\.venv\Lib\site-packages\starlette\routing.py", line 290, in handle
    await self.app(scope, receive, send)
  File "D:\smartnews\.venv\Lib\site-packages\fastapi\routing.py", line 115, in app
    await wrap_app_handling_exceptions(app, request)(scope, receive, send)
  File "D:\smartnews\.venv\Lib\site-packages\starlette\_exception_handler.py", line 53, in wrapped_app
    raise exc
  File "D:\smartnews\.venv\Lib\site-packages\starlette\_exception_handler.py", line 42, in wrapped_app
    await app(scope, receive, sender)
  File "D:\smartnews\.venv\Lib\site-packages\fastapi\routing.py", line 101, in app
    response = await f(request)
               ^^^^^^^^^^^^^^^^
  File "D:\smartnews\.venv\Lib\site-packages\fastapi\routing.py", line 355, in app
    raw_response = await run_endpoint_function(
                   ^^^^^^^^^^^^^^^^^^^^^^^^^^^^
    ...<3 lines>...
    )
    ^
  File "D:\smartnews\.venv\Lib\site-packages\fastapi\routing.py", line 245, in run_endpoint_function
    return await run_in_threadpool(dependant.call, **values)
           ^^^^^^^^^^^^^^^^^^^^^^^^^^^^^^^^^^^^^^^^^^^^^^^^^
  File "D:\smartnews\.venv\Lib\site-packages\starlette\concurrency.py", line 32, in run_in_threadpool
    return await anyio.to_thread.run_sync(func)
           ^^^^^^^^^^^^^^^^^^^^^^^^^^^^^^^^^^^^
  File "D:\smartnews\.venv\Lib\site-packages\anyio\to_thread.py", line 63, in run_sync
    return await get_async_backend().run_sync_in_worker_thread(
           ^^^^^^^^^^^^^^^^^^^^^^^^^^^^^^^^^^^^^^^^^^^^^^^^^^^^
        func, args, abandon_on_cancel=abandon_on_cancel, limiter=limiter
        ^^^^^^^^^^^^^^^^^^^^^^^^^^^^^^^^^^^^^^^^^^^^^^^^^^^^^^^^^^^^^^^^
    )
    ^
  File "D:\smartnews\.venv\Lib\site-packages\anyio\_backends\_asyncio.py", line 2502, in run_sync_in_worker_thread
    return await future
           ^^^^^^^^^^^^
  File "D:\smartnews\.venv\Lib\site-packages\anyio\_backends\_asyncio.py", line 986, in run
    result = context.run(func, *args)
  File "D:\smartnews\backend\app\api\v1\endpoints\articles.py", line 58, in get_articles
    total_count = query.count()
  File "D:\smartnews\.venv\Lib\site-packages\sqlalchemy\orm\query.py", line 3176, in count
    return self._from_self(col).enable_eagerloads(False).scalar()
           ~~~~~~~~~~~~~~~~~~~~~~~~~~~~~~~~~~~~~~~~~~~~~~~~~~~~^^
  File "D:\smartnews\.venv\Lib\site-packages\sqlalchemy\orm\query.py", line 2893, in scalar
    ret = self.one()
  File "D:\smartnews\.venv\Lib\site-packages\sqlalchemy\orm\query.py", line 2870, in one
    return self._iter().one()
           ~~~~~~~~~~^^
  File "D:\smartnews\.venv\Lib\site-packages\sqlalchemy\orm\query.py", line 2916, in _iter
    result = self.session.execute(
        statement,
        params,
        execution_options={"_sa_orm_load_options": self.load_options},
    )
  File "D:\smartnews\.venv\Lib\site-packages\sqlalchemy\orm\session.py", line 1717, in execute
    result = conn._execute_20(statement, params or {}, execution_options)
  File "D:\smartnews\.venv\Lib\site-packages\sqlalchemy\engine\base.py", line 1710, in _execute_20
    return meth(self, args_10style, kwargs_10style, execution_options)
  File "D:\smartnews\.venv\Lib\site-packages\sqlalchemy\sql\elements.py", line 334, in _execute_on_connection
    return connection._execute_clauseelement(
           ~~~~~~~~~~~~~~~~~~~~~~~~~~~~~~~~~^
        self, multiparams, params, execution_options
        ^^^^^^^^^^^^^^^^^^^^^^^^^^^^^^^^^^^^^^^^^^^^
    )
    ^
  File "D:\smartnews\.venv\Lib\site-packages\sqlalchemy\engine\base.py", line 1577, in _execute_clauseelement
    ret = self._execute_context(
        dialect,
    ...<8 lines>...
        cache_hit=cache_hit,
    )
  File "D:\smartnews\.venv\Lib\site-packages\sqlalchemy\engine\base.py", line 1953, in _execute_context
    self._handle_dbapi_exception(
    ~~~~~~~~~~~~~~~~~~~~~~~~~~~~^
        e, statement, parameters, cursor, context
        ^^^^^^^^^^^^^^^^^^^^^^^^^^^^^^^^^^^^^^^^^
    )
    ^
  File "D:\smartnews\.venv\Lib\site-packages\sqlalchemy\engine\base.py", line 2134, in _handle_dbapi_exception
    util.raise_(
    ~~~~~~~~~~~^
        sqlalchemy_exception, with_traceback=exc_info[2], from_=e
        ^^^^^^^^^^^^^^^^^^^^^^^^^^^^^^^^^^^^^^^^^^^^^^^^^^^^^^^^^
    )
    ^
  File "D:\smartnews\.venv\Lib\site-packages\sqlalchemy\util\compat.py", line 211, in raise_
    raise exception
  File "D:\smartnews\.venv\Lib\site-packages\sqlalchemy\engine\base.py", line 1910, in _execute_context
    self.dialect.do_execute(
    ~~~~~~~~~~~~~~~~~~~~~~~^
        cursor, statement, parameters, context
        ^^^^^^^^^^^^^^^^^^^^^^^^^^^^^^^^^^^^^^
    )
    ^
  File "D:\smartnews\.venv\Lib\site-packages\sqlalchemy\engine\default.py", line 736, in do_execute
    cursor.execute(statement, parameters)
    ~~~~~~~~~~~~~~^^^^^^^^^^^^^^^^^^^^^^^
sqlalchemy.exc.OperationalError: (sqlite3.OperationalError) no such table: articles
[SQL: SELECT count(*) AS count_1 
FROM (SELECT articles.id AS articles_id, articles.title AS articles_title, articles.slug AS articles_slug, articles.content AS articles_content, articles.summary AS articles_summary, articles.source AS articles_source, articles.url AS articles_url, articles.image_url AS articles_image_url, articles.author AS articles_author, articles.publish_date AS articles_publish_date, articles.category AS articles_category, articles.region AS articles_region, articles.tags AS articles_tags, articles.sentiment_score AS articles_sentiment_score, articles.bias_label AS articles_bias_label, articles.embedding AS articles_embedding, articles.quality_score AS articles_quality_score, articles.readability_score AS articles_readability_score, articles.feed_score AS articles_feed_score, articles.is_featured AS articles_is_featured, articles.is_clickbait AS articles_is_clickbait, articles.read_time_minutes AS articles_read_time_minutes, articles.view_count AS articles_view_count, articles.created_at AS articles_created_at, articles.updated_at AS articles_updated_at 
FROM articles) AS anon_1]
(Background on this error at: https://sqlalche.me/e/14/e3q8)
2026-02-07 10:37:00 - app.main - ERROR - add_process_time_and_error_handling:88 - Global Request Crash: (sqlite3.OperationalError) no such table: articles
[SQL: SELECT count(*) AS count_1 
FROM (SELECT articles.id AS articles_id, articles.title AS articles_title, articles.slug AS articles_slug, articles.content AS articles_content, articles.summary AS articles_summary, articles.source AS articles_source, articles.url AS articles_url, articles.image_url AS articles_image_url, articles.author AS articles_author, articles.publish_date AS articles_publish_date, articles.category AS articles_category, articles.region AS articles_region, articles.tags AS articles_tags, articles.sentiment_score AS articles_sentiment_score, articles.bias_label AS articles_bias_label, articles.embedding AS articles_embedding, articles.quality_score AS articles_quality_score, articles.readability_score AS articles_readability_score, articles.feed_score AS articles_feed_score, articles.is_featured AS articles_is_featured, articles.is_clickbait AS articles_is_clickbait, articles.read_time_minutes AS articles_read_time_minutes, articles.view_count AS articles_view_count, articles.created_at AS articles_created_at, articles.updated_at AS articles_updated_at 
FROM articles) AS anon_1]
(Background on this error at: https://sqlalche.me/e/14/e3q8)
Traceback (most recent call last):
  File "D:\smartnews\.venv\Lib\site-packages\sqlalchemy\engine\base.py", line 1910, in _execute_context
    self.dialect.do_execute(
    ~~~~~~~~~~~~~~~~~~~~~~~^
        cursor, statement, parameters, context
        ^^^^^^^^^^^^^^^^^^^^^^^^^^^^^^^^^^^^^^
    )
    ^
  File "D:\smartnews\.venv\Lib\site-packages\sqlalchemy\engine\default.py", line 736, in do_execute
    cursor.execute(statement, parameters)
    ~~~~~~~~~~~~~~^^^^^^^^^^^^^^^^^^^^^^^
sqlite3.OperationalError: no such table: articles

The above exception was the direct cause of the following exception:

Traceback (most recent call last):
  File "D:\smartnews\backend\app\main.py", line 83, in add_process_time_and_error_handling
    response = await call_next(request)
               ^^^^^^^^^^^^^^^^^^^^^^^^
  File "D:\smartnews\.venv\Lib\site-packages\starlette\middleware\base.py", line 168, in call_next
    raise app_exc from app_exc.__cause__ or app_exc.__context__
  File "D:\smartnews\.venv\Lib\site-packages\starlette\middleware\base.py", line 144, in coro
    await self.app(scope, receive_or_disconnect, send_no_error)
  File "D:\smartnews\.venv\Lib\site-packages\starlette\middleware\cors.py", line 85, in __call__
    await self.app(scope, receive, send)
  File "D:\smartnews\.venv\Lib\site-packages\starlette\middleware\base.py", line 191, in __call__
    with recv_stream, send_stream, collapse_excgroups():
                                   ~~~~~~~~~~~~~~~~~~^^
  File "C:\Users\binod\AppData\Local\Programs\Python\Python314\Lib\contextlib.py", line 162, in __exit__
    self.gen.throw(value)
    ~~~~~~~~~~~~~~^^^^^^^
  File "D:\smartnews\.venv\Lib\site-packages\starlette\_utils.py", line 85, in collapse_excgroups
    raise exc
  File "D:\smartnews\.venv\Lib\site-packages\starlette\middleware\base.py", line 193, in __call__
    response = await self.dispatch_func(request, call_next)
               ^^^^^^^^^^^^^^^^^^^^^^^^^^^^^^^^^^^^^^^^^^^^
  File "D:\smartnews\backend\app\core\security.py", line 34, in dispatch
    response = await call_next(request)
               ^^^^^^^^^^^^^^^^^^^^^^^^
  File "D:\smartnews\.venv\Lib\site-packages\starlette\middleware\base.py", line 168, in call_next
    raise app_exc from app_exc.__cause__ or app_exc.__context__
  File "D:\smartnews\.venv\Lib\site-packages\starlette\middleware\base.py", line 144, in coro
    await self.app(scope, receive_or_disconnect, send_no_error)
  File "D:\smartnews\.venv\Lib\site-packages\starlette\middleware\base.py", line 191, in __call__
    with recv_stream, send_stream, collapse_excgroups():
                                   ~~~~~~~~~~~~~~~~~~^^
  File "C:\Users\binod\AppData\Local\Programs\Python\Python314\Lib\contextlib.py", line 162, in __exit__
    self.gen.throw(value)
    ~~~~~~~~~~~~~~^^^^^^^
  File "D:\smartnews\.venv\Lib\site-packages\starlette\_utils.py", line 85, in collapse_excgroups
    raise exc
  File "D:\smartnews\.venv\Lib\site-packages\starlette\middleware\base.py", line 193, in __call__
    response = await self.dispatch_func(request, call_next)
               ^^^^^^^^^^^^^^^^^^^^^^^^^^^^^^^^^^^^^^^^^^^^
  File "D:\smartnews\backend\app\core\security.py", line 9, in dispatch
    response = await call_next(request)
               ^^^^^^^^^^^^^^^^^^^^^^^^
  File "D:\smartnews\.venv\Lib\site-packages\starlette\middleware\base.py", line 168, in call_next
    raise app_exc from app_exc.__cause__ or app_exc.__context__
  File "D:\smartnews\.venv\Lib\site-packages\starlette\middleware\base.py", line 144, in coro
    await self.app(scope, receive_or_disconnect, send_no_error)
  File "D:\smartnews\.venv\Lib\site-packages\starlette\middleware\base.py", line 191, in __call__
    with recv_stream, send_stream, collapse_excgroups():
                                   ~~~~~~~~~~~~~~~~~~^^
  File "C:\Users\binod\AppData\Local\Programs\Python\Python314\Lib\contextlib.py", line 162, in __exit__
    self.gen.throw(value)
    ~~~~~~~~~~~~~~^^^^^^^
  File "D:\smartnews\.venv\Lib\site-packages\starlette\_utils.py", line 85, in collapse_excgroups
    raise exc
  File "D:\smartnews\.venv\Lib\site-packages\starlette\middleware\base.py", line 193, in __call__
    response = await self.dispatch_func(request, call_next)
               ^^^^^^^^^^^^^^^^^^^^^^^^^^^^^^^^^^^^^^^^^^^^
  File "D:\smartnews\.venv\Lib\site-packages\slowapi\middleware.py", line 136, in dispatch
    response = await call_next(request)
               ^^^^^^^^^^^^^^^^^^^^^^^^
  File "D:\smartnews\.venv\Lib\site-packages\starlette\middleware\base.py", line 168, in call_next
    raise app_exc from app_exc.__cause__ or app_exc.__context__
  File "D:\smartnews\.venv\Lib\site-packages\starlette\middleware\base.py", line 144, in coro
    await self.app(scope, receive_or_disconnect, send_no_error)
  File "D:\smartnews\.venv\Lib\site-packages\starlette\middleware\exceptions.py", line 63, in __call__
    await wrap_app_handling_exceptions(self.app, conn)(scope, receive, send)
  File "D:\smartnews\.venv\Lib\site-packages\starlette\_exception_handler.py", line 53, in wrapped_app
    raise exc
  File "D:\smartnews\.venv\Lib\site-packages\starlette\_exception_handler.py", line 42, in wrapped_app
    await app(scope, receive, sender)
  File "D:\smartnews\.venv\Lib\site-packages\fastapi\middleware\asyncexitstack.py", line 18, in __call__
    await self.app(scope, receive, send)
  File "D:\smartnews\.venv\Lib\site-packages\starlette\routing.py", line 716, in __call__
    await self.middleware_stack(scope, receive, send)
  File "D:\smartnews\.venv\Lib\site-packages\starlette\routing.py", line 736, in app
    await route.handle(scope, receive, send)
  File "D:\smartnews\.venv\Lib\site-packages\starlette\routing.py", line 290, in handle
    await self.app(scope, receive, send)
  File "D:\smartnews\.venv\Lib\site-packages\fastapi\routing.py", line 115, in app
    await wrap_app_handling_exceptions(app, request)(scope, receive, send)
  File "D:\smartnews\.venv\Lib\site-packages\starlette\_exception_handler.py", line 53, in wrapped_app
    raise exc
  File "D:\smartnews\.venv\Lib\site-packages\starlette\_exception_handler.py", line 42, in wrapped_app
    await app(scope, receive, sender)
  File "D:\smartnews\.venv\Lib\site-packages\fastapi\routing.py", line 101, in app
    response = await f(request)
               ^^^^^^^^^^^^^^^^
  File "D:\smartnews\.venv\Lib\site-packages\fastapi\routing.py", line 355, in app
    raw_response = await run_endpoint_function(
                   ^^^^^^^^^^^^^^^^^^^^^^^^^^^^
    ...<3 lines>...
    )
    ^
  File "D:\smartnews\.venv\Lib\site-packages\fastapi\routing.py", line 245, in run_endpoint_function
    return await run_in_threadpool(dependant.call, **values)
           ^^^^^^^^^^^^^^^^^^^^^^^^^^^^^^^^^^^^^^^^^^^^^^^^^
  File "D:\smartnews\.venv\Lib\site-packages\starlette\concurrency.py", line 32, in run_in_threadpool
    return await anyio.to_thread.run_sync(func)
           ^^^^^^^^^^^^^^^^^^^^^^^^^^^^^^^^^^^^
  File "D:\smartnews\.venv\Lib\site-packages\anyio\to_thread.py", line 63, in run_sync
    return await get_async_backend().run_sync_in_worker_thread(
           ^^^^^^^^^^^^^^^^^^^^^^^^^^^^^^^^^^^^^^^^^^^^^^^^^^^^
        func, args, abandon_on_cancel=abandon_on_cancel, limiter=limiter
        ^^^^^^^^^^^^^^^^^^^^^^^^^^^^^^^^^^^^^^^^^^^^^^^^^^^^^^^^^^^^^^^^
    )
    ^
  File "D:\smartnews\.venv\Lib\site-packages\anyio\_backends\_asyncio.py", line 2502, in run_sync_in_worker_thread
    return await future
           ^^^^^^^^^^^^
  File "D:\smartnews\.venv\Lib\site-packages\anyio\_backends\_asyncio.py", line 986, in run
    result = context.run(func, *args)
  File "D:\smartnews\backend\app\api\v1\endpoints\articles.py", line 58, in get_articles
    total_count = query.count()
  File "D:\smartnews\.venv\Lib\site-packages\sqlalchemy\orm\query.py", line 3176, in count
    return self._from_self(col).enable_eagerloads(False).scalar()
           ~~~~~~~~~~~~~~~~~~~~~~~~~~~~~~~~~~~~~~~~~~~~~~~~~~~~^^
  File "D:\smartnews\.venv\Lib\site-packages\sqlalchemy\orm\query.py", line 2893, in scalar
    ret = self.one()
  File "D:\smartnews\.venv\Lib\site-packages\sqlalchemy\orm\query.py", line 2870, in one
    return self._iter().one()
           ~~~~~~~~~~^^
  File "D:\smartnews\.venv\Lib\site-packages\sqlalchemy\orm\query.py", line 2916, in _iter
    result = self.session.execute(
        statement,
        params,
        execution_options={"_sa_orm_load_options": self.load_options},
    )
  File "D:\smartnews\.venv\Lib\site-packages\sqlalchemy\orm\session.py", line 1717, in execute
    result = conn._execute_20(statement, params or {}, execution_options)
  File "D:\smartnews\.venv\Lib\site-packages\sqlalchemy\engine\base.py", line 1710, in _execute_20
    return meth(self, args_10style, kwargs_10style, execution_options)
  File "D:\smartnews\.venv\Lib\site-packages\sqlalchemy\sql\elements.py", line 334, in _execute_on_connection
    return connection._execute_clauseelement(
           ~~~~~~~~~~~~~~~~~~~~~~~~~~~~~~~~~^
        self, multiparams, params, execution_options
        ^^^^^^^^^^^^^^^^^^^^^^^^^^^^^^^^^^^^^^^^^^^^
    )
    ^
  File "D:\smartnews\.venv\Lib\site-packages\sqlalchemy\engine\base.py", line 1577, in _execute_clauseelement
    ret = self._execute_context(
        dialect,
    ...<8 lines>...
        cache_hit=cache_hit,
    )
  File "D:\smartnews\.venv\Lib\site-packages\sqlalchemy\engine\base.py", line 1953, in _execute_context
    self._handle_dbapi_exception(
    ~~~~~~~~~~~~~~~~~~~~~~~~~~~~^
        e, statement, parameters, cursor, context
        ^^^^^^^^^^^^^^^^^^^^^^^^^^^^^^^^^^^^^^^^^
    )
    ^
  File "D:\smartnews\.venv\Lib\site-packages\sqlalchemy\engine\base.py", line 2134, in _handle_dbapi_exception
    util.raise_(
    ~~~~~~~~~~~^
        sqlalchemy_exception, with_traceback=exc_info[2], from_=e
        ^^^^^^^^^^^^^^^^^^^^^^^^^^^^^^^^^^^^^^^^^^^^^^^^^^^^^^^^^
    )
    ^
  File "D:\smartnews\.venv\Lib\site-packages\sqlalchemy\util\compat.py", line 211, in raise_
    raise exception
  File "D:\smartnews\.venv\Lib\site-packages\sqlalchemy\engine\base.py", line 1910, in _execute_context
    self.dialect.do_execute(
    ~~~~~~~~~~~~~~~~~~~~~~~^
        cursor, statement, parameters, context
        ^^^^^^^^^^^^^^^^^^^^^^^^^^^^^^^^^^^^^^
    )
    ^
  File "D:\smartnews\.venv\Lib\site-packages\sqlalchemy\engine\default.py", line 736, in do_execute
    cursor.execute(statement, parameters)
    ~~~~~~~~~~~~~~^^^^^^^^^^^^^^^^^^^^^^^
sqlalchemy.exc.OperationalError: (sqlite3.OperationalError) no such table: articles
[SQL: SELECT count(*) AS count_1 
FROM (SELECT articles.id AS articles_id, articles.title AS articles_title, articles.slug AS articles_slug, articles.content AS articles_content, articles.summary AS articles_summary, articles.source AS articles_source, articles.url AS articles_url, articles.image_url AS articles_image_url, articles.author AS articles_author, articles.publish_date AS articles_publish_date, articles.category AS articles_category, articles.region AS articles_region, articles.tags AS articles_tags, articles.sentiment_score AS articles_sentiment_score, articles.bias_label AS articles_bias_label, articles.embedding AS articles_embedding, articles.quality_score AS articles_quality_score, articles.readability_score AS articles_readability_score, articles.feed_score AS articles_feed_score, articles.is_featured AS articles_is_featured, articles.is_clickbait AS articles_is_clickbait, articles.read_time_minutes AS articles_read_time_minutes, articles.view_count AS articles_view_count, articles.created_at AS articles_created_at, articles.updated_at AS articles_updated_at 
FROM articles) AS anon_1]
(Background on this error at: https://sqlalche.me/e/14/e3q8)
2026-02-07 10:37:00 - root - ERROR - get_stats:176 - Stats endpoint error: (sqlite3.OperationalError) no such table: articles
[SQL: SELECT count(*) AS count_1 
FROM (SELECT articles.id AS articles_id, articles.title AS articles_title, articles.slug AS articles_slug, articles.content AS articles_content, articles.summary AS articles_summary, articles.source AS articles_source, articles.url AS articles_url, articles.image_url AS articles_image_url, articles.author AS articles_author, articles.publish_date AS articles_publish_date, articles.category AS articles_category, articles.region AS articles_region, articles.tags AS articles_tags, articles.sentiment_score AS articles_sentiment_score, articles.bias_label AS articles_bias_label, articles.embedding AS articles_embedding, articles.quality_score AS articles_quality_score, articles.readability_score AS articles_readability_score, articles.feed_score AS articles_feed_score, articles.is_featured AS articles_is_featured, articles.is_clickbait AS articles_is_clickbait, articles.read_time_minutes AS articles_read_time_minutes, articles.view_count AS articles_view_count, articles.created_at AS articles_created_at, articles.updated_at AS articles_updated_at 
FROM articles) AS anon_1]
(Background on this error at: https://sqlalche.me/e/14/e3q8)
2026-02-07 10:37:00 - app.main - ERROR - add_process_time_and_error_handling:88 - Global Request Crash: (sqlite3.OperationalError) no such table: articles
[SQL: SELECT articles.id AS articles_id, articles.title AS articles_title, articles.slug AS articles_slug, articles.content AS articles_content, articles.summary AS articles_summary, articles.source AS articles_source, articles.url AS articles_url, articles.image_url AS articles_image_url, articles.author AS articles_author, articles.publish_date AS articles_publish_date, articles.category AS articles_category, articles.region AS articles_region, articles.tags AS articles_tags, articles.sentiment_score AS articles_sentiment_score, articles.bias_label AS articles_bias_label, articles.embedding AS articles_embedding, articles.quality_score AS articles_quality_score, articles.readability_score AS articles_readability_score, articles.feed_score AS articles_feed_score, articles.is_featured AS articles_is_featured, articles.is_clickbait AS articles_is_clickbait, articles.read_time_minutes AS articles_read_time_minutes, articles.view_count AS articles_view_count, articles.created_at AS articles_created_at, articles.updated_at AS articles_updated_at 
FROM articles ORDER BY articles.publish_date DESC
 LIMIT ? OFFSET ?]
[parameters: (10, 0)]
(Background on this error at: https://sqlalche.me/e/14/e3q8)
Traceback (most recent call last):
  File "D:\smartnews\.venv\Lib\site-packages\sqlalchemy\engine\base.py", line 1910, in _execute_context
    self.dialect.do_execute(
    ~~~~~~~~~~~~~~~~~~~~~~~^
        cursor, statement, parameters, context
        ^^^^^^^^^^^^^^^^^^^^^^^^^^^^^^^^^^^^^^
    )
    ^
  File "D:\smartnews\.venv\Lib\site-packages\sqlalchemy\engine\default.py", line 736, in do_execute
    cursor.execute(statement, parameters)
    ~~~~~~~~~~~~~~^^^^^^^^^^^^^^^^^^^^^^^
sqlite3.OperationalError: no such table: articles

The above exception was the direct cause of the following exception:

Traceback (most recent call last):
  File "D:\smartnews\backend\app\main.py", line 83, in add_process_time_and_error_handling
    response = await call_next(request)
               ^^^^^^^^^^^^^^^^^^^^^^^^
  File "D:\smartnews\.venv\Lib\site-packages\starlette\middleware\base.py", line 168, in call_next
    raise app_exc from app_exc.__cause__ or app_exc.__context__
  File "D:\smartnews\.venv\Lib\site-packages\starlette\middleware\base.py", line 144, in coro
    await self.app(scope, receive_or_disconnect, send_no_error)
  File "D:\smartnews\.venv\Lib\site-packages\starlette\middleware\cors.py", line 85, in __call__
    await self.app(scope, receive, send)
  File "D:\smartnews\.venv\Lib\site-packages\starlette\middleware\base.py", line 191, in __call__
    with recv_stream, send_stream, collapse_excgroups():
                                   ~~~~~~~~~~~~~~~~~~^^
  File "C:\Users\binod\AppData\Local\Programs\Python\Python314\Lib\contextlib.py", line 162, in __exit__
    self.gen.throw(value)
    ~~~~~~~~~~~~~~^^^^^^^
  File "D:\smartnews\.venv\Lib\site-packages\starlette\_utils.py", line 85, in collapse_excgroups
    raise exc
  File "D:\smartnews\.venv\Lib\site-packages\starlette\middleware\base.py", line 193, in __call__
    response = await self.dispatch_func(request, call_next)
               ^^^^^^^^^^^^^^^^^^^^^^^^^^^^^^^^^^^^^^^^^^^^
  File "D:\smartnews\backend\app\core\security.py", line 34, in dispatch
    response = await call_next(request)
               ^^^^^^^^^^^^^^^^^^^^^^^^
  File "D:\smartnews\.venv\Lib\site-packages\starlette\middleware\base.py", line 168, in call_next
    raise app_exc from app_exc.__cause__ or app_exc.__context__
  File "D:\smartnews\.venv\Lib\site-packages\starlette\middleware\base.py", line 144, in coro
    await self.app(scope, receive_or_disconnect, send_no_error)
  File "D:\smartnews\.venv\Lib\site-packages\starlette\middleware\base.py", line 191, in __call__
    with recv_stream, send_stream, collapse_excgroups():
                                   ~~~~~~~~~~~~~~~~~~^^
  File "C:\Users\binod\AppData\Local\Programs\Python\Python314\Lib\contextlib.py", line 162, in __exit__
    self.gen.throw(value)
    ~~~~~~~~~~~~~~^^^^^^^
  File "D:\smartnews\.venv\Lib\site-packages\starlette\_utils.py", line 85, in collapse_excgroups
    raise exc
  File "D:\smartnews\.venv\Lib\site-packages\starlette\middleware\base.py", line 193, in __call__
    response = await self.dispatch_func(request, call_next)
               ^^^^^^^^^^^^^^^^^^^^^^^^^^^^^^^^^^^^^^^^^^^^
  File "D:\smartnews\backend\app\core\security.py", line 9, in dispatch
    response = await call_next(request)
               ^^^^^^^^^^^^^^^^^^^^^^^^
  File "D:\smartnews\.venv\Lib\site-packages\starlette\middleware\base.py", line 168, in call_next
    raise app_exc from app_exc.__cause__ or app_exc.__context__
  File "D:\smartnews\.venv\Lib\site-packages\starlette\middleware\base.py", line 144, in coro
    await self.app(scope, receive_or_disconnect, send_no_error)
  File "D:\smartnews\.venv\Lib\site-packages\starlette\middleware\base.py", line 191, in __call__
    with recv_stream, send_stream, collapse_excgroups():
                                   ~~~~~~~~~~~~~~~~~~^^
  File "C:\Users\binod\AppData\Local\Programs\Python\Python314\Lib\contextlib.py", line 162, in __exit__
    self.gen.throw(value)
    ~~~~~~~~~~~~~~^^^^^^^
  File "D:\smartnews\.venv\Lib\site-packages\starlette\_utils.py", line 85, in collapse_excgroups
    raise exc
  File "D:\smartnews\.venv\Lib\site-packages\starlette\middleware\base.py", line 193, in __call__
    response = await self.dispatch_func(request, call_next)
               ^^^^^^^^^^^^^^^^^^^^^^^^^^^^^^^^^^^^^^^^^^^^
  File "D:\smartnews\.venv\Lib\site-packages\slowapi\middleware.py", line 136, in dispatch
    response = await call_next(request)
               ^^^^^^^^^^^^^^^^^^^^^^^^
  File "D:\smartnews\.venv\Lib\site-packages\starlette\middleware\base.py", line 168, in call_next
    raise app_exc from app_exc.__cause__ or app_exc.__context__
  File "D:\smartnews\.venv\Lib\site-packages\starlette\middleware\base.py", line 144, in coro
    await self.app(scope, receive_or_disconnect, send_no_error)
  File "D:\smartnews\.venv\Lib\site-packages\starlette\middleware\exceptions.py", line 63, in __call__
    await wrap_app_handling_exceptions(self.app, conn)(scope, receive, send)
  File "D:\smartnews\.venv\Lib\site-packages\starlette\_exception_handler.py", line 53, in wrapped_app
    raise exc
  File "D:\smartnews\.venv\Lib\site-packages\starlette\_exception_handler.py", line 42, in wrapped_app
    await app(scope, receive, sender)
  File "D:\smartnews\.venv\Lib\site-packages\fastapi\middleware\asyncexitstack.py", line 18, in __call__
    await self.app(scope, receive, send)
  File "D:\smartnews\.venv\Lib\site-packages\starlette\routing.py", line 716, in __call__
    await self.middleware_stack(scope, receive, send)
  File "D:\smartnews\.venv\Lib\site-packages\starlette\routing.py", line 736, in app
    await route.handle(scope, receive, send)
  File "D:\smartnews\.venv\Lib\site-packages\starlette\routing.py", line 290, in handle
    await self.app(scope, receive, send)
  File "D:\smartnews\.venv\Lib\site-packages\fastapi\routing.py", line 115, in app
    await wrap_app_handling_exceptions(app, request)(scope, receive, send)
  File "D:\smartnews\.venv\Lib\site-packages\starlette\_exception_handler.py", line 53, in wrapped_app
    raise exc
  File "D:\smartnews\.venv\Lib\site-packages\starlette\_exception_handler.py", line 42, in wrapped_app
    await app(scope, receive, sender)
  File "D:\smartnews\.venv\Lib\site-packages\fastapi\routing.py", line 101, in app
    response = await f(request)
               ^^^^^^^^^^^^^^^^
  File "D:\smartnews\.venv\Lib\site-packages\fastapi\routing.py", line 355, in app
    raw_response = await run_endpoint_function(
                   ^^^^^^^^^^^^^^^^^^^^^^^^^^^^
    ...<3 lines>...
    )
    ^
  File "D:\smartnews\.venv\Lib\site-packages\fastapi\routing.py", line 245, in run_endpoint_function
    return await run_in_threadpool(dependant.call, **values)
           ^^^^^^^^^^^^^^^^^^^^^^^^^^^^^^^^^^^^^^^^^^^^^^^^^
  File "D:\smartnews\.venv\Lib\site-packages\starlette\concurrency.py", line 32, in run_in_threadpool
    return await anyio.to_thread.run_sync(func)
           ^^^^^^^^^^^^^^^^^^^^^^^^^^^^^^^^^^^^
  File "D:\smartnews\.venv\Lib\site-packages\anyio\to_thread.py", line 63, in run_sync
    return await get_async_backend().run_sync_in_worker_thread(
           ^^^^^^^^^^^^^^^^^^^^^^^^^^^^^^^^^^^^^^^^^^^^^^^^^^^^
        func, args, abandon_on_cancel=abandon_on_cancel, limiter=limiter
        ^^^^^^^^^^^^^^^^^^^^^^^^^^^^^^^^^^^^^^^^^^^^^^^^^^^^^^^^^^^^^^^^
    )
    ^
  File "D:\smartnews\.venv\Lib\site-packages\anyio\_backends\_asyncio.py", line 2502, in run_sync_in_worker_thread
    return await future
           ^^^^^^^^^^^^
  File "D:\smartnews\.venv\Lib\site-packages\anyio\_backends\_asyncio.py", line 986, in run
    result = context.run(func, *args)
  File "D:\smartnews\backend\app\api\v1\endpoints\news.py", line 194, in get_quick_feed
    return db.query(Article).order_by(Article.publish_date.desc()).limit(limit).all()
           ~~~~~~~~~~~~~~~~~~~~~~~~~~~~~~~~~~~~~~~~~~~~~~~~~~~~~~~~~~~~~~~~~~~~~~~~^^
  File "D:\smartnews\.venv\Lib\site-packages\sqlalchemy\orm\query.py", line 2773, in all
    return self._iter().all()
           ~~~~~~~~~~^^
  File "D:\smartnews\.venv\Lib\site-packages\sqlalchemy\orm\query.py", line 2916, in _iter
    result = self.session.execute(
        statement,
        params,
        execution_options={"_sa_orm_load_options": self.load_options},
    )
  File "D:\smartnews\.venv\Lib\site-packages\sqlalchemy\orm\session.py", line 1717, in execute
    result = conn._execute_20(statement, params or {}, execution_options)
  File "D:\smartnews\.venv\Lib\site-packages\sqlalchemy\engine\base.py", line 1710, in _execute_20
    return meth(self, args_10style, kwargs_10style, execution_options)
  File "D:\smartnews\.venv\Lib\site-packages\sqlalchemy\sql\elements.py", line 334, in _execute_on_connection
    return connection._execute_clauseelement(
           ~~~~~~~~~~~~~~~~~~~~~~~~~~~~~~~~~^
        self, multiparams, params, execution_options
        ^^^^^^^^^^^^^^^^^^^^^^^^^^^^^^^^^^^^^^^^^^^^
    )
    ^
  File "D:\smartnews\.venv\Lib\site-packages\sqlalchemy\engine\base.py", line 1577, in _execute_clauseelement
    ret = self._execute_context(
        dialect,
    ...<8 lines>...
        cache_hit=cache_hit,
    )
  File "D:\smartnews\.venv\Lib\site-packages\sqlalchemy\engine\base.py", line 1953, in _execute_context
    self._handle_dbapi_exception(
    ~~~~~~~~~~~~~~~~~~~~~~~~~~~~^
        e, statement, parameters, cursor, context
        ^^^^^^^^^^^^^^^^^^^^^^^^^^^^^^^^^^^^^^^^^
    )
    ^
  File "D:\smartnews\.venv\Lib\site-packages\sqlalchemy\engine\base.py", line 2134, in _handle_dbapi_exception
    util.raise_(
    ~~~~~~~~~~~^
        sqlalchemy_exception, with_traceback=exc_info[2], from_=e
        ^^^^^^^^^^^^^^^^^^^^^^^^^^^^^^^^^^^^^^^^^^^^^^^^^^^^^^^^^
    )
    ^
  File "D:\smartnews\.venv\Lib\site-packages\sqlalchemy\util\compat.py", line 211, in raise_
    raise exception
  File "D:\smartnews\.venv\Lib\site-packages\sqlalchemy\engine\base.py", line 1910, in _execute_context
    self.dialect.do_execute(
    ~~~~~~~~~~~~~~~~~~~~~~~^
        cursor, statement, parameters, context
        ^^^^^^^^^^^^^^^^^^^^^^^^^^^^^^^^^^^^^^
    )
    ^
  File "D:\smartnews\.venv\Lib\site-packages\sqlalchemy\engine\default.py", line 736, in do_execute
    cursor.execute(statement, parameters)
    ~~~~~~~~~~~~~~^^^^^^^^^^^^^^^^^^^^^^^
sqlalchemy.exc.OperationalError: (sqlite3.OperationalError) no such table: articles
[SQL: SELECT articles.id AS articles_id, articles.title AS articles_title, articles.slug AS articles_slug, articles.content AS articles_content, articles.summary AS articles_summary, articles.source AS articles_source, articles.url AS articles_url, articles.image_url AS articles_image_url, articles.author AS articles_author, articles.publish_date AS articles_publish_date, articles.category AS articles_category, articles.region AS articles_region, articles.tags AS articles_tags, articles.sentiment_score AS articles_sentiment_score, articles.bias_label AS articles_bias_label, articles.embedding AS articles_embedding, articles.quality_score AS articles_quality_score, articles.readability_score AS articles_readability_score, articles.feed_score AS articles_feed_score, articles.is_featured AS articles_is_featured, articles.is_clickbait AS articles_is_clickbait, articles.read_time_minutes AS articles_read_time_minutes, articles.view_count AS articles_view_count, articles.created_at AS articles_created_at, articles.updated_at AS articles_updated_at 
FROM articles ORDER BY articles.publish_date DESC
 LIMIT ? OFFSET ?]
[parameters: (10, 0)]
(Background on this error at: https://sqlalche.me/e/14/e3q8)
2026-02-07 10:37:00 - app.main - ERROR - add_process_time_and_error_handling:88 - Global Request Crash: (sqlite3.OperationalError) no such table: users
[SQL: SELECT users.id AS users_id, users.username AS users_username, users.hashed_password AS users_hashed_password, users.created_at AS users_created_at 
FROM users 
WHERE users.username = ?
 LIMIT ? OFFSET ?]
[parameters: ('testuser_api', 1, 0)]
(Background on this error at: https://sqlalche.me/e/14/e3q8)
Traceback (most recent call last):
  File "D:\smartnews\.venv\Lib\site-packages\sqlalchemy\engine\base.py", line 1910, in _execute_context
    self.dialect.do_execute(
    ~~~~~~~~~~~~~~~~~~~~~~~^
        cursor, statement, parameters, context
        ^^^^^^^^^^^^^^^^^^^^^^^^^^^^^^^^^^^^^^
    )
    ^
  File "D:\smartnews\.venv\Lib\site-packages\sqlalchemy\engine\default.py", line 736, in do_execute
    cursor.execute(statement, parameters)
    ~~~~~~~~~~~~~~^^^^^^^^^^^^^^^^^^^^^^^
sqlite3.OperationalError: no such table: users

The above exception was the direct cause of the following exception:

Traceback (most recent call last):
  File "D:\smartnews\backend\app\main.py", line 83, in add_process_time_and_error_handling
    response = await call_next(request)
               ^^^^^^^^^^^^^^^^^^^^^^^^
  File "D:\smartnews\.venv\Lib\site-packages\starlette\middleware\base.py", line 168, in call_next
    raise app_exc from app_exc.__cause__ or app_exc.__context__
  File "D:\smartnews\.venv\Lib\site-packages\starlette\middleware\base.py", line 144, in coro
    await self.app(scope, receive_or_disconnect, send_no_error)
  File "D:\smartnews\.venv\Lib\site-packages\starlette\middleware\cors.py", line 85, in __call__
    await self.app(scope, receive, send)
  File "D:\smartnews\.venv\Lib\site-packages\starlette\middleware\base.py", line 191, in __call__
    with recv_stream, send_stream, collapse_excgroups():
                                   ~~~~~~~~~~~~~~~~~~^^
  File "C:\Users\binod\AppData\Local\Programs\Python\Python314\Lib\contextlib.py", line 162, in __exit__
    self.gen.throw(value)
    ~~~~~~~~~~~~~~^^^^^^^
  File "D:\smartnews\.venv\Lib\site-packages\starlette\_utils.py", line 85, in collapse_excgroups
    raise exc
  File "D:\smartnews\.venv\Lib\site-packages\starlette\middleware\base.py", line 193, in __call__
    response = await self.dispatch_func(request, call_next)
               ^^^^^^^^^^^^^^^^^^^^^^^^^^^^^^^^^^^^^^^^^^^^
  File "D:\smartnews\backend\app\core\security.py", line 34, in dispatch
    response = await call_next(request)
               ^^^^^^^^^^^^^^^^^^^^^^^^
  File "D:\smartnews\.venv\Lib\site-packages\starlette\middleware\base.py", line 168, in call_next
    raise app_exc from app_exc.__cause__ or app_exc.__context__
  File "D:\smartnews\.venv\Lib\site-packages\starlette\middleware\base.py", line 144, in coro
    await self.app(scope, receive_or_disconnect, send_no_error)
  File "D:\smartnews\.venv\Lib\site-packages\starlette\middleware\base.py", line 191, in __call__
    with recv_stream, send_stream, collapse_excgroups():
                                   ~~~~~~~~~~~~~~~~~~^^
  File "C:\Users\binod\AppData\Local\Programs\Python\Python314\Lib\contextlib.py", line 162, in __exit__
    self.gen.throw(value)
    ~~~~~~~~~~~~~~^^^^^^^
  File "D:\smartnews\.venv\Lib\site-packages\starlette\_utils.py", line 85, in collapse_excgroups
    raise exc
  File "D:\smartnews\.venv\Lib\site-packages\starlette\middleware\base.py", line 193, in __call__
    response = await self.dispatch_func(request, call_next)
               ^^^^^^^^^^^^^^^^^^^^^^^^^^^^^^^^^^^^^^^^^^^^
  File "D:\smartnews\backend\app\core\security.py", line 9, in dispatch
    response = await call_next(request)
               ^^^^^^^^^^^^^^^^^^^^^^^^
  File "D:\smartnews\.venv\Lib\site-packages\starlette\middleware\base.py", line 168, in call_next
    raise app_exc from app_exc.__cause__ or app_exc.__context__
  File "D:\smartnews\.venv\Lib\site-packages\starlette\middleware\base.py", line 144, in coro
    await self.app(scope, receive_or_disconnect, send_no_error)
  File "D:\smartnews\.venv\Lib\site-packages\starlette\middleware\base.py", line 191, in __call__
    with recv_stream, send_stream, collapse_excgroups():
                                   ~~~~~~~~~~~~~~~~~~^^
  File "C:\Users\binod\AppData\Local\Programs\Python\Python314\Lib\contextlib.py", line 162, in __exit__
    self.gen.throw(value)
    ~~~~~~~~~~~~~~^^^^^^^
  File "D:\smartnews\.venv\Lib\site-packages\starlette\_utils.py", line 85, in collapse_excgroups
    raise exc
  File "D:\smartnews\.venv\Lib\site-packages\starlette\middleware\base.py", line 193, in __call__
    response = await self.dispatch_func(request, call_next)
               ^^^^^^^^^^^^^^^^^^^^^^^^^^^^^^^^^^^^^^^^^^^^
  File "D:\smartnews\.venv\Lib\site-packages\slowapi\middleware.py", line 136, in dispatch
    response = await call_next(request)
               ^^^^^^^^^^^^^^^^^^^^^^^^
  File "D:\smartnews\.venv\Lib\site-packages\starlette\middleware\base.py", line 168, in call_next
    raise app_exc from app_exc.__cause__ or app_exc.__context__
  File "D:\smartnews\.venv\Lib\site-packages\starlette\middleware\base.py", line 144, in coro
    await self.app(scope, receive_or_disconnect, send_no_error)
  File "D:\smartnews\.venv\Lib\site-packages\starlette\middleware\exceptions.py", line 63, in __call__
    await wrap_app_handling_exceptions(self.app, conn)(scope, receive, send)
  File "D:\smartnews\.venv\Lib\site-packages\starlette\_exception_handler.py", line 53, in wrapped_app
    raise exc
  File "D:\smartnews\.venv\Lib\site-packages\starlette\_exception_handler.py", line 42, in wrapped_app
    await app(scope, receive, sender)
  File "D:\smartnews\.venv\Lib\site-packages\fastapi\middleware\asyncexitstack.py", line 18, in __call__
    await self.app(scope, receive, send)
  File "D:\smartnews\.venv\Lib\site-packages\starlette\routing.py", line 716, in __call__
    await self.middleware_stack(scope, receive, send)
  File "D:\smartnews\.venv\Lib\site-packages\starlette\routing.py", line 736, in app
    await route.handle(scope, receive, send)
  File "D:\smartnews\.venv\Lib\site-packages\starlette\routing.py", line 290, in handle
    await self.app(scope, receive, send)
  File "D:\smartnews\.venv\Lib\site-packages\fastapi\routing.py", line 115, in app
    await wrap_app_handling_exceptions(app, request)(scope, receive, send)
  File "D:\smartnews\.venv\Lib\site-packages\starlette\_exception_handler.py", line 53, in wrapped_app
    raise exc
  File "D:\smartnews\.venv\Lib\site-packages\starlette\_exception_handler.py", line 42, in wrapped_app
    await app(scope, receive, sender)
  File "D:\smartnews\.venv\Lib\site-packages\fastapi\routing.py", line 101, in app
    response = await f(request)
               ^^^^^^^^^^^^^^^^
  File "D:\smartnews\.venv\Lib\site-packages\fastapi\routing.py", line 355, in app
    raw_response = await run_endpoint_function(
                   ^^^^^^^^^^^^^^^^^^^^^^^^^^^^
    ...<3 lines>...
    )
    ^
  File "D:\smartnews\.venv\Lib\site-packages\fastapi\routing.py", line 245, in run_endpoint_function
    return await run_in_threadpool(dependant.call, **values)
           ^^^^^^^^^^^^^^^^^^^^^^^^^^^^^^^^^^^^^^^^^^^^^^^^^
  File "D:\smartnews\.venv\Lib\site-packages\starlette\concurrency.py", line 32, in run_in_threadpool
    return await anyio.to_thread.run_sync(func)
           ^^^^^^^^^^^^^^^^^^^^^^^^^^^^^^^^^^^^
  File "D:\smartnews\.venv\Lib\site-packages\anyio\to_thread.py", line 63, in run_sync
    return await get_async_backend().run_sync_in_worker_thread(
           ^^^^^^^^^^^^^^^^^^^^^^^^^^^^^^^^^^^^^^^^^^^^^^^^^^^^
        func, args, abandon_on_cancel=abandon_on_cancel, limiter=limiter
        ^^^^^^^^^^^^^^^^^^^^^^^^^^^^^^^^^^^^^^^^^^^^^^^^^^^^^^^^^^^^^^^^
    )
    ^
  File "D:\smartnews\.venv\Lib\site-packages\anyio\_backends\_asyncio.py", line 2502, in run_sync_in_worker_thread
    return await future
           ^^^^^^^^^^^^
  File "D:\smartnews\.venv\Lib\site-packages\anyio\_backends\_asyncio.py", line 986, in run
    result = context.run(func, *args)
  File "D:\smartnews\backend\app\api\v1\endpoints\auth.py", line 58, in signup
    user = db.query(User).filter(User.username == username).first()
  File "D:\smartnews\.venv\Lib\site-packages\sqlalchemy\orm\query.py", line 2824, in first
    return self.limit(1)._iter().first()
           ~~~~~~~~~~~~~~~~~~~^^
  File "D:\smartnews\.venv\Lib\site-packages\sqlalchemy\orm\query.py", line 2916, in _iter
    result = self.session.execute(
        statement,
        params,
        execution_options={"_sa_orm_load_options": self.load_options},
    )
  File "D:\smartnews\.venv\Lib\site-packages\sqlalchemy\orm\session.py", line 1717, in execute
    result = conn._execute_20(statement, params or {}, execution_options)
  File "D:\smartnews\.venv\Lib\site-packages\sqlalchemy\engine\base.py", line 1710, in _execute_20
    return meth(self, args_10style, kwargs_10style, execution_options)
  File "D:\smartnews\.venv\Lib\site-packages\sqlalchemy\sql\elements.py", line 334, in _execute_on_connection
    return connection._execute_clauseelement(
           ~~~~~~~~~~~~~~~~~~~~~~~~~~~~~~~~~^
        self, multiparams, params, execution_options
        ^^^^^^^^^^^^^^^^^^^^^^^^^^^^^^^^^^^^^^^^^^^^
    )
    ^
  File "D:\smartnews\.venv\Lib\site-packages\sqlalchemy\engine\base.py", line 1577, in _execute_clauseelement
    ret = self._execute_context(
        dialect,
    ...<8 lines>...
        cache_hit=cache_hit,
    )
  File "D:\smartnews\.venv\Lib\site-packages\sqlalchemy\engine\base.py", line 1953, in _execute_context
    self._handle_dbapi_exception(
    ~~~~~~~~~~~~~~~~~~~~~~~~~~~~^
        e, statement, parameters, cursor, context
        ^^^^^^^^^^^^^^^^^^^^^^^^^^^^^^^^^^^^^^^^^
    )
    ^
  File "D:\smartnews\.venv\Lib\site-packages\sqlalchemy\engine\base.py", line 2134, in _handle_dbapi_exception
    util.raise_(
    ~~~~~~~~~~~^
        sqlalchemy_exception, with_traceback=exc_info[2], from_=e
        ^^^^^^^^^^^^^^^^^^^^^^^^^^^^^^^^^^^^^^^^^^^^^^^^^^^^^^^^^
    )
    ^
  File "D:\smartnews\.venv\Lib\site-packages\sqlalchemy\util\compat.py", line 211, in raise_
    raise exception
  File "D:\smartnews\.venv\Lib\site-packages\sqlalchemy\engine\base.py", line 1910, in _execute_context
    self.dialect.do_execute(
    ~~~~~~~~~~~~~~~~~~~~~~~^
        cursor, statement, parameters, context
        ^^^^^^^^^^^^^^^^^^^^^^^^^^^^^^^^^^^^^^
    )
    ^
  File "D:\smartnews\.venv\Lib\site-packages\sqlalchemy\engine\default.py", line 736, in do_execute
    cursor.execute(statement, parameters)
    ~~~~~~~~~~~~~~^^^^^^^^^^^^^^^^^^^^^^^
sqlalchemy.exc.OperationalError: (sqlite3.OperationalError) no such table: users
[SQL: SELECT users.id AS users_id, users.username AS users_username, users.hashed_password AS users_hashed_password, users.created_at AS users_created_at 
FROM users 
WHERE users.username = ?
 LIMIT ? OFFSET ?]
[parameters: ('testuser_api', 1, 0)]
(Background on this error at: https://sqlalche.me/e/14/e3q8)
2026-02-07 10:37:00 - app.main - ERROR - add_process_time_and_error_handling:88 - Global Request Crash: (sqlite3.OperationalError) no such table: users
[SQL: SELECT users.id AS users_id, users.username AS users_username, users.hashed_password AS users_hashed_password, users.created_at AS users_created_at 
FROM users 
WHERE users.username = ?
 LIMIT ? OFFSET ?]
[parameters: ('nobody123', 1, 0)]
(Background on this error at: https://sqlalche.me/e/14/e3q8)
Traceback (most recent call last):
  File "D:\smartnews\.venv\Lib\site-packages\sqlalchemy\engine\base.py", line 1910, in _execute_context
    self.dialect.do_execute(
    ~~~~~~~~~~~~~~~~~~~~~~~^
        cursor, statement, parameters, context
        ^^^^^^^^^^^^^^^^^^^^^^^^^^^^^^^^^^^^^^
    )
    ^
  File "D:\smartnews\.venv\Lib\site-packages\sqlalchemy\engine\default.py", line 736, in do_execute
    cursor.execute(statement, parameters)
    ~~~~~~~~~~~~~~^^^^^^^^^^^^^^^^^^^^^^^
sqlite3.OperationalError: no such table: users

The above exception was the direct cause of the following exception:

Traceback (most recent call last):
  File "D:\smartnews\backend\app\main.py", line 83, in add_process_time_and_error_handling
    response = await call_next(request)
               ^^^^^^^^^^^^^^^^^^^^^^^^
  File "D:\smartnews\.venv\Lib\site-packages\starlette\middleware\base.py", line 168, in call_next
    raise app_exc from app_exc.__cause__ or app_exc.__context__
  File "D:\smartnews\.venv\Lib\site-packages\starlette\middleware\base.py", line 144, in coro
    await self.app(scope, receive_or_disconnect, send_no_error)
  File "D:\smartnews\.venv\Lib\site-packages\starlette\middleware\cors.py", line 85, in __call__
    await self.app(scope, receive, send)
  File "D:\smartnews\.venv\Lib\site-packages\starlette\middleware\base.py", line 191, in __call__
    with recv_stream, send_stream, collapse_excgroups():
                                   ~~~~~~~~~~~~~~~~~~^^
  File "C:\Users\binod\AppData\Local\Programs\Python\Python314\Lib\contextlib.py", line 162, in __exit__
    self.gen.throw(value)
    ~~~~~~~~~~~~~~^^^^^^^
  File "D:\smartnews\.venv\Lib\site-packages\starlette\_utils.py", line 85, in collapse_excgroups
    raise exc
  File "D:\smartnews\.venv\Lib\site-packages\starlette\middleware\base.py", line 193, in __call__
    response = await self.dispatch_func(request, call_next)
               ^^^^^^^^^^^^^^^^^^^^^^^^^^^^^^^^^^^^^^^^^^^^
  File "D:\smartnews\backend\app\core\security.py", line 34, in dispatch
    response = await call_next(request)
               ^^^^^^^^^^^^^^^^^^^^^^^^
  File "D:\smartnews\.venv\Lib\site-packages\starlette\middleware\base.py", line 168, in call_next
    raise app_exc from app_exc.__cause__ or app_exc.__context__
  File "D:\smartnews\.venv\Lib\site-packages\starlette\middleware\base.py", line 144, in coro
    await self.app(scope, receive_or_disconnect, send_no_error)
  File "D:\smartnews\.venv\Lib\site-packages\starlette\middleware\base.py", line 191, in __call__
    with recv_stream, send_stream, collapse_excgroups():
                                   ~~~~~~~~~~~~~~~~~~^^
  File "C:\Users\binod\AppData\Local\Programs\Python\Python314\Lib\contextlib.py", line 162, in __exit__
    self.gen.throw(value)
    ~~~~~~~~~~~~~~^^^^^^^
  File "D:\smartnews\.venv\Lib\site-packages\starlette\_utils.py", line 85, in collapse_excgroups
    raise exc
  File "D:\smartnews\.venv\Lib\site-packages\starlette\middleware\base.py", line 193, in __call__
    response = await self.dispatch_func(request, call_next)
               ^^^^^^^^^^^^^^^^^^^^^^^^^^^^^^^^^^^^^^^^^^^^
  File "D:\smartnews\backend\app\core\security.py", line 9, in dispatch
    response = await call_next(request)
               ^^^^^^^^^^^^^^^^^^^^^^^^
  File "D:\smartnews\.venv\Lib\site-packages\starlette\middleware\base.py", line 168, in call_next
    raise app_exc from app_exc.__cause__ or app_exc.__context__
  File "D:\smartnews\.venv\Lib\site-packages\starlette\middleware\base.py", line 144, in coro
    await self.app(scope, receive_or_disconnect, send_no_error)
  File "D:\smartnews\.venv\Lib\site-packages\starlette\middleware\base.py", line 191, in __call__
    with recv_stream, send_stream, collapse_excgroups():
                                   ~~~~~~~~~~~~~~~~~~^^
  File "C:\Users\binod\AppData\Local\Programs\Python\Python314\Lib\contextlib.py", line 162, in __exit__
    self.gen.throw(value)
    ~~~~~~~~~~~~~~^^^^^^^
  File "D:\smartnews\.venv\Lib\site-packages\starlette\_utils.py", line 85, in collapse_excgroups
    raise exc
  File "D:\smartnews\.venv\Lib\site-packages\starlette\middleware\base.py", line 193, in __call__
    response = await self.dispatch_func(request, call_next)
               ^^^^^^^^^^^^^^^^^^^^^^^^^^^^^^^^^^^^^^^^^^^^
  File "D:\smartnews\.venv\Lib\site-packages\slowapi\middleware.py", line 136, in dispatch
    response = await call_next(request)
               ^^^^^^^^^^^^^^^^^^^^^^^^
  File "D:\smartnews\.venv\Lib\site-packages\starlette\middleware\base.py", line 168, in call_next
    raise app_exc from app_exc.__cause__ or app_exc.__context__
  File "D:\smartnews\.venv\Lib\site-packages\starlette\middleware\base.py", line 144, in coro
    await self.app(scope, receive_or_disconnect, send_no_error)
  File "D:\smartnews\.venv\Lib\site-packages\starlette\middleware\exceptions.py", line 63, in __call__
    await wrap_app_handling_exceptions(self.app, conn)(scope, receive, send)
  File "D:\smartnews\.venv\Lib\site-packages\starlette\_exception_handler.py", line 53, in wrapped_app
    raise exc
  File "D:\smartnews\.venv\Lib\site-packages\starlette\_exception_handler.py", line 42, in wrapped_app
    await app(scope, receive, sender)
  File "D:\smartnews\.venv\Lib\site-packages\fastapi\middleware\asyncexitstack.py", line 18, in __call__
    await self.app(scope, receive, send)
  File "D:\smartnews\.venv\Lib\site-packages\starlette\routing.py", line 716, in __call__
    await self.middleware_stack(scope, receive, send)
  File "D:\smartnews\.venv\Lib\site-packages\starlette\routing.py", line 736, in app
    await route.handle(scope, receive, send)
  File "D:\smartnews\.venv\Lib\site-packages\starlette\routing.py", line 290, in handle
    await self.app(scope, receive, send)
  File "D:\smartnews\.venv\Lib\site-packages\fastapi\routing.py", line 115, in app
    await wrap_app_handling_exceptions(app, request)(scope, receive, send)
  File "D:\smartnews\.venv\Lib\site-packages\starlette\_exception_handler.py", line 53, in wrapped_app
    raise exc
  File "D:\smartnews\.venv\Lib\site-packages\starlette\_exception_handler.py", line 42, in wrapped_app
    await app(scope, receive, sender)
  File "D:\smartnews\.venv\Lib\site-packages\fastapi\routing.py", line 101, in app
    response = await f(request)
               ^^^^^^^^^^^^^^^^
  File "D:\smartnews\.venv\Lib\site-packages\fastapi\routing.py", line 355, in app
    raw_response = await run_endpoint_function(
                   ^^^^^^^^^^^^^^^^^^^^^^^^^^^^
    ...<3 lines>...
    )
    ^
  File "D:\smartnews\.venv\Lib\site-packages\fastapi\routing.py", line 245, in run_endpoint_function
    return await run_in_threadpool(dependant.call, **values)
           ^^^^^^^^^^^^^^^^^^^^^^^^^^^^^^^^^^^^^^^^^^^^^^^^^
  File "D:\smartnews\.venv\Lib\site-packages\starlette\concurrency.py", line 32, in run_in_threadpool
    return await anyio.to_thread.run_sync(func)
           ^^^^^^^^^^^^^^^^^^^^^^^^^^^^^^^^^^^^
  File "D:\smartnews\.venv\Lib\site-packages\anyio\to_thread.py", line 63, in run_sync
    return await get_async_backend().run_sync_in_worker_thread(
           ^^^^^^^^^^^^^^^^^^^^^^^^^^^^^^^^^^^^^^^^^^^^^^^^^^^^
        func, args, abandon_on_cancel=abandon_on_cancel, limiter=limiter
        ^^^^^^^^^^^^^^^^^^^^^^^^^^^^^^^^^^^^^^^^^^^^^^^^^^^^^^^^^^^^^^^^
    )
    ^
  File "D:\smartnews\.venv\Lib\site-packages\anyio\_backends\_asyncio.py", line 2502, in run_sync_in_worker_thread
    return await future
           ^^^^^^^^^^^^
  File "D:\smartnews\.venv\Lib\site-packages\anyio\_backends\_asyncio.py", line 986, in run
    result = context.run(func, *args)
  File "D:\smartnews\backend\app\api\v1\endpoints\auth.py", line 26, in login_access_token
    user = db.query(User).filter(User.username == form_data.username).first()
  File "D:\smartnews\.venv\Lib\site-packages\sqlalchemy\orm\query.py", line 2824, in first
    return self.limit(1)._iter().first()
           ~~~~~~~~~~~~~~~~~~~^^
  File "D:\smartnews\.venv\Lib\site-packages\sqlalchemy\orm\query.py", line 2916, in _iter
    result = self.session.execute(
        statement,
        params,
        execution_options={"_sa_orm_load_options": self.load_options},
    )
  File "D:\smartnews\.venv\Lib\site-packages\sqlalchemy\orm\session.py", line 1717, in execute
    result = conn._execute_20(statement, params or {}, execution_options)
  File "D:\smartnews\.venv\Lib\site-packages\sqlalchemy\engine\base.py", line 1710, in _execute_20
    return meth(self, args_10style, kwargs_10style, execution_options)
  File "D:\smartnews\.venv\Lib\site-packages\sqlalchemy\sql\elements.py", line 334, in _execute_on_connection
    return connection._execute_clauseelement(
           ~~~~~~~~~~~~~~~~~~~~~~~~~~~~~~~~~^
        self, multiparams, params, execution_options
        ^^^^^^^^^^^^^^^^^^^^^^^^^^^^^^^^^^^^^^^^^^^^
    )
    ^
  File "D:\smartnews\.venv\Lib\site-packages\sqlalchemy\engine\base.py", line 1577, in _execute_clauseelement
    ret = self._execute_context(
        dialect,
    ...<8 lines>...
        cache_hit=cache_hit,
    )
  File "D:\smartnews\.venv\Lib\site-packages\sqlalchemy\engine\base.py", line 1953, in _execute_context
    self._handle_dbapi_exception(
    ~~~~~~~~~~~~~~~~~~~~~~~~~~~~^
        e, statement, parameters, cursor, context
        ^^^^^^^^^^^^^^^^^^^^^^^^^^^^^^^^^^^^^^^^^
    )
    ^
  File "D:\smartnews\.venv\Lib\site-packages\sqlalchemy\engine\base.py", line 2134, in _handle_dbapi_exception
    util.raise_(
    ~~~~~~~~~~~^
        sqlalchemy_exception, with_traceback=exc_info[2], from_=e
        ^^^^^^^^^^^^^^^^^^^^^^^^^^^^^^^^^^^^^^^^^^^^^^^^^^^^^^^^^
    )
    ^
  File "D:\smartnews\.venv\Lib\site-packages\sqlalchemy\util\compat.py", line 211, in raise_
    raise exception
  File "D:\smartnews\.venv\Lib\site-packages\sqlalchemy\engine\base.py", line 1910, in _execute_context
    self.dialect.do_execute(
    ~~~~~~~~~~~~~~~~~~~~~~~^
        cursor, statement, parameters, context
        ^^^^^^^^^^^^^^^^^^^^^^^^^^^^^^^^^^^^^^
    )
    ^
  File "D:\smartnews\.venv\Lib\site-packages\sqlalchemy\engine\default.py", line 736, in do_execute
    cursor.execute(statement, parameters)
    ~~~~~~~~~~~~~~^^^^^^^^^^^^^^^^^^^^^^^
sqlalchemy.exc.OperationalError: (sqlite3.OperationalError) no such table: users
[SQL: SELECT users.id AS users_id, users.username AS users_username, users.hashed_password AS users_hashed_password, users.created_at AS users_created_at 
FROM users 
WHERE users.username = ?
 LIMIT ? OFFSET ?]
[parameters: ('nobody123', 1, 0)]
(Background on this error at: https://sqlalche.me/e/14/e3q8)
2026-02-07 10:38:00 - app.main - ERROR - add_process_time_and_error_handling:88 - Global Request Crash: (sqlite3.OperationalError) no such table: articles
[SQL: SELECT count(*) AS count_1 
FROM (SELECT articles.id AS articles_id, articles.title AS articles_title, articles.slug AS articles_slug, articles.content AS articles_content, articles.summary AS articles_summary, articles.source AS articles_source, articles.url AS articles_url, articles.image_url AS articles_image_url, articles.author AS articles_author, articles.publish_date AS articles_publish_date, articles.category AS articles_category, articles.region AS articles_region, articles.tags AS articles_tags, articles.sentiment_score AS articles_sentiment_score, articles.bias_label AS articles_bias_label, articles.embedding AS articles_embedding, articles.quality_score AS articles_quality_score, articles.readability_score AS articles_readability_score, articles.feed_score AS articles_feed_score, articles.is_featured AS articles_is_featured, articles.is_clickbait AS articles_is_clickbait, articles.read_time_minutes AS articles_read_time_minutes, articles.view_count AS articles_view_count, articles.created_at AS articles_created_at, articles.updated_at AS articles_updated_at 
FROM articles) AS anon_1]
(Background on this error at: https://sqlalche.me/e/14/e3q8)
Traceback (most recent call last):
  File "D:\smartnews\.venv\Lib\site-packages\sqlalchemy\engine\base.py", line 1910, in _execute_context
    self.dialect.do_execute(
    ~~~~~~~~~~~~~~~~~~~~~~~^
        cursor, statement, parameters, context
        ^^^^^^^^^^^^^^^^^^^^^^^^^^^^^^^^^^^^^^
    )
    ^
  File "D:\smartnews\.venv\Lib\site-packages\sqlalchemy\engine\default.py", line 736, in do_execute
    cursor.execute(statement, parameters)
    ~~~~~~~~~~~~~~^^^^^^^^^^^^^^^^^^^^^^^
sqlite3.OperationalError: no such table: articles

The above exception was the direct cause of the following exception:

Traceback (most recent call last):
  File "D:\smartnews\backend\app\main.py", line 83, in add_process_time_and_error_handling
    response = await call_next(request)
               ^^^^^^^^^^^^^^^^^^^^^^^^
  File "D:\smartnews\.venv\Lib\site-packages\starlette\middleware\base.py", line 168, in call_next
    raise app_exc from app_exc.__cause__ or app_exc.__context__
  File "D:\smartnews\.venv\Lib\site-packages\starlette\middleware\base.py", line 144, in coro
    await self.app(scope, receive_or_disconnect, send_no_error)
  File "D:\smartnews\.venv\Lib\site-packages\starlette\middleware\cors.py", line 85, in __call__
    await self.app(scope, receive, send)
  File "D:\smartnews\.venv\Lib\site-packages\starlette\middleware\base.py", line 191, in __call__
    with recv_stream, send_stream, collapse_excgroups():
                                   ~~~~~~~~~~~~~~~~~~^^
  File "C:\Users\binod\AppData\Local\Programs\Python\Python314\Lib\contextlib.py", line 162, in __exit__
    self.gen.throw(value)
    ~~~~~~~~~~~~~~^^^^^^^
  File "D:\smartnews\.venv\Lib\site-packages\starlette\_utils.py", line 85, in collapse_excgroups
    raise exc
  File "D:\smartnews\.venv\Lib\site-packages\starlette\middleware\base.py", line 193, in __call__
    response = await self.dispatch_func(request, call_next)
               ^^^^^^^^^^^^^^^^^^^^^^^^^^^^^^^^^^^^^^^^^^^^
  File "D:\smartnews\backend\app\core\security.py", line 34, in dispatch
    response = await call_next(request)
               ^^^^^^^^^^^^^^^^^^^^^^^^
  File "D:\smartnews\.venv\Lib\site-packages\starlette\middleware\base.py", line 168, in call_next
    raise app_exc from app_exc.__cause__ or app_exc.__context__
  File "D:\smartnews\.venv\Lib\site-packages\starlette\middleware\base.py", line 144, in coro
    await self.app(scope, receive_or_disconnect, send_no_error)
  File "D:\smartnews\.venv\Lib\site-packages\starlette\middleware\base.py", line 191, in __call__
    with recv_stream, send_stream, collapse_excgroups():
                                   ~~~~~~~~~~~~~~~~~~^^
  File "C:\Users\binod\AppData\Local\Programs\Python\Python314\Lib\contextlib.py", line 162, in __exit__
    self.gen.throw(value)
    ~~~~~~~~~~~~~~^^^^^^^
  File "D:\smartnews\.venv\Lib\site-packages\starlette\_utils.py", line 85, in collapse_excgroups
    raise exc
  File "D:\smartnews\.venv\Lib\site-packages\starlette\middleware\base.py", line 193, in __call__
    response = await self.dispatch_func(request, call_next)
               ^^^^^^^^^^^^^^^^^^^^^^^^^^^^^^^^^^^^^^^^^^^^
  File "D:\smartnews\backend\app\core\security.py", line 9, in dispatch
    response = await call_next(request)
               ^^^^^^^^^^^^^^^^^^^^^^^^
  File "D:\smartnews\.venv\Lib\site-packages\starlette\middleware\base.py", line 168, in call_next
    raise app_exc from app_exc.__cause__ or app_exc.__context__
  File "D:\smartnews\.venv\Lib\site-packages\starlette\middleware\base.py", line 144, in coro
    await self.app(scope, receive_or_disconnect, send_no_error)
  File "D:\smartnews\.venv\Lib\site-packages\starlette\middleware\base.py", line 191, in __call__
    with recv_stream, send_stream, collapse_excgroups():
                                   ~~~~~~~~~~~~~~~~~~^^
  File "C:\Users\binod\AppData\Local\Programs\Python\Python314\Lib\contextlib.py", line 162, in __exit__
    self.gen.throw(value)
    ~~~~~~~~~~~~~~^^^^^^^
  File "D:\smartnews\.venv\Lib\site-packages\starlette\_utils.py", line 85, in collapse_excgroups
    raise exc
  File "D:\smartnews\.venv\Lib\site-packages\starlette\middleware\base.py", line 193, in __call__
    response = await self.dispatch_func(request, call_next)
               ^^^^^^^^^^^^^^^^^^^^^^^^^^^^^^^^^^^^^^^^^^^^
  File "D:\smartnews\.venv\Lib\site-packages\slowapi\middleware.py", line 136, in dispatch
    response = await call_next(request)
               ^^^^^^^^^^^^^^^^^^^^^^^^
  File "D:\smartnews\.venv\Lib\site-packages\starlette\middleware\base.py", line 168, in call_next
    raise app_exc from app_exc.__cause__ or app_exc.__context__
  File "D:\smartnews\.venv\Lib\site-packages\starlette\middleware\base.py", line 144, in coro
    await self.app(scope, receive_or_disconnect, send_no_error)
  File "D:\smartnews\.venv\Lib\site-packages\starlette\middleware\exceptions.py", line 63, in __call__
    await wrap_app_handling_exceptions(self.app, conn)(scope, receive, send)
  File "D:\smartnews\.venv\Lib\site-packages\starlette\_exception_handler.py", line 53, in wrapped_app
    raise exc
  File "D:\smartnews\.venv\Lib\site-packages\starlette\_exception_handler.py", line 42, in wrapped_app
    await app(scope, receive, sender)
  File "D:\smartnews\.venv\Lib\site-packages\fastapi\middleware\asyncexitstack.py", line 18, in __call__
    await self.app(scope, receive, send)
  File "D:\smartnews\.venv\Lib\site-packages\starlette\routing.py", line 716, in __call__
    await self.middleware_stack(scope, receive, send)
  File "D:\smartnews\.venv\Lib\site-packages\starlette\routing.py", line 736, in app
    await route.handle(scope, receive, send)
  File "D:\smartnews\.venv\Lib\site-packages\starlette\routing.py", line 290, in handle
    await self.app(scope, receive, send)
  File "D:\smartnews\.venv\Lib\site-packages\fastapi\routing.py", line 115, in app
    await wrap_app_handling_exceptions(app, request)(scope, receive, send)
  File "D:\smartnews\.venv\Lib\site-packages\starlette\_exception_handler.py", line 53, in wrapped_app
    raise exc
  File "D:\smartnews\.venv\Lib\site-packages\starlette\_exception_handler.py", line 42, in wrapped_app
    await app(scope, receive, sender)
  File "D:\smartnews\.venv\Lib\site-packages\fastapi\routing.py", line 101, in app
    response = await f(request)
               ^^^^^^^^^^^^^^^^
  File "D:\smartnews\.venv\Lib\site-packages\fastapi\routing.py", line 355, in app
    raw_response = await run_endpoint_function(
                   ^^^^^^^^^^^^^^^^^^^^^^^^^^^^
    ...<3 lines>...
    )
    ^
  File "D:\smartnews\.venv\Lib\site-packages\fastapi\routing.py", line 245, in run_endpoint_function
    return await run_in_threadpool(dependant.call, **values)
           ^^^^^^^^^^^^^^^^^^^^^^^^^^^^^^^^^^^^^^^^^^^^^^^^^
  File "D:\smartnews\.venv\Lib\site-packages\starlette\concurrency.py", line 32, in run_in_threadpool
    return await anyio.to_thread.run_sync(func)
           ^^^^^^^^^^^^^^^^^^^^^^^^^^^^^^^^^^^^
  File "D:\smartnews\.venv\Lib\site-packages\anyio\to_thread.py", line 63, in run_sync
    return await get_async_backend().run_sync_in_worker_thread(
           ^^^^^^^^^^^^^^^^^^^^^^^^^^^^^^^^^^^^^^^^^^^^^^^^^^^^
        func, args, abandon_on_cancel=abandon_on_cancel, limiter=limiter
        ^^^^^^^^^^^^^^^^^^^^^^^^^^^^^^^^^^^^^^^^^^^^^^^^^^^^^^^^^^^^^^^^
    )
    ^
  File "D:\smartnews\.venv\Lib\site-packages\anyio\_backends\_asyncio.py", line 2502, in run_sync_in_worker_thread
    return await future
           ^^^^^^^^^^^^
  File "D:\smartnews\.venv\Lib\site-packages\anyio\_backends\_asyncio.py", line 986, in run
    result = context.run(func, *args)
  File "D:\smartnews\backend\app\api\v1\endpoints\articles.py", line 58, in get_articles
    total_count = query.count()
  File "D:\smartnews\.venv\Lib\site-packages\sqlalchemy\orm\query.py", line 3176, in count
    return self._from_self(col).enable_eagerloads(False).scalar()
           ~~~~~~~~~~~~~~~~~~~~~~~~~~~~~~~~~~~~~~~~~~~~~~~~~~~~^^
  File "D:\smartnews\.venv\Lib\site-packages\sqlalchemy\orm\query.py", line 2893, in scalar
    ret = self.one()
  File "D:\smartnews\.venv\Lib\site-packages\sqlalchemy\orm\query.py", line 2870, in one
    return self._iter().one()
           ~~~~~~~~~~^^
  File "D:\smartnews\.venv\Lib\site-packages\sqlalchemy\orm\query.py", line 2916, in _iter
    result = self.session.execute(
        statement,
        params,
        execution_options={"_sa_orm_load_options": self.load_options},
    )
  File "D:\smartnews\.venv\Lib\site-packages\sqlalchemy\orm\session.py", line 1717, in execute
    result = conn._execute_20(statement, params or {}, execution_options)
  File "D:\smartnews\.venv\Lib\site-packages\sqlalchemy\engine\base.py", line 1710, in _execute_20
    return meth(self, args_10style, kwargs_10style, execution_options)
  File "D:\smartnews\.venv\Lib\site-packages\sqlalchemy\sql\elements.py", line 334, in _execute_on_connection
    return connection._execute_clauseelement(
           ~~~~~~~~~~~~~~~~~~~~~~~~~~~~~~~~~^
        self, multiparams, params, execution_options
        ^^^^^^^^^^^^^^^^^^^^^^^^^^^^^^^^^^^^^^^^^^^^
    )
    ^
  File "D:\smartnews\.venv\Lib\site-packages\sqlalchemy\engine\base.py", line 1577, in _execute_clauseelement
    ret = self._execute_context(
        dialect,
    ...<8 lines>...
        cache_hit=cache_hit,
    )
  File "D:\smartnews\.venv\Lib\site-packages\sqlalchemy\engine\base.py", line 1953, in _execute_context
    self._handle_dbapi_exception(
    ~~~~~~~~~~~~~~~~~~~~~~~~~~~~^
        e, statement, parameters, cursor, context
        ^^^^^^^^^^^^^^^^^^^^^^^^^^^^^^^^^^^^^^^^^
    )
    ^
  File "D:\smartnews\.venv\Lib\site-packages\sqlalchemy\engine\base.py", line 2134, in _handle_dbapi_exception
    util.raise_(
    ~~~~~~~~~~~^
        sqlalchemy_exception, with_traceback=exc_info[2], from_=e
        ^^^^^^^^^^^^^^^^^^^^^^^^^^^^^^^^^^^^^^^^^^^^^^^^^^^^^^^^^
    )
    ^
  File "D:\smartnews\.venv\Lib\site-packages\sqlalchemy\util\compat.py", line 211, in raise_
    raise exception
  File "D:\smartnews\.venv\Lib\site-packages\sqlalchemy\engine\base.py", line 1910, in _execute_context
    self.dialect.do_execute(
    ~~~~~~~~~~~~~~~~~~~~~~~^
        cursor, statement, parameters, context
        ^^^^^^^^^^^^^^^^^^^^^^^^^^^^^^^^^^^^^^
    )
    ^
  File "D:\smartnews\.venv\Lib\site-packages\sqlalchemy\engine\default.py", line 736, in do_execute
    cursor.execute(statement, parameters)
    ~~~~~~~~~~~~~~^^^^^^^^^^^^^^^^^^^^^^^
sqlalchemy.exc.OperationalError: (sqlite3.OperationalError) no such table: articles
[SQL: SELECT count(*) AS count_1 
FROM (SELECT articles.id AS articles_id, articles.title AS articles_title, articles.slug AS articles_slug, articles.content AS articles_content, articles.summary AS articles_summary, articles.source AS articles_source, articles.url AS articles_url, articles.image_url AS articles_image_url, articles.author AS articles_author, articles.publish_date AS articles_publish_date, articles.category AS articles_category, articles.region AS articles_region, articles.tags AS articles_tags, articles.sentiment_score AS articles_sentiment_score, articles.bias_label AS articles_bias_label, articles.embedding AS articles_embedding, articles.quality_score AS articles_quality_score, articles.readability_score AS articles_readability_score, articles.feed_score AS articles_feed_score, articles.is_featured AS articles_is_featured, articles.is_clickbait AS articles_is_clickbait, articles.read_time_minutes AS articles_read_time_minutes, articles.view_count AS articles_view_count, articles.created_at AS articles_created_at, articles.updated_at AS articles_updated_at 
FROM articles) AS anon_1]
(Background on this error at: https://sqlalche.me/e/14/e3q8)
2026-02-07 10:38:00 - app.main - ERROR - add_process_time_and_error_handling:88 - Global Request Crash: (sqlite3.OperationalError) no such table: articles
[SQL: SELECT count(*) AS count_1 
FROM (SELECT articles.id AS articles_id, articles.title AS articles_title, articles.slug AS articles_slug, articles.content AS articles_content, articles.summary AS articles_summary, articles.source AS articles_source, articles.url AS articles_url, articles.image_url AS articles_image_url, articles.author AS articles_author, articles.publish_date AS articles_publish_date, articles.category AS articles_category, articles.region AS articles_region, articles.tags AS articles_tags, articles.sentiment_score AS articles_sentiment_score, articles.bias_label AS articles_bias_label, articles.embedding AS articles_embedding, articles.quality_score AS articles_quality_score, articles.readability_score AS articles_readability_score, articles.feed_score AS articles_feed_score, articles.is_featured AS articles_is_featured, articles.is_clickbait AS articles_is_clickbait, articles.read_time_minutes AS articles_read_time_minutes, articles.view_count AS articles_view_count, articles.created_at AS articles_created_at, articles.updated_at AS articles_updated_at 
FROM articles) AS anon_1]
(Background on this error at: https://sqlalche.me/e/14/e3q8)
Traceback (most recent call last):
  File "D:\smartnews\.venv\Lib\site-packages\sqlalchemy\engine\base.py", line 1910, in _execute_context
    self.dialect.do_execute(
    ~~~~~~~~~~~~~~~~~~~~~~~^
        cursor, statement, parameters, context
        ^^^^^^^^^^^^^^^^^^^^^^^^^^^^^^^^^^^^^^
    )
    ^
  File "D:\smartnews\.venv\Lib\site-packages\sqlalchemy\engine\default.py", line 736, in do_execute
    cursor.execute(statement, parameters)
    ~~~~~~~~~~~~~~^^^^^^^^^^^^^^^^^^^^^^^
sqlite3.OperationalError: no such table: articles

The above exception was the direct cause of the following exception:

Traceback (most recent call last):
  File "D:\smartnews\backend\app\main.py", line 83, in add_process_time_and_error_handling
    response = await call_next(request)
               ^^^^^^^^^^^^^^^^^^^^^^^^
  File "D:\smartnews\.venv\Lib\site-packages\starlette\middleware\base.py", line 168, in call_next
    raise app_exc from app_exc.__cause__ or app_exc.__context__
  File "D:\smartnews\.venv\Lib\site-packages\starlette\middleware\base.py", line 144, in coro
    await self.app(scope, receive_or_disconnect, send_no_error)
  File "D:\smartnews\.venv\Lib\site-packages\starlette\middleware\cors.py", line 85, in __call__
    await self.app(scope, receive, send)
  File "D:\smartnews\.venv\Lib\site-packages\starlette\middleware\base.py", line 191, in __call__
    with recv_stream, send_stream, collapse_excgroups():
                                   ~~~~~~~~~~~~~~~~~~^^
  File "C:\Users\binod\AppData\Local\Programs\Python\Python314\Lib\contextlib.py", line 162, in __exit__
    self.gen.throw(value)
    ~~~~~~~~~~~~~~^^^^^^^
  File "D:\smartnews\.venv\Lib\site-packages\starlette\_utils.py", line 85, in collapse_excgroups
    raise exc
  File "D:\smartnews\.venv\Lib\site-packages\starlette\middleware\base.py", line 193, in __call__
    response = await self.dispatch_func(request, call_next)
               ^^^^^^^^^^^^^^^^^^^^^^^^^^^^^^^^^^^^^^^^^^^^
  File "D:\smartnews\backend\app\core\security.py", line 34, in dispatch
    response = await call_next(request)
               ^^^^^^^^^^^^^^^^^^^^^^^^
  File "D:\smartnews\.venv\Lib\site-packages\starlette\middleware\base.py", line 168, in call_next
    raise app_exc from app_exc.__cause__ or app_exc.__context__
  File "D:\smartnews\.venv\Lib\site-packages\starlette\middleware\base.py", line 144, in coro
    await self.app(scope, receive_or_disconnect, send_no_error)
  File "D:\smartnews\.venv\Lib\site-packages\starlette\middleware\base.py", line 191, in __call__
    with recv_stream, send_stream, collapse_excgroups():
                                   ~~~~~~~~~~~~~~~~~~^^
  File "C:\Users\binod\AppData\Local\Programs\Python\Python314\Lib\contextlib.py", line 162, in __exit__
    self.gen.throw(value)
    ~~~~~~~~~~~~~~^^^^^^^
  File "D:\smartnews\.venv\Lib\site-packages\starlette\_utils.py", line 85, in collapse_excgroups
    raise exc
  File "D:\smartnews\.venv\Lib\site-packages\starlette\middleware\base.py", line 193, in __call__
    response = await self.dispatch_func(request, call_next)
               ^^^^^^^^^^^^^^^^^^^^^^^^^^^^^^^^^^^^^^^^^^^^
  File "D:\smartnews\backend\app\core\security.py", line 9, in dispatch
    response = await call_next(request)
               ^^^^^^^^^^^^^^^^^^^^^^^^
  File "D:\smartnews\.venv\Lib\site-packages\starlette\middleware\base.py", line 168, in call_next
    raise app_exc from app_exc.__cause__ or app_exc.__context__
  File "D:\smartnews\.venv\Lib\site-packages\starlette\middleware\base.py", line 144, in coro
    await self.app(scope, receive_or_disconnect, send_no_error)
  File "D:\smartnews\.venv\Lib\site-packages\starlette\middleware\base.py", line 191, in __call__
    with recv_stream, send_stream, collapse_excgroups():
                                   ~~~~~~~~~~~~~~~~~~^^
  File "C:\Users\binod\AppData\Local\Programs\Python\Python314\Lib\contextlib.py", line 162, in __exit__
    self.gen.throw(value)
    ~~~~~~~~~~~~~~^^^^^^^
  File "D:\smartnews\.venv\Lib\site-packages\starlette\_utils.py", line 85, in collapse_excgroups
    raise exc
  File "D:\smartnews\.venv\Lib\site-packages\starlette\middleware\base.py", line 193, in __call__
    response = await self.dispatch_func(request, call_next)
               ^^^^^^^^^^^^^^^^^^^^^^^^^^^^^^^^^^^^^^^^^^^^
  File "D:\smartnews\.venv\Lib\site-packages\slowapi\middleware.py", line 136, in dispatch
    response = await call_next(request)
               ^^^^^^^^^^^^^^^^^^^^^^^^
  File "D:\smartnews\.venv\Lib\site-packages\starlette\middleware\base.py", line 168, in call_next
    raise app_exc from app_exc.__cause__ or app_exc.__context__
  File "D:\smartnews\.venv\Lib\site-packages\starlette\middleware\base.py", line 144, in coro
    await self.app(scope, receive_or_disconnect, send_no_error)
  File "D:\smartnews\.venv\Lib\site-packages\starlette\middleware\exceptions.py", line 63, in __call__
    await wrap_app_handling_exceptions(self.app, conn)(scope, receive, send)
  File "D:\smartnews\.venv\Lib\site-packages\starlette\_exception_handler.py", line 53, in wrapped_app
    raise exc
  File "D:\smartnews\.venv\Lib\site-packages\starlette\_exception_handler.py", line 42, in wrapped_app
    await app(scope, receive, sender)
  File "D:\smartnews\.venv\Lib\site-packages\fastapi\middleware\asyncexitstack.py", line 18, in __call__
    await self.app(scope, receive, send)
  File "D:\smartnews\.venv\Lib\site-packages\starlette\routing.py", line 716, in __call__
    await self.middleware_stack(scope, receive, send)
  File "D:\smartnews\.venv\Lib\site-packages\starlette\routing.py", line 736, in app
    await route.handle(scope, receive, send)
  File "D:\smartnews\.venv\Lib\site-packages\starlette\routing.py", line 290, in handle
    await self.app(scope, receive, send)
  File "D:\smartnews\.venv\Lib\site-packages\fastapi\routing.py", line 115, in app
    await wrap_app_handling_exceptions(app, request)(scope, receive, send)
  File "D:\smartnews\.venv\Lib\site-packages\starlette\_exception_handler.py", line 53, in wrapped_app
    raise exc
  File "D:\smartnews\.venv\Lib\site-packages\starlette\_exception_handler.py", line 42, in wrapped_app
    await app(scope, receive, sender)
  File "D:\smartnews\.venv\Lib\site-packages\fastapi\routing.py", line 101, in app
    response = await f(request)
               ^^^^^^^^^^^^^^^^
  File "D:\smartnews\.venv\Lib\site-packages\fastapi\routing.py", line 355, in app
    raw_response = await run_endpoint_function(
                   ^^^^^^^^^^^^^^^^^^^^^^^^^^^^
    ...<3 lines>...
    )
    ^
  File "D:\smartnews\.venv\Lib\site-packages\fastapi\routing.py", line 245, in run_endpoint_function
    return await run_in_threadpool(dependant.call, **values)
           ^^^^^^^^^^^^^^^^^^^^^^^^^^^^^^^^^^^^^^^^^^^^^^^^^
  File "D:\smartnews\.venv\Lib\site-packages\starlette\concurrency.py", line 32, in run_in_threadpool
    return await anyio.to_thread.run_sync(func)
           ^^^^^^^^^^^^^^^^^^^^^^^^^^^^^^^^^^^^
  File "D:\smartnews\.venv\Lib\site-packages\anyio\to_thread.py", line 63, in run_sync
    return await get_async_backend().run_sync_in_worker_thread(
           ^^^^^^^^^^^^^^^^^^^^^^^^^^^^^^^^^^^^^^^^^^^^^^^^^^^^
        func, args, abandon_on_cancel=abandon_on_cancel, limiter=limiter
        ^^^^^^^^^^^^^^^^^^^^^^^^^^^^^^^^^^^^^^^^^^^^^^^^^^^^^^^^^^^^^^^^
    )
    ^
  File "D:\smartnews\.venv\Lib\site-packages\anyio\_backends\_asyncio.py", line 2502, in run_sync_in_worker_thread
    return await future
           ^^^^^^^^^^^^
  File "D:\smartnews\.venv\Lib\site-packages\anyio\_backends\_asyncio.py", line 986, in run
    result = context.run(func, *args)
  File "D:\smartnews\backend\app\api\v1\endpoints\articles.py", line 58, in get_articles
    total_count = query.count()
  File "D:\smartnews\.venv\Lib\site-packages\sqlalchemy\orm\query.py", line 3176, in count
    return self._from_self(col).enable_eagerloads(False).scalar()
           ~~~~~~~~~~~~~~~~~~~~~~~~~~~~~~~~~~~~~~~~~~~~~~~~~~~~^^
  File "D:\smartnews\.venv\Lib\site-packages\sqlalchemy\orm\query.py", line 2893, in scalar
    ret = self.one()
  File "D:\smartnews\.venv\Lib\site-packages\sqlalchemy\orm\query.py", line 2870, in one
    return self._iter().one()
           ~~~~~~~~~~^^
  File "D:\smartnews\.venv\Lib\site-packages\sqlalchemy\orm\query.py", line 2916, in _iter
    result = self.session.execute(
        statement,
        params,
        execution_options={"_sa_orm_load_options": self.load_options},
    )
  File "D:\smartnews\.venv\Lib\site-packages\sqlalchemy\orm\session.py", line 1717, in execute
    result = conn._execute_20(statement, params or {}, execution_options)
  File "D:\smartnews\.venv\Lib\site-packages\sqlalchemy\engine\base.py", line 1710, in _execute_20
    return meth(self, args_10style, kwargs_10style, execution_options)
  File "D:\smartnews\.venv\Lib\site-packages\sqlalchemy\sql\elements.py", line 334, in _execute_on_connection
    return connection._execute_clauseelement(
           ~~~~~~~~~~~~~~~~~~~~~~~~~~~~~~~~~^
        self, multiparams, params, execution_options
        ^^^^^^^^^^^^^^^^^^^^^^^^^^^^^^^^^^^^^^^^^^^^
    )
    ^
  File "D:\smartnews\.venv\Lib\site-packages\sqlalchemy\engine\base.py", line 1577, in _execute_clauseelement
    ret = self._execute_context(
        dialect,
    ...<8 lines>...
        cache_hit=cache_hit,
    )
  File "D:\smartnews\.venv\Lib\site-packages\sqlalchemy\engine\base.py", line 1953, in _execute_context
    self._handle_dbapi_exception(
    ~~~~~~~~~~~~~~~~~~~~~~~~~~~~^
        e, statement, parameters, cursor, context
        ^^^^^^^^^^^^^^^^^^^^^^^^^^^^^^^^^^^^^^^^^
    )
    ^
  File "D:\smartnews\.venv\Lib\site-packages\sqlalchemy\engine\base.py", line 2134, in _handle_dbapi_exception
    util.raise_(
    ~~~~~~~~~~~^
        sqlalchemy_exception, with_traceback=exc_info[2], from_=e
        ^^^^^^^^^^^^^^^^^^^^^^^^^^^^^^^^^^^^^^^^^^^^^^^^^^^^^^^^^
    )
    ^
  File "D:\smartnews\.venv\Lib\site-packages\sqlalchemy\util\compat.py", line 211, in raise_
    raise exception
  File "D:\smartnews\.venv\Lib\site-packages\sqlalchemy\engine\base.py", line 1910, in _execute_context
    self.dialect.do_execute(
    ~~~~~~~~~~~~~~~~~~~~~~~^
        cursor, statement, parameters, context
        ^^^^^^^^^^^^^^^^^^^^^^^^^^^^^^^^^^^^^^
    )
    ^
  File "D:\smartnews\.venv\Lib\site-packages\sqlalchemy\engine\default.py", line 736, in do_execute
    cursor.execute(statement, parameters)
    ~~~~~~~~~~~~~~^^^^^^^^^^^^^^^^^^^^^^^
sqlalchemy.exc.OperationalError: (sqlite3.OperationalError) no such table: articles
[SQL: SELECT count(*) AS count_1 
FROM (SELECT articles.id AS articles_id, articles.title AS articles_title, articles.slug AS articles_slug, articles.content AS articles_content, articles.summary AS articles_summary, articles.source AS articles_source, articles.url AS articles_url, articles.image_url AS articles_image_url, articles.author AS articles_author, articles.publish_date AS articles_publish_date, articles.category AS articles_category, articles.region AS articles_region, articles.tags AS articles_tags, articles.sentiment_score AS articles_sentiment_score, articles.bias_label AS articles_bias_label, articles.embedding AS articles_embedding, articles.quality_score AS articles_quality_score, articles.readability_score AS articles_readability_score, articles.feed_score AS articles_feed_score, articles.is_featured AS articles_is_featured, articles.is_clickbait AS articles_is_clickbait, articles.read_time_minutes AS articles_read_time_minutes, articles.view_count AS articles_view_count, articles.created_at AS articles_created_at, articles.updated_at AS articles_updated_at 
FROM articles) AS anon_1]
(Background on this error at: https://sqlalche.me/e/14/e3q8)
2026-02-07 10:38:00 - app.main - ERROR - add_process_time_and_error_handling:88 - Global Request Crash: (sqlite3.OperationalError) no such table: trending_topics
[SQL: SELECT trending_topics.id AS trending_topics_id, trending_topics.topic AS trending_topics_topic, trending_topics.article_count AS trending_topics_article_count, trending_topics.growth_rate AS trending_topics_growth_rate, trending_topics.last_updated AS trending_topics_last_updated 
FROM trending_topics ORDER BY trending_topics.article_count DESC
 LIMIT ? OFFSET ?]
[parameters: (10, 0)]
(Background on this error at: https://sqlalche.me/e/14/e3q8)
Traceback (most recent call last):
  File "D:\smartnews\.venv\Lib\site-packages\sqlalchemy\engine\base.py", line 1910, in _execute_context
    self.dialect.do_execute(
    ~~~~~~~~~~~~~~~~~~~~~~~^
        cursor, statement, parameters, context
        ^^^^^^^^^^^^^^^^^^^^^^^^^^^^^^^^^^^^^^
    )
    ^
  File "D:\smartnews\.venv\Lib\site-packages\sqlalchemy\engine\default.py", line 736, in do_execute
    cursor.execute(statement, parameters)
    ~~~~~~~~~~~~~~^^^^^^^^^^^^^^^^^^^^^^^
sqlite3.OperationalError: no such table: trending_topics

The above exception was the direct cause of the following exception:

Traceback (most recent call last):
  File "D:\smartnews\backend\app\main.py", line 83, in add_process_time_and_error_handling
    response = await call_next(request)
               ^^^^^^^^^^^^^^^^^^^^^^^^
  File "D:\smartnews\.venv\Lib\site-packages\starlette\middleware\base.py", line 168, in call_next
    raise app_exc from app_exc.__cause__ or app_exc.__context__
  File "D:\smartnews\.venv\Lib\site-packages\starlette\middleware\base.py", line 144, in coro
    await self.app(scope, receive_or_disconnect, send_no_error)
  File "D:\smartnews\.venv\Lib\site-packages\starlette\middleware\cors.py", line 85, in __call__
    await self.app(scope, receive, send)
  File "D:\smartnews\.venv\Lib\site-packages\starlette\middleware\base.py", line 191, in __call__
    with recv_stream, send_stream, collapse_excgroups():
                                   ~~~~~~~~~~~~~~~~~~^^
  File "C:\Users\binod\AppData\Local\Programs\Python\Python314\Lib\contextlib.py", line 162, in __exit__
    self.gen.throw(value)
    ~~~~~~~~~~~~~~^^^^^^^
  File "D:\smartnews\.venv\Lib\site-packages\starlette\_utils.py", line 85, in collapse_excgroups
    raise exc
  File "D:\smartnews\.venv\Lib\site-packages\starlette\middleware\base.py", line 193, in __call__
    response = await self.dispatch_func(request, call_next)
               ^^^^^^^^^^^^^^^^^^^^^^^^^^^^^^^^^^^^^^^^^^^^
  File "D:\smartnews\backend\app\core\security.py", line 34, in dispatch
    response = await call_next(request)
               ^^^^^^^^^^^^^^^^^^^^^^^^
  File "D:\smartnews\.venv\Lib\site-packages\starlette\middleware\base.py", line 168, in call_next
    raise app_exc from app_exc.__cause__ or app_exc.__context__
  File "D:\smartnews\.venv\Lib\site-packages\starlette\middleware\base.py", line 144, in coro
    await self.app(scope, receive_or_disconnect, send_no_error)
  File "D:\smartnews\.venv\Lib\site-packages\starlette\middleware\base.py", line 191, in __call__
    with recv_stream, send_stream, collapse_excgroups():
                                   ~~~~~~~~~~~~~~~~~~^^
  File "C:\Users\binod\AppData\Local\Programs\Python\Python314\Lib\contextlib.py", line 162, in __exit__
    self.gen.throw(value)
    ~~~~~~~~~~~~~~^^^^^^^
  File "D:\smartnews\.venv\Lib\site-packages\starlette\_utils.py", line 85, in collapse_excgroups
    raise exc
  File "D:\smartnews\.venv\Lib\site-packages\starlette\middleware\base.py", line 193, in __call__
    response = await self.dispatch_func(request, call_next)
               ^^^^^^^^^^^^^^^^^^^^^^^^^^^^^^^^^^^^^^^^^^^^
  File "D:\smartnews\backend\app\core\security.py", line 9, in dispatch
    response = await call_next(request)
               ^^^^^^^^^^^^^^^^^^^^^^^^
  File "D:\smartnews\.venv\Lib\site-packages\starlette\middleware\base.py", line 168, in call_next
    raise app_exc from app_exc.__cause__ or app_exc.__context__
  File "D:\smartnews\.venv\Lib\site-packages\starlette\middleware\base.py", line 144, in coro
    await self.app(scope, receive_or_disconnect, send_no_error)
  File "D:\smartnews\.venv\Lib\site-packages\starlette\middleware\base.py", line 191, in __call__
    with recv_stream, send_stream, collapse_excgroups():
                                   ~~~~~~~~~~~~~~~~~~^^
  File "C:\Users\binod\AppData\Local\Programs\Python\Python314\Lib\contextlib.py", line 162, in __exit__
    self.gen.throw(value)
    ~~~~~~~~~~~~~~^^^^^^^
  File "D:\smartnews\.venv\Lib\site-packages\starlette\_utils.py", line 85, in collapse_excgroups
    raise exc
  File "D:\smartnews\.venv\Lib\site-packages\starlette\middleware\base.py", line 193, in __call__
    response = await self.dispatch_func(request, call_next)
               ^^^^^^^^^^^^^^^^^^^^^^^^^^^^^^^^^^^^^^^^^^^^
  File "D:\smartnews\.venv\Lib\site-packages\slowapi\middleware.py", line 136, in dispatch
    response = await call_next(request)
               ^^^^^^^^^^^^^^^^^^^^^^^^
  File "D:\smartnews\.venv\Lib\site-packages\starlette\middleware\base.py", line 168, in call_next
    raise app_exc from app_exc.__cause__ or app_exc.__context__
  File "D:\smartnews\.venv\Lib\site-packages\starlette\middleware\base.py", line 144, in coro
    await self.app(scope, receive_or_disconnect, send_no_error)
  File "D:\smartnews\.venv\Lib\site-packages\starlette\middleware\exceptions.py", line 63, in __call__
    await wrap_app_handling_exceptions(self.app, conn)(scope, receive, send)
  File "D:\smartnews\.venv\Lib\site-packages\starlette\_exception_handler.py", line 53, in wrapped_app
    raise exc
  File "D:\smartnews\.venv\Lib\site-packages\starlette\_exception_handler.py", line 42, in wrapped_app
    await app(scope, receive, sender)
  File "D:\smartnews\.venv\Lib\site-packages\fastapi\middleware\asyncexitstack.py", line 18, in __call__
    await self.app(scope, receive, send)
  File "D:\smartnews\.venv\Lib\site-packages\starlette\routing.py", line 716, in __call__
    await self.middleware_stack(scope, receive, send)
  File "D:\smartnews\.venv\Lib\site-packages\starlette\routing.py", line 736, in app
    await route.handle(scope, receive, send)
  File "D:\smartnews\.venv\Lib\site-packages\starlette\routing.py", line 290, in handle
    await self.app(scope, receive, send)
  File "D:\smartnews\.venv\Lib\site-packages\fastapi\routing.py", line 115, in app
    await wrap_app_handling_exceptions(app, request)(scope, receive, send)
  File "D:\smartnews\.venv\Lib\site-packages\starlette\_exception_handler.py", line 53, in wrapped_app
    raise exc
  File "D:\smartnews\.venv\Lib\site-packages\starlette\_exception_handler.py", line 42, in wrapped_app
    await app(scope, receive, sender)
  File "D:\smartnews\.venv\Lib\site-packages\fastapi\routing.py", line 101, in app
    response = await f(request)
               ^^^^^^^^^^^^^^^^
  File "D:\smartnews\.venv\Lib\site-packages\fastapi\routing.py", line 355, in app
    raw_response = await run_endpoint_function(
                   ^^^^^^^^^^^^^^^^^^^^^^^^^^^^
    ...<3 lines>...
    )
    ^
  File "D:\smartnews\.venv\Lib\site-packages\fastapi\routing.py", line 245, in run_endpoint_function
    return await run_in_threadpool(dependant.call, **values)
           ^^^^^^^^^^^^^^^^^^^^^^^^^^^^^^^^^^^^^^^^^^^^^^^^^
  File "D:\smartnews\.venv\Lib\site-packages\starlette\concurrency.py", line 32, in run_in_threadpool
    return await anyio.to_thread.run_sync(func)
           ^^^^^^^^^^^^^^^^^^^^^^^^^^^^^^^^^^^^
  File "D:\smartnews\.venv\Lib\site-packages\anyio\to_thread.py", line 63, in run_sync
    return await get_async_backend().run_sync_in_worker_thread(
           ^^^^^^^^^^^^^^^^^^^^^^^^^^^^^^^^^^^^^^^^^^^^^^^^^^^^
        func, args, abandon_on_cancel=abandon_on_cancel, limiter=limiter
        ^^^^^^^^^^^^^^^^^^^^^^^^^^^^^^^^^^^^^^^^^^^^^^^^^^^^^^^^^^^^^^^^
    )
    ^
  File "D:\smartnews\.venv\Lib\site-packages\anyio\_backends\_asyncio.py", line 2502, in run_sync_in_worker_thread
    return await future
           ^^^^^^^^^^^^
  File "D:\smartnews\.venv\Lib\site-packages\anyio\_backends\_asyncio.py", line 986, in run
    result = context.run(func, *args)
  File "D:\smartnews\backend\app\api\v1\endpoints\trending.py", line 25, in get_trending
    return db.query(TrendingTopic).order_by(TrendingTopic.article_count.desc()).limit(limit).all()
           ~~~~~~~~~~~~~~~~~~~~~~~~~~~~~~~~~~~~~~~~~~~~~~~~~~~~~~~~~~~~~~~~~~~~~~~~~~~~~~~~~~~~~^^
  File "D:\smartnews\.venv\Lib\site-packages\sqlalchemy\orm\query.py", line 2773, in all
    return self._iter().all()
           ~~~~~~~~~~^^
  File "D:\smartnews\.venv\Lib\site-packages\sqlalchemy\orm\query.py", line 2916, in _iter
    result = self.session.execute(
        statement,
        params,
        execution_options={"_sa_orm_load_options": self.load_options},
    )
  File "D:\smartnews\.venv\Lib\site-packages\sqlalchemy\orm\session.py", line 1717, in execute
    result = conn._execute_20(statement, params or {}, execution_options)
  File "D:\smartnews\.venv\Lib\site-packages\sqlalchemy\engine\base.py", line 1710, in _execute_20
    return meth(self, args_10style, kwargs_10style, execution_options)
  File "D:\smartnews\.venv\Lib\site-packages\sqlalchemy\sql\elements.py", line 334, in _execute_on_connection
    return connection._execute_clauseelement(
           ~~~~~~~~~~~~~~~~~~~~~~~~~~~~~~~~~^
        self, multiparams, params, execution_options
        ^^^^^^^^^^^^^^^^^^^^^^^^^^^^^^^^^^^^^^^^^^^^
    )
    ^
  File "D:\smartnews\.venv\Lib\site-packages\sqlalchemy\engine\base.py", line 1577, in _execute_clauseelement
    ret = self._execute_context(
        dialect,
    ...<8 lines>...
        cache_hit=cache_hit,
    )
  File "D:\smartnews\.venv\Lib\site-packages\sqlalchemy\engine\base.py", line 1953, in _execute_context
    self._handle_dbapi_exception(
    ~~~~~~~~~~~~~~~~~~~~~~~~~~~~^
        e, statement, parameters, cursor, context
        ^^^^^^^^^^^^^^^^^^^^^^^^^^^^^^^^^^^^^^^^^
    )
    ^
  File "D:\smartnews\.venv\Lib\site-packages\sqlalchemy\engine\base.py", line 2134, in _handle_dbapi_exception
    util.raise_(
    ~~~~~~~~~~~^
        sqlalchemy_exception, with_traceback=exc_info[2], from_=e
        ^^^^^^^^^^^^^^^^^^^^^^^^^^^^^^^^^^^^^^^^^^^^^^^^^^^^^^^^^
    )
    ^
  File "D:\smartnews\.venv\Lib\site-packages\sqlalchemy\util\compat.py", line 211, in raise_
    raise exception
  File "D:\smartnews\.venv\Lib\site-packages\sqlalchemy\engine\base.py", line 1910, in _execute_context
    self.dialect.do_execute(
    ~~~~~~~~~~~~~~~~~~~~~~~^
        cursor, statement, parameters, context
        ^^^^^^^^^^^^^^^^^^^^^^^^^^^^^^^^^^^^^^
    )
    ^
  File "D:\smartnews\.venv\Lib\site-packages\sqlalchemy\engine\default.py", line 736, in do_execute
    cursor.execute(statement, parameters)
    ~~~~~~~~~~~~~~^^^^^^^^^^^^^^^^^^^^^^^
sqlalchemy.exc.OperationalError: (sqlite3.OperationalError) no such table: trending_topics
[SQL: SELECT trending_topics.id AS trending_topics_id, trending_topics.topic AS trending_topics_topic, trending_topics.article_count AS trending_topics_article_count, trending_topics.growth_rate AS trending_topics_growth_rate, trending_topics.last_updated AS trending_topics_last_updated 
FROM trending_topics ORDER BY trending_topics.article_count DESC
 LIMIT ? OFFSET ?]
[parameters: (10, 0)]
(Background on this error at: https://sqlalche.me/e/14/e3q8)
2026-02-07 10:38:00 - root - ERROR - get_stats:176 - Stats endpoint error: (sqlite3.OperationalError) no such table: articles
[SQL: SELECT count(*) AS count_1 
FROM (SELECT articles.id AS articles_id, articles.title AS articles_title, articles.slug AS articles_slug, articles.content AS articles_content, articles.summary AS articles_summary, articles.source AS articles_source, articles.url AS articles_url, articles.image_url AS articles_image_url, articles.author AS articles_author, articles.publish_date AS articles_publish_date, articles.category AS articles_category, articles.region AS articles_region, articles.tags AS articles_tags, articles.sentiment_score AS articles_sentiment_score, articles.bias_label AS articles_bias_label, articles.embedding AS articles_embedding, articles.quality_score AS articles_quality_score, articles.readability_score AS articles_readability_score, articles.feed_score AS articles_feed_score, articles.is_featured AS articles_is_featured, articles.is_clickbait AS articles_is_clickbait, articles.read_time_minutes AS articles_read_time_minutes, articles.view_count AS articles_view_count, articles.created_at AS articles_created_at, articles.updated_at AS articles_updated_at 
FROM articles) AS anon_1]
(Background on this error at: https://sqlalche.me/e/14/e3q8)
2026-02-07 10:38:00 - app.main - ERROR - add_process_time_and_error_handling:88 - Global Request Crash: (sqlite3.OperationalError) no such table: articles
[SQL: SELECT articles.id AS articles_id, articles.title AS articles_title, articles.slug AS articles_slug, articles.content AS articles_content, articles.summary AS articles_summary, articles.source AS articles_source, articles.url AS articles_url, articles.image_url AS articles_image_url, articles.author AS articles_author, articles.publish_date AS articles_publish_date, articles.category AS articles_category, articles.region AS articles_region, articles.tags AS articles_tags, articles.sentiment_score AS articles_sentiment_score, articles.bias_label AS articles_bias_label, articles.embedding AS articles_embedding, articles.quality_score AS articles_quality_score, articles.readability_score AS articles_readability_score, articles.feed_score AS articles_feed_score, articles.is_featured AS articles_is_featured, articles.is_clickbait AS articles_is_clickbait, articles.read_time_minutes AS articles_read_time_minutes, articles.view_count AS articles_view_count, articles.created_at AS articles_created_at, articles.updated_at AS articles_updated_at 
FROM articles ORDER BY articles.publish_date DESC
 LIMIT ? OFFSET ?]
[parameters: (10, 0)]
(Background on this error at: https://sqlalche.me/e/14/e3q8)
Traceback (most recent call last):
  File "D:\smartnews\.venv\Lib\site-packages\sqlalchemy\engine\base.py", line 1910, in _execute_context
    self.dialect.do_execute(
    ~~~~~~~~~~~~~~~~~~~~~~~^
        cursor, statement, parameters, context
        ^^^^^^^^^^^^^^^^^^^^^^^^^^^^^^^^^^^^^^
    )
    ^
  File "D:\smartnews\.venv\Lib\site-packages\sqlalchemy\engine\default.py", line 736, in do_execute
    cursor.execute(statement, parameters)
    ~~~~~~~~~~~~~~^^^^^^^^^^^^^^^^^^^^^^^
sqlite3.OperationalError: no such table: articles

The above exception was the direct cause of the following exception:

Traceback (most recent call last):
  File "D:\smartnews\backend\app\main.py", line 83, in add_process_time_and_error_handling
    response = await call_next(request)
               ^^^^^^^^^^^^^^^^^^^^^^^^
  File "D:\smartnews\.venv\Lib\site-packages\starlette\middleware\base.py", line 168, in call_next
    raise app_exc from app_exc.__cause__ or app_exc.__context__
  File "D:\smartnews\.venv\Lib\site-packages\starlette\middleware\base.py", line 144, in coro
    await self.app(scope, receive_or_disconnect, send_no_error)
  File "D:\smartnews\.venv\Lib\site-packages\starlette\middleware\cors.py", line 85, in __call__
    await self.app(scope, receive, send)
  File "D:\smartnews\.venv\Lib\site-packages\starlette\middleware\base.py", line 191, in __call__
    with recv_stream, send_stream, collapse_excgroups():
                                   ~~~~~~~~~~~~~~~~~~^^
  File "C:\Users\binod\AppData\Local\Programs\Python\Python314\Lib\contextlib.py", line 162, in __exit__
    self.gen.throw(value)
    ~~~~~~~~~~~~~~^^^^^^^
  File "D:\smartnews\.venv\Lib\site-packages\starlette\_utils.py", line 85, in collapse_excgroups
    raise exc
  File "D:\smartnews\.venv\Lib\site-packages\starlette\middleware\base.py", line 193, in __call__
    response = await self.dispatch_func(request, call_next)
               ^^^^^^^^^^^^^^^^^^^^^^^^^^^^^^^^^^^^^^^^^^^^
  File "D:\smartnews\backend\app\core\security.py", line 34, in dispatch
    response = await call_next(request)
               ^^^^^^^^^^^^^^^^^^^^^^^^
  File "D:\smartnews\.venv\Lib\site-packages\starlette\middleware\base.py", line 168, in call_next
    raise app_exc from app_exc.__cause__ or app_exc.__context__
  File "D:\smartnews\.venv\Lib\site-packages\starlette\middleware\base.py", line 144, in coro
    await self.app(scope, receive_or_disconnect, send_no_error)
  File "D:\smartnews\.venv\Lib\site-packages\starlette\middleware\base.py", line 191, in __call__
    with recv_stream, send_stream, collapse_excgroups():
                                   ~~~~~~~~~~~~~~~~~~^^
  File "C:\Users\binod\AppData\Local\Programs\Python\Python314\Lib\contextlib.py", line 162, in __exit__
    self.gen.throw(value)
    ~~~~~~~~~~~~~~^^^^^^^
  File "D:\smartnews\.venv\Lib\site-packages\starlette\_utils.py", line 85, in collapse_excgroups
    raise exc
  File "D:\smartnews\.venv\Lib\site-packages\starlette\middleware\base.py", line 193, in __call__
    response = await self.dispatch_func(request, call_next)
               ^^^^^^^^^^^^^^^^^^^^^^^^^^^^^^^^^^^^^^^^^^^^
  File "D:\smartnews\backend\app\core\security.py", line 9, in dispatch
    response = await call_next(request)
               ^^^^^^^^^^^^^^^^^^^^^^^^
  File "D:\smartnews\.venv\Lib\site-packages\starlette\middleware\base.py", line 168, in call_next
    raise app_exc from app_exc.__cause__ or app_exc.__context__
  File "D:\smartnews\.venv\Lib\site-packages\starlette\middleware\base.py", line 144, in coro
    await self.app(scope, receive_or_disconnect, send_no_error)
  File "D:\smartnews\.venv\Lib\site-packages\starlette\middleware\base.py", line 191, in __call__
    with recv_stream, send_stream, collapse_excgroups():
                                   ~~~~~~~~~~~~~~~~~~^^
  File "C:\Users\binod\AppData\Local\Programs\Python\Python314\Lib\contextlib.py", line 162, in __exit__
    self.gen.throw(value)
    ~~~~~~~~~~~~~~^^^^^^^
  File "D:\smartnews\.venv\Lib\site-packages\starlette\_utils.py", line 85, in collapse_excgroups
    raise exc
  File "D:\smartnews\.venv\Lib\site-packages\starlette\middleware\base.py", line 193, in __call__
    response = await self.dispatch_func(request, call_next)
               ^^^^^^^^^^^^^^^^^^^^^^^^^^^^^^^^^^^^^^^^^^^^
  File "D:\smartnews\.venv\Lib\site-packages\slowapi\middleware.py", line 136, in dispatch
    response = await call_next(request)
               ^^^^^^^^^^^^^^^^^^^^^^^^
  File "D:\smartnews\.venv\Lib\site-packages\starlette\middleware\base.py", line 168, in call_next
    raise app_exc from app_exc.__cause__ or app_exc.__context__
  File "D:\smartnews\.venv\Lib\site-packages\starlette\middleware\base.py", line 144, in coro
    await self.app(scope, receive_or_disconnect, send_no_error)
  File "D:\smartnews\.venv\Lib\site-packages\starlette\middleware\exceptions.py", line 63, in __call__
    await wrap_app_handling_exceptions(self.app, conn)(scope, receive, send)
  File "D:\smartnews\.venv\Lib\site-packages\starlette\_exception_handler.py", line 53, in wrapped_app
    raise exc
  File "D:\smartnews\.venv\Lib\site-packages\starlette\_exception_handler.py", line 42, in wrapped_app
    await app(scope, receive, sender)
  File "D:\smartnews\.venv\Lib\site-packages\fastapi\middleware\asyncexitstack.py", line 18, in __call__
    await self.app(scope, receive, send)
  File "D:\smartnews\.venv\Lib\site-packages\starlette\routing.py", line 716, in __call__
    await self.middleware_stack(scope, receive, send)
  File "D:\smartnews\.venv\Lib\site-packages\starlette\routing.py", line 736, in app
    await route.handle(scope, receive, send)
  File "D:\smartnews\.venv\Lib\site-packages\starlette\routing.py", line 290, in handle
    await self.app(scope, receive, send)
  File "D:\smartnews\.venv\Lib\site-packages\fastapi\routing.py", line 115, in app
    await wrap_app_handling_exceptions(app, request)(scope, receive, send)
  File "D:\smartnews\.venv\Lib\site-packages\starlette\_exception_handler.py", line 53, in wrapped_app
    raise exc
  File "D:\smartnews\.venv\Lib\site-packages\starlette\_exception_handler.py", line 42, in wrapped_app
    await app(scope, receive, sender)
  File "D:\smartnews\.venv\Lib\site-packages\fastapi\routing.py", line 101, in app
    response = await f(request)
               ^^^^^^^^^^^^^^^^
  File "D:\smartnews\.venv\Lib\site-packages\fastapi\routing.py", line 355, in app
    raw_response = await run_endpoint_function(
                   ^^^^^^^^^^^^^^^^^^^^^^^^^^^^
    ...<3 lines>...
    )
    ^
  File "D:\smartnews\.venv\Lib\site-packages\fastapi\routing.py", line 245, in run_endpoint_function
    return await run_in_threadpool(dependant.call, **values)
           ^^^^^^^^^^^^^^^^^^^^^^^^^^^^^^^^^^^^^^^^^^^^^^^^^
  File "D:\smartnews\.venv\Lib\site-packages\starlette\concurrency.py", line 32, in run_in_threadpool
    return await anyio.to_thread.run_sync(func)
           ^^^^^^^^^^^^^^^^^^^^^^^^^^^^^^^^^^^^
  File "D:\smartnews\.venv\Lib\site-packages\anyio\to_thread.py", line 63, in run_sync
    return await get_async_backend().run_sync_in_worker_thread(
           ^^^^^^^^^^^^^^^^^^^^^^^^^^^^^^^^^^^^^^^^^^^^^^^^^^^^
        func, args, abandon_on_cancel=abandon_on_cancel, limiter=limiter
        ^^^^^^^^^^^^^^^^^^^^^^^^^^^^^^^^^^^^^^^^^^^^^^^^^^^^^^^^^^^^^^^^
    )
    ^
  File "D:\smartnews\.venv\Lib\site-packages\anyio\_backends\_asyncio.py", line 2502, in run_sync_in_worker_thread
    return await future
           ^^^^^^^^^^^^
  File "D:\smartnews\.venv\Lib\site-packages\anyio\_backends\_asyncio.py", line 986, in run
    result = context.run(func, *args)
  File "D:\smartnews\backend\app\api\v1\endpoints\news.py", line 194, in get_quick_feed
    return db.query(Article).order_by(Article.publish_date.desc()).limit(limit).all()
           ~~~~~~~~~~~~~~~~~~~~~~~~~~~~~~~~~~~~~~~~~~~~~~~~~~~~~~~~~~~~~~~~~~~~~~~~^^
  File "D:\smartnews\.venv\Lib\site-packages\sqlalchemy\orm\query.py", line 2773, in all
    return self._iter().all()
           ~~~~~~~~~~^^
  File "D:\smartnews\.venv\Lib\site-packages\sqlalchemy\orm\query.py", line 2916, in _iter
    result = self.session.execute(
        statement,
        params,
        execution_options={"_sa_orm_load_options": self.load_options},
    )
  File "D:\smartnews\.venv\Lib\site-packages\sqlalchemy\orm\session.py", line 1717, in execute
    result = conn._execute_20(statement, params or {}, execution_options)
  File "D:\smartnews\.venv\Lib\site-packages\sqlalchemy\engine\base.py", line 1710, in _execute_20
    return meth(self, args_10style, kwargs_10style, execution_options)
  File "D:\smartnews\.venv\Lib\site-packages\sqlalchemy\sql\elements.py", line 334, in _execute_on_connection
    return connection._execute_clauseelement(
           ~~~~~~~~~~~~~~~~~~~~~~~~~~~~~~~~~^
        self, multiparams, params, execution_options
        ^^^^^^^^^^^^^^^^^^^^^^^^^^^^^^^^^^^^^^^^^^^^
    )
    ^
  File "D:\smartnews\.venv\Lib\site-packages\sqlalchemy\engine\base.py", line 1577, in _execute_clauseelement
    ret = self._execute_context(
        dialect,
    ...<8 lines>...
        cache_hit=cache_hit,
    )
  File "D:\smartnews\.venv\Lib\site-packages\sqlalchemy\engine\base.py", line 1953, in _execute_context
    self._handle_dbapi_exception(
    ~~~~~~~~~~~~~~~~~~~~~~~~~~~~^
        e, statement, parameters, cursor, context
        ^^^^^^^^^^^^^^^^^^^^^^^^^^^^^^^^^^^^^^^^^
    )
    ^
  File "D:\smartnews\.venv\Lib\site-packages\sqlalchemy\engine\base.py", line 2134, in _handle_dbapi_exception
    util.raise_(
    ~~~~~~~~~~~^
        sqlalchemy_exception, with_traceback=exc_info[2], from_=e
        ^^^^^^^^^^^^^^^^^^^^^^^^^^^^^^^^^^^^^^^^^^^^^^^^^^^^^^^^^
    )
    ^
  File "D:\smartnews\.venv\Lib\site-packages\sqlalchemy\util\compat.py", line 211, in raise_
    raise exception
  File "D:\smartnews\.venv\Lib\site-packages\sqlalchemy\engine\base.py", line 1910, in _execute_context
    self.dialect.do_execute(
    ~~~~~~~~~~~~~~~~~~~~~~~^
        cursor, statement, parameters, context
        ^^^^^^^^^^^^^^^^^^^^^^^^^^^^^^^^^^^^^^
    )
    ^
  File "D:\smartnews\.venv\Lib\site-packages\sqlalchemy\engine\default.py", line 736, in do_execute
    cursor.execute(statement, parameters)
    ~~~~~~~~~~~~~~^^^^^^^^^^^^^^^^^^^^^^^
sqlalchemy.exc.OperationalError: (sqlite3.OperationalError) no such table: articles
[SQL: SELECT articles.id AS articles_id, articles.title AS articles_title, articles.slug AS articles_slug, articles.content AS articles_content, articles.summary AS articles_summary, articles.source AS articles_source, articles.url AS articles_url, articles.image_url AS articles_image_url, articles.author AS articles_author, articles.publish_date AS articles_publish_date, articles.category AS articles_category, articles.region AS articles_region, articles.tags AS articles_tags, articles.sentiment_score AS articles_sentiment_score, articles.bias_label AS articles_bias_label, articles.embedding AS articles_embedding, articles.quality_score AS articles_quality_score, articles.readability_score AS articles_readability_score, articles.feed_score AS articles_feed_score, articles.is_featured AS articles_is_featured, articles.is_clickbait AS articles_is_clickbait, articles.read_time_minutes AS articles_read_time_minutes, articles.view_count AS articles_view_count, articles.created_at AS articles_created_at, articles.updated_at AS articles_updated_at 
FROM articles ORDER BY articles.publish_date DESC
 LIMIT ? OFFSET ?]
[parameters: (10, 0)]
(Background on this error at: https://sqlalche.me/e/14/e3q8)
2026-02-07 10:38:00 - app.main - ERROR - add_process_time_and_error_handling:88 - Global Request Crash: (sqlite3.OperationalError) no such table: users
[SQL: SELECT users.id AS users_id, users.username AS users_username, users.hashed_password AS users_hashed_password, users.created_at AS users_created_at 
FROM users 
WHERE users.username = ?
 LIMIT ? OFFSET ?]
[parameters: ('testuser_api', 1, 0)]
(Background on this error at: https://sqlalche.me/e/14/e3q8)
Traceback (most recent call last):
  File "D:\smartnews\.venv\Lib\site-packages\sqlalchemy\engine\base.py", line 1910, in _execute_context
    self.dialect.do_execute(
    ~~~~~~~~~~~~~~~~~~~~~~~^
        cursor, statement, parameters, context
        ^^^^^^^^^^^^^^^^^^^^^^^^^^^^^^^^^^^^^^
    )
    ^
  File "D:\smartnews\.venv\Lib\site-packages\sqlalchemy\engine\default.py", line 736, in do_execute
    cursor.execute(statement, parameters)
    ~~~~~~~~~~~~~~^^^^^^^^^^^^^^^^^^^^^^^
sqlite3.OperationalError: no such table: users

The above exception was the direct cause of the following exception:

Traceback (most recent call last):
  File "D:\smartnews\backend\app\main.py", line 83, in add_process_time_and_error_handling
    response = await call_next(request)
               ^^^^^^^^^^^^^^^^^^^^^^^^
  File "D:\smartnews\.venv\Lib\site-packages\starlette\middleware\base.py", line 168, in call_next
    raise app_exc from app_exc.__cause__ or app_exc.__context__
  File "D:\smartnews\.venv\Lib\site-packages\starlette\middleware\base.py", line 144, in coro
    await self.app(scope, receive_or_disconnect, send_no_error)
  File "D:\smartnews\.venv\Lib\site-packages\starlette\middleware\cors.py", line 85, in __call__
    await self.app(scope, receive, send)
  File "D:\smartnews\.venv\Lib\site-packages\starlette\middleware\base.py", line 191, in __call__
    with recv_stream, send_stream, collapse_excgroups():
                                   ~~~~~~~~~~~~~~~~~~^^
  File "C:\Users\binod\AppData\Local\Programs\Python\Python314\Lib\contextlib.py", line 162, in __exit__
    self.gen.throw(value)
    ~~~~~~~~~~~~~~^^^^^^^
  File "D:\smartnews\.venv\Lib\site-packages\starlette\_utils.py", line 85, in collapse_excgroups
    raise exc
  File "D:\smartnews\.venv\Lib\site-packages\starlette\middleware\base.py", line 193, in __call__
    response = await self.dispatch_func(request, call_next)
               ^^^^^^^^^^^^^^^^^^^^^^^^^^^^^^^^^^^^^^^^^^^^
  File "D:\smartnews\backend\app\core\security.py", line 34, in dispatch
    response = await call_next(request)
               ^^^^^^^^^^^^^^^^^^^^^^^^
  File "D:\smartnews\.venv\Lib\site-packages\starlette\middleware\base.py", line 168, in call_next
    raise app_exc from app_exc.__cause__ or app_exc.__context__
  File "D:\smartnews\.venv\Lib\site-packages\starlette\middleware\base.py", line 144, in coro
    await self.app(scope, receive_or_disconnect, send_no_error)
  File "D:\smartnews\.venv\Lib\site-packages\starlette\middleware\base.py", line 191, in __call__
    with recv_stream, send_stream, collapse_excgroups():
                                   ~~~~~~~~~~~~~~~~~~^^
  File "C:\Users\binod\AppData\Local\Programs\Python\Python314\Lib\contextlib.py", line 162, in __exit__
    self.gen.throw(value)
    ~~~~~~~~~~~~~~^^^^^^^
  File "D:\smartnews\.venv\Lib\site-packages\starlette\_utils.py", line 85, in collapse_excgroups
    raise exc
  File "D:\smartnews\.venv\Lib\site-packages\starlette\middleware\base.py", line 193, in __call__
    response = await self.dispatch_func(request, call_next)
               ^^^^^^^^^^^^^^^^^^^^^^^^^^^^^^^^^^^^^^^^^^^^
  File "D:\smartnews\backend\app\core\security.py", line 9, in dispatch
    response = await call_next(request)
               ^^^^^^^^^^^^^^^^^^^^^^^^
  File "D:\smartnews\.venv\Lib\site-packages\starlette\middleware\base.py", line 168, in call_next
    raise app_exc from app_exc.__cause__ or app_exc.__context__
  File "D:\smartnews\.venv\Lib\site-packages\starlette\middleware\base.py", line 144, in coro
    await self.app(scope, receive_or_disconnect, send_no_error)
  File "D:\smartnews\.venv\Lib\site-packages\starlette\middleware\base.py", line 191, in __call__
    with recv_stream, send_stream, collapse_excgroups():
                                   ~~~~~~~~~~~~~~~~~~^^
  File "C:\Users\binod\AppData\Local\Programs\Python\Python314\Lib\contextlib.py", line 162, in __exit__
    self.gen.throw(value)
    ~~~~~~~~~~~~~~^^^^^^^
  File "D:\smartnews\.venv\Lib\site-packages\starlette\_utils.py", line 85, in collapse_excgroups
    raise exc
  File "D:\smartnews\.venv\Lib\site-packages\starlette\middleware\base.py", line 193, in __call__
    response = await self.dispatch_func(request, call_next)
               ^^^^^^^^^^^^^^^^^^^^^^^^^^^^^^^^^^^^^^^^^^^^
  File "D:\smartnews\.venv\Lib\site-packages\slowapi\middleware.py", line 136, in dispatch
    response = await call_next(request)
               ^^^^^^^^^^^^^^^^^^^^^^^^
  File "D:\smartnews\.venv\Lib\site-packages\starlette\middleware\base.py", line 168, in call_next
    raise app_exc from app_exc.__cause__ or app_exc.__context__
  File "D:\smartnews\.venv\Lib\site-packages\starlette\middleware\base.py", line 144, in coro
    await self.app(scope, receive_or_disconnect, send_no_error)
  File "D:\smartnews\.venv\Lib\site-packages\starlette\middleware\exceptions.py", line 63, in __call__
    await wrap_app_handling_exceptions(self.app, conn)(scope, receive, send)
  File "D:\smartnews\.venv\Lib\site-packages\starlette\_exception_handler.py", line 53, in wrapped_app
    raise exc
  File "D:\smartnews\.venv\Lib\site-packages\starlette\_exception_handler.py", line 42, in wrapped_app
    await app(scope, receive, sender)
  File "D:\smartnews\.venv\Lib\site-packages\fastapi\middleware\asyncexitstack.py", line 18, in __call__
    await self.app(scope, receive, send)
  File "D:\smartnews\.venv\Lib\site-packages\starlette\routing.py", line 716, in __call__
    await self.middleware_stack(scope, receive, send)
  File "D:\smartnews\.venv\Lib\site-packages\starlette\routing.py", line 736, in app
    await route.handle(scope, receive, send)
  File "D:\smartnews\.venv\Lib\site-packages\starlette\routing.py", line 290, in handle
    await self.app(scope, receive, send)
  File "D:\smartnews\.venv\Lib\site-packages\fastapi\routing.py", line 115, in app
    await wrap_app_handling_exceptions(app, request)(scope, receive, send)
  File "D:\smartnews\.venv\Lib\site-packages\starlette\_exception_handler.py", line 53, in wrapped_app
    raise exc
  File "D:\smartnews\.venv\Lib\site-packages\starlette\_exception_handler.py", line 42, in wrapped_app
    await app(scope, receive, sender)
  File "D:\smartnews\.venv\Lib\site-packages\fastapi\routing.py", line 101, in app
    response = await f(request)
               ^^^^^^^^^^^^^^^^
  File "D:\smartnews\.venv\Lib\site-packages\fastapi\routing.py", line 355, in app
    raw_response = await run_endpoint_function(
                   ^^^^^^^^^^^^^^^^^^^^^^^^^^^^
    ...<3 lines>...
    )
    ^
  File "D:\smartnews\.venv\Lib\site-packages\fastapi\routing.py", line 245, in run_endpoint_function
    return await run_in_threadpool(dependant.call, **values)
           ^^^^^^^^^^^^^^^^^^^^^^^^^^^^^^^^^^^^^^^^^^^^^^^^^
  File "D:\smartnews\.venv\Lib\site-packages\starlette\concurrency.py", line 32, in run_in_threadpool
    return await anyio.to_thread.run_sync(func)
           ^^^^^^^^^^^^^^^^^^^^^^^^^^^^^^^^^^^^
  File "D:\smartnews\.venv\Lib\site-packages\anyio\to_thread.py", line 63, in run_sync
    return await get_async_backend().run_sync_in_worker_thread(
           ^^^^^^^^^^^^^^^^^^^^^^^^^^^^^^^^^^^^^^^^^^^^^^^^^^^^
        func, args, abandon_on_cancel=abandon_on_cancel, limiter=limiter
        ^^^^^^^^^^^^^^^^^^^^^^^^^^^^^^^^^^^^^^^^^^^^^^^^^^^^^^^^^^^^^^^^
    )
    ^
  File "D:\smartnews\.venv\Lib\site-packages\anyio\_backends\_asyncio.py", line 2502, in run_sync_in_worker_thread
    return await future
           ^^^^^^^^^^^^
  File "D:\smartnews\.venv\Lib\site-packages\anyio\_backends\_asyncio.py", line 986, in run
    result = context.run(func, *args)
  File "D:\smartnews\backend\app\api\v1\endpoints\auth.py", line 58, in signup
    user = db.query(User).filter(User.username == username).first()
  File "D:\smartnews\.venv\Lib\site-packages\sqlalchemy\orm\query.py", line 2824, in first
    return self.limit(1)._iter().first()
           ~~~~~~~~~~~~~~~~~~~^^
  File "D:\smartnews\.venv\Lib\site-packages\sqlalchemy\orm\query.py", line 2916, in _iter
    result = self.session.execute(
        statement,
        params,
        execution_options={"_sa_orm_load_options": self.load_options},
    )
  File "D:\smartnews\.venv\Lib\site-packages\sqlalchemy\orm\session.py", line 1717, in execute
    result = conn._execute_20(statement, params or {}, execution_options)
  File "D:\smartnews\.venv\Lib\site-packages\sqlalchemy\engine\base.py", line 1710, in _execute_20
    return meth(self, args_10style, kwargs_10style, execution_options)
  File "D:\smartnews\.venv\Lib\site-packages\sqlalchemy\sql\elements.py", line 334, in _execute_on_connection
    return connection._execute_clauseelement(
           ~~~~~~~~~~~~~~~~~~~~~~~~~~~~~~~~~^
        self, multiparams, params, execution_options
        ^^^^^^^^^^^^^^^^^^^^^^^^^^^^^^^^^^^^^^^^^^^^
    )
    ^
  File "D:\smartnews\.venv\Lib\site-packages\sqlalchemy\engine\base.py", line 1577, in _execute_clauseelement
    ret = self._execute_context(
        dialect,
    ...<8 lines>...
        cache_hit=cache_hit,
    )
  File "D:\smartnews\.venv\Lib\site-packages\sqlalchemy\engine\base.py", line 1953, in _execute_context
    self._handle_dbapi_exception(
    ~~~~~~~~~~~~~~~~~~~~~~~~~~~~^
        e, statement, parameters, cursor, context
        ^^^^^^^^^^^^^^^^^^^^^^^^^^^^^^^^^^^^^^^^^
    )
    ^
  File "D:\smartnews\.venv\Lib\site-packages\sqlalchemy\engine\base.py", line 2134, in _handle_dbapi_exception
    util.raise_(
    ~~~~~~~~~~~^
        sqlalchemy_exception, with_traceback=exc_info[2], from_=e
        ^^^^^^^^^^^^^^^^^^^^^^^^^^^^^^^^^^^^^^^^^^^^^^^^^^^^^^^^^
    )
    ^
  File "D:\smartnews\.venv\Lib\site-packages\sqlalchemy\util\compat.py", line 211, in raise_
    raise exception
  File "D:\smartnews\.venv\Lib\site-packages\sqlalchemy\engine\base.py", line 1910, in _execute_context
    self.dialect.do_execute(
    ~~~~~~~~~~~~~~~~~~~~~~~^
        cursor, statement, parameters, context
        ^^^^^^^^^^^^^^^^^^^^^^^^^^^^^^^^^^^^^^
    )
    ^
  File "D:\smartnews\.venv\Lib\site-packages\sqlalchemy\engine\default.py", line 736, in do_execute
    cursor.execute(statement, parameters)
    ~~~~~~~~~~~~~~^^^^^^^^^^^^^^^^^^^^^^^
sqlalchemy.exc.OperationalError: (sqlite3.OperationalError) no such table: users
[SQL: SELECT users.id AS users_id, users.username AS users_username, users.hashed_password AS users_hashed_password, users.created_at AS users_created_at 
FROM users 
WHERE users.username = ?
 LIMIT ? OFFSET ?]
[parameters: ('testuser_api', 1, 0)]
(Background on this error at: https://sqlalche.me/e/14/e3q8)
2026-02-07 10:38:00 - app.main - ERROR - add_process_time_and_error_handling:88 - Global Request Crash: (sqlite3.OperationalError) no such table: users
[SQL: SELECT users.id AS users_id, users.username AS users_username, users.hashed_password AS users_hashed_password, users.created_at AS users_created_at 
FROM users 
WHERE users.username = ?
 LIMIT ? OFFSET ?]
[parameters: ('nobody123', 1, 0)]
(Background on this error at: https://sqlalche.me/e/14/e3q8)
Traceback (most recent call last):
  File "D:\smartnews\.venv\Lib\site-packages\sqlalchemy\engine\base.py", line 1910, in _execute_context
    self.dialect.do_execute(
    ~~~~~~~~~~~~~~~~~~~~~~~^
        cursor, statement, parameters, context
        ^^^^^^^^^^^^^^^^^^^^^^^^^^^^^^^^^^^^^^
    )
    ^
  File "D:\smartnews\.venv\Lib\site-packages\sqlalchemy\engine\default.py", line 736, in do_execute
    cursor.execute(statement, parameters)
    ~~~~~~~~~~~~~~^^^^^^^^^^^^^^^^^^^^^^^
sqlite3.OperationalError: no such table: users

The above exception was the direct cause of the following exception:

Traceback (most recent call last):
  File "D:\smartnews\backend\app\main.py", line 83, in add_process_time_and_error_handling
    response = await call_next(request)
               ^^^^^^^^^^^^^^^^^^^^^^^^
  File "D:\smartnews\.venv\Lib\site-packages\starlette\middleware\base.py", line 168, in call_next
    raise app_exc from app_exc.__cause__ or app_exc.__context__
  File "D:\smartnews\.venv\Lib\site-packages\starlette\middleware\base.py", line 144, in coro
    await self.app(scope, receive_or_disconnect, send_no_error)
  File "D:\smartnews\.venv\Lib\site-packages\starlette\middleware\cors.py", line 85, in __call__
    await self.app(scope, receive, send)
  File "D:\smartnews\.venv\Lib\site-packages\starlette\middleware\base.py", line 191, in __call__
    with recv_stream, send_stream, collapse_excgroups():
                                   ~~~~~~~~~~~~~~~~~~^^
  File "C:\Users\binod\AppData\Local\Programs\Python\Python314\Lib\contextlib.py", line 162, in __exit__
    self.gen.throw(value)
    ~~~~~~~~~~~~~~^^^^^^^
  File "D:\smartnews\.venv\Lib\site-packages\starlette\_utils.py", line 85, in collapse_excgroups
    raise exc
  File "D:\smartnews\.venv\Lib\site-packages\starlette\middleware\base.py", line 193, in __call__
    response = await self.dispatch_func(request, call_next)
               ^^^^^^^^^^^^^^^^^^^^^^^^^^^^^^^^^^^^^^^^^^^^
  File "D:\smartnews\backend\app\core\security.py", line 34, in dispatch
    response = await call_next(request)
               ^^^^^^^^^^^^^^^^^^^^^^^^
  File "D:\smartnews\.venv\Lib\site-packages\starlette\middleware\base.py", line 168, in call_next
    raise app_exc from app_exc.__cause__ or app_exc.__context__
  File "D:\smartnews\.venv\Lib\site-packages\starlette\middleware\base.py", line 144, in coro
    await self.app(scope, receive_or_disconnect, send_no_error)
  File "D:\smartnews\.venv\Lib\site-packages\starlette\middleware\base.py", line 191, in __call__
    with recv_stream, send_stream, collapse_excgroups():
                                   ~~~~~~~~~~~~~~~~~~^^
  File "C:\Users\binod\AppData\Local\Programs\Python\Python314\Lib\contextlib.py", line 162, in __exit__
    self.gen.throw(value)
    ~~~~~~~~~~~~~~^^^^^^^
  File "D:\smartnews\.venv\Lib\site-packages\starlette\_utils.py", line 85, in collapse_excgroups
    raise exc
  File "D:\smartnews\.venv\Lib\site-packages\starlette\middleware\base.py", line 193, in __call__
    response = await self.dispatch_func(request, call_next)
               ^^^^^^^^^^^^^^^^^^^^^^^^^^^^^^^^^^^^^^^^^^^^
  File "D:\smartnews\backend\app\core\security.py", line 9, in dispatch
    response = await call_next(request)
               ^^^^^^^^^^^^^^^^^^^^^^^^
  File "D:\smartnews\.venv\Lib\site-packages\starlette\middleware\base.py", line 168, in call_next
    raise app_exc from app_exc.__cause__ or app_exc.__context__
  File "D:\smartnews\.venv\Lib\site-packages\starlette\middleware\base.py", line 144, in coro
    await self.app(scope, receive_or_disconnect, send_no_error)
  File "D:\smartnews\.venv\Lib\site-packages\starlette\middleware\base.py", line 191, in __call__
    with recv_stream, send_stream, collapse_excgroups():
                                   ~~~~~~~~~~~~~~~~~~^^
  File "C:\Users\binod\AppData\Local\Programs\Python\Python314\Lib\contextlib.py", line 162, in __exit__
    self.gen.throw(value)
    ~~~~~~~~~~~~~~^^^^^^^
  File "D:\smartnews\.venv\Lib\site-packages\starlette\_utils.py", line 85, in collapse_excgroups
    raise exc
  File "D:\smartnews\.venv\Lib\site-packages\starlette\middleware\base.py", line 193, in __call__
    response = await self.dispatch_func(request, call_next)
               ^^^^^^^^^^^^^^^^^^^^^^^^^^^^^^^^^^^^^^^^^^^^
  File "D:\smartnews\.venv\Lib\site-packages\slowapi\middleware.py", line 136, in dispatch
    response = await call_next(request)
               ^^^^^^^^^^^^^^^^^^^^^^^^
  File "D:\smartnews\.venv\Lib\site-packages\starlette\middleware\base.py", line 168, in call_next
    raise app_exc from app_exc.__cause__ or app_exc.__context__
  File "D:\smartnews\.venv\Lib\site-packages\starlette\middleware\base.py", line 144, in coro
    await self.app(scope, receive_or_disconnect, send_no_error)
  File "D:\smartnews\.venv\Lib\site-packages\starlette\middleware\exceptions.py", line 63, in __call__
    await wrap_app_handling_exceptions(self.app, conn)(scope, receive, send)
  File "D:\smartnews\.venv\Lib\site-packages\starlette\_exception_handler.py", line 53, in wrapped_app
    raise exc
  File "D:\smartnews\.venv\Lib\site-packages\starlette\_exception_handler.py", line 42, in wrapped_app
    await app(scope, receive, sender)
  File "D:\smartnews\.venv\Lib\site-packages\fastapi\middleware\asyncexitstack.py", line 18, in __call__
    await self.app(scope, receive, send)
  File "D:\smartnews\.venv\Lib\site-packages\starlette\routing.py", line 716, in __call__
    await self.middleware_stack(scope, receive, send)
  File "D:\smartnews\.venv\Lib\site-packages\starlette\routing.py", line 736, in app
    await route.handle(scope, receive, send)
  File "D:\smartnews\.venv\Lib\site-packages\starlette\routing.py", line 290, in handle
    await self.app(scope, receive, send)
  File "D:\smartnews\.venv\Lib\site-packages\fastapi\routing.py", line 115, in app
    await wrap_app_handling_exceptions(app, request)(scope, receive, send)
  File "D:\smartnews\.venv\Lib\site-packages\starlette\_exception_handler.py", line 53, in wrapped_app
    raise exc
  File "D:\smartnews\.venv\Lib\site-packages\starlette\_exception_handler.py", line 42, in wrapped_app
    await app(scope, receive, sender)
  File "D:\smartnews\.venv\Lib\site-packages\fastapi\routing.py", line 101, in app
    response = await f(request)
               ^^^^^^^^^^^^^^^^
  File "D:\smartnews\.venv\Lib\site-packages\fastapi\routing.py", line 355, in app
    raw_response = await run_endpoint_function(
                   ^^^^^^^^^^^^^^^^^^^^^^^^^^^^
    ...<3 lines>...
    )
    ^
  File "D:\smartnews\.venv\Lib\site-packages\fastapi\routing.py", line 245, in run_endpoint_function
    return await run_in_threadpool(dependant.call, **values)
           ^^^^^^^^^^^^^^^^^^^^^^^^^^^^^^^^^^^^^^^^^^^^^^^^^
  File "D:\smartnews\.venv\Lib\site-packages\starlette\concurrency.py", line 32, in run_in_threadpool
    return await anyio.to_thread.run_sync(func)
           ^^^^^^^^^^^^^^^^^^^^^^^^^^^^^^^^^^^^
  File "D:\smartnews\.venv\Lib\site-packages\anyio\to_thread.py", line 63, in run_sync
    return await get_async_backend().run_sync_in_worker_thread(
           ^^^^^^^^^^^^^^^^^^^^^^^^^^^^^^^^^^^^^^^^^^^^^^^^^^^^
        func, args, abandon_on_cancel=abandon_on_cancel, limiter=limiter
        ^^^^^^^^^^^^^^^^^^^^^^^^^^^^^^^^^^^^^^^^^^^^^^^^^^^^^^^^^^^^^^^^
    )
    ^
  File "D:\smartnews\.venv\Lib\site-packages\anyio\_backends\_asyncio.py", line 2502, in run_sync_in_worker_thread
    return await future
           ^^^^^^^^^^^^
  File "D:\smartnews\.venv\Lib\site-packages\anyio\_backends\_asyncio.py", line 986, in run
    result = context.run(func, *args)
  File "D:\smartnews\backend\app\api\v1\endpoints\auth.py", line 26, in login_access_token
    user = db.query(User).filter(User.username == form_data.username).first()
  File "D:\smartnews\.venv\Lib\site-packages\sqlalchemy\orm\query.py", line 2824, in first
    return self.limit(1)._iter().first()
           ~~~~~~~~~~~~~~~~~~~^^
  File "D:\smartnews\.venv\Lib\site-packages\sqlalchemy\orm\query.py", line 2916, in _iter
    result = self.session.execute(
        statement,
        params,
        execution_options={"_sa_orm_load_options": self.load_options},
    )
  File "D:\smartnews\.venv\Lib\site-packages\sqlalchemy\orm\session.py", line 1717, in execute
    result = conn._execute_20(statement, params or {}, execution_options)
  File "D:\smartnews\.venv\Lib\site-packages\sqlalchemy\engine\base.py", line 1710, in _execute_20
    return meth(self, args_10style, kwargs_10style, execution_options)
  File "D:\smartnews\.venv\Lib\site-packages\sqlalchemy\sql\elements.py", line 334, in _execute_on_connection
    return connection._execute_clauseelement(
           ~~~~~~~~~~~~~~~~~~~~~~~~~~~~~~~~~^
        self, multiparams, params, execution_options
        ^^^^^^^^^^^^^^^^^^^^^^^^^^^^^^^^^^^^^^^^^^^^
    )
    ^
  File "D:\smartnews\.venv\Lib\site-packages\sqlalchemy\engine\base.py", line 1577, in _execute_clauseelement
    ret = self._execute_context(
        dialect,
    ...<8 lines>...
        cache_hit=cache_hit,
    )
  File "D:\smartnews\.venv\Lib\site-packages\sqlalchemy\engine\base.py", line 1953, in _execute_context
    self._handle_dbapi_exception(
    ~~~~~~~~~~~~~~~~~~~~~~~~~~~~^
        e, statement, parameters, cursor, context
        ^^^^^^^^^^^^^^^^^^^^^^^^^^^^^^^^^^^^^^^^^
    )
    ^
  File "D:\smartnews\.venv\Lib\site-packages\sqlalchemy\engine\base.py", line 2134, in _handle_dbapi_exception
    util.raise_(
    ~~~~~~~~~~~^
        sqlalchemy_exception, with_traceback=exc_info[2], from_=e
        ^^^^^^^^^^^^^^^^^^^^^^^^^^^^^^^^^^^^^^^^^^^^^^^^^^^^^^^^^
    )
    ^
  File "D:\smartnews\.venv\Lib\site-packages\sqlalchemy\util\compat.py", line 211, in raise_
    raise exception
  File "D:\smartnews\.venv\Lib\site-packages\sqlalchemy\engine\base.py", line 1910, in _execute_context
    self.dialect.do_execute(
    ~~~~~~~~~~~~~~~~~~~~~~~^
        cursor, statement, parameters, context
        ^^^^^^^^^^^^^^^^^^^^^^^^^^^^^^^^^^^^^^
    )
    ^
  File "D:\smartnews\.venv\Lib\site-packages\sqlalchemy\engine\default.py", line 736, in do_execute
    cursor.execute(statement, parameters)
    ~~~~~~~~~~~~~~^^^^^^^^^^^^^^^^^^^^^^^
sqlalchemy.exc.OperationalError: (sqlite3.OperationalError) no such table: users
[SQL: SELECT users.id AS users_id, users.username AS users_username, users.hashed_password AS users_hashed_password, users.created_at AS users_created_at 
FROM users 
WHERE users.username = ?
 LIMIT ? OFFSET ?]
[parameters: ('nobody123', 1, 0)]
(Background on this error at: https://sqlalche.me/e/14/e3q8)
2026-02-07 10:38:35 - passlib.handlers.bcrypt - WARNING - _load_backend_mixin:622 - (trapped) error reading bcrypt version
Traceback (most recent call last):
  File "D:\smartnews\.venv\Lib\site-packages\passlib\handlers\bcrypt.py", line 620, in _load_backend_mixin
    version = _bcrypt.__about__.__version__
              ^^^^^^^^^^^^^^^^^
AttributeError: module 'bcrypt' has no attribute '__about__'
2026-02-07 10:38:35 - app.main - ERROR - add_process_time_and_error_handling:88 - Global Request Crash: password cannot be longer than 72 bytes, truncate manually if necessary (e.g. my_password[:72])
  + Exception Group Traceback (most recent call last):
  |   File "D:\smartnews\.venv\Lib\site-packages\starlette\_utils.py", line 79, in collapse_excgroups
  |     yield
  |   File "D:\smartnews\.venv\Lib\site-packages\starlette\middleware\base.py", line 192, in __call__
  |     async with anyio.create_task_group() as task_group:
  |                ~~~~~~~~~~~~~~~~~~~~~~~^^
  |   File "D:\smartnews\.venv\Lib\site-packages\anyio\_backends\_asyncio.py", line 783, in __aexit__
  |     raise BaseExceptionGroup(
  |         "unhandled errors in a TaskGroup", self._exceptions
  |     ) from None
  | ExceptionGroup: unhandled errors in a TaskGroup (1 sub-exception)
  +-+---------------- 1 ----------------
    | Traceback (most recent call last):
    |   File "D:\smartnews\backend\app\main.py", line 83, in add_process_time_and_error_handling
    |     response = await call_next(request)
    |                ^^^^^^^^^^^^^^^^^^^^^^^^
    |   File "D:\smartnews\.venv\Lib\site-packages\starlette\middleware\base.py", line 168, in call_next
    |     raise app_exc from app_exc.__cause__ or app_exc.__context__
    |   File "D:\smartnews\.venv\Lib\site-packages\starlette\middleware\base.py", line 144, in coro
    |     await self.app(scope, receive_or_disconnect, send_no_error)
    |   File "D:\smartnews\.venv\Lib\site-packages\starlette\middleware\cors.py", line 85, in __call__
    |     await self.app(scope, receive, send)
    |   File "D:\smartnews\.venv\Lib\site-packages\starlette\middleware\base.py", line 191, in __call__
    |     with recv_stream, send_stream, collapse_excgroups():
    |                                    ~~~~~~~~~~~~~~~~~~^^
    |   File "C:\Users\binod\AppData\Local\Programs\Python\Python314\Lib\contextlib.py", line 162, in __exit__
    |     self.gen.throw(value)
    |     ~~~~~~~~~~~~~~^^^^^^^
    |   File "D:\smartnews\.venv\Lib\site-packages\starlette\_utils.py", line 85, in collapse_excgroups
    |     raise exc
    |   File "D:\smartnews\.venv\Lib\site-packages\starlette\middleware\base.py", line 193, in __call__
    |     response = await self.dispatch_func(request, call_next)
    |                ^^^^^^^^^^^^^^^^^^^^^^^^^^^^^^^^^^^^^^^^^^^^
    |   File "D:\smartnews\backend\app\core\security.py", line 34, in dispatch
    |     response = await call_next(request)
    |                ^^^^^^^^^^^^^^^^^^^^^^^^
    |   File "D:\smartnews\.venv\Lib\site-packages\starlette\middleware\base.py", line 168, in call_next
    |     raise app_exc from app_exc.__cause__ or app_exc.__context__
    |   File "D:\smartnews\.venv\Lib\site-packages\starlette\middleware\base.py", line 144, in coro
    |     await self.app(scope, receive_or_disconnect, send_no_error)
    |   File "D:\smartnews\.venv\Lib\site-packages\starlette\middleware\base.py", line 191, in __call__
    |     with recv_stream, send_stream, collapse_excgroups():
    |                                    ~~~~~~~~~~~~~~~~~~^^
    |   File "C:\Users\binod\AppData\Local\Programs\Python\Python314\Lib\contextlib.py", line 162, in __exit__
    |     self.gen.throw(value)
    |     ~~~~~~~~~~~~~~^^^^^^^
    |   File "D:\smartnews\.venv\Lib\site-packages\starlette\_utils.py", line 85, in collapse_excgroups
    |     raise exc
    |   File "D:\smartnews\.venv\Lib\site-packages\starlette\middleware\base.py", line 193, in __call__
    |     response = await self.dispatch_func(request, call_next)
    |                ^^^^^^^^^^^^^^^^^^^^^^^^^^^^^^^^^^^^^^^^^^^^
    |   File "D:\smartnews\backend\app\core\security.py", line 9, in dispatch
    |     response = await call_next(request)
    |                ^^^^^^^^^^^^^^^^^^^^^^^^
    |   File "D:\smartnews\.venv\Lib\site-packages\starlette\middleware\base.py", line 168, in call_next
    |     raise app_exc from app_exc.__cause__ or app_exc.__context__
    |   File "D:\smartnews\.venv\Lib\site-packages\starlette\middleware\base.py", line 144, in coro
    |     await self.app(scope, receive_or_disconnect, send_no_error)
    |   File "D:\smartnews\.venv\Lib\site-packages\starlette\middleware\base.py", line 191, in __call__
    |     with recv_stream, send_stream, collapse_excgroups():
    |                                    ~~~~~~~~~~~~~~~~~~^^
    |   File "C:\Users\binod\AppData\Local\Programs\Python\Python314\Lib\contextlib.py", line 162, in __exit__
    |     self.gen.throw(value)
    |     ~~~~~~~~~~~~~~^^^^^^^
    |   File "D:\smartnews\.venv\Lib\site-packages\starlette\_utils.py", line 85, in collapse_excgroups
    |     raise exc
    |   File "D:\smartnews\.venv\Lib\site-packages\starlette\middleware\base.py", line 193, in __call__
    |     response = await self.dispatch_func(request, call_next)
    |                ^^^^^^^^^^^^^^^^^^^^^^^^^^^^^^^^^^^^^^^^^^^^
    |   File "D:\smartnews\.venv\Lib\site-packages\slowapi\middleware.py", line 136, in dispatch
    |     response = await call_next(request)
    |                ^^^^^^^^^^^^^^^^^^^^^^^^
    |   File "D:\smartnews\.venv\Lib\site-packages\starlette\middleware\base.py", line 168, in call_next
    |     raise app_exc from app_exc.__cause__ or app_exc.__context__
    |   File "D:\smartnews\.venv\Lib\site-packages\starlette\middleware\base.py", line 144, in coro
    |     await self.app(scope, receive_or_disconnect, send_no_error)
    |   File "D:\smartnews\.venv\Lib\site-packages\starlette\middleware\exceptions.py", line 63, in __call__
    |     await wrap_app_handling_exceptions(self.app, conn)(scope, receive, send)
    |   File "D:\smartnews\.venv\Lib\site-packages\starlette\_exception_handler.py", line 53, in wrapped_app
    |     raise exc
    |   File "D:\smartnews\.venv\Lib\site-packages\starlette\_exception_handler.py", line 42, in wrapped_app
    |     await app(scope, receive, sender)
    |   File "D:\smartnews\.venv\Lib\site-packages\fastapi\middleware\asyncexitstack.py", line 18, in __call__
    |     await self.app(scope, receive, send)
    |   File "D:\smartnews\.venv\Lib\site-packages\starlette\routing.py", line 716, in __call__
    |     await self.middleware_stack(scope, receive, send)
    |   File "D:\smartnews\.venv\Lib\site-packages\starlette\routing.py", line 736, in app
    |     await route.handle(scope, receive, send)
    |   File "D:\smartnews\.venv\Lib\site-packages\starlette\routing.py", line 290, in handle
    |     await self.app(scope, receive, send)
    |   File "D:\smartnews\.venv\Lib\site-packages\fastapi\routing.py", line 115, in app
    |     await wrap_app_handling_exceptions(app, request)(scope, receive, send)
    |   File "D:\smartnews\.venv\Lib\site-packages\starlette\_exception_handler.py", line 53, in wrapped_app
    |     raise exc
    |   File "D:\smartnews\.venv\Lib\site-packages\starlette\_exception_handler.py", line 42, in wrapped_app
    |     await app(scope, receive, sender)
    |   File "D:\smartnews\.venv\Lib\site-packages\fastapi\routing.py", line 101, in app
    |     response = await f(request)
    |                ^^^^^^^^^^^^^^^^
    |   File "D:\smartnews\.venv\Lib\site-packages\fastapi\routing.py", line 355, in app
    |     raw_response = await run_endpoint_function(
    |                    ^^^^^^^^^^^^^^^^^^^^^^^^^^^^
    |     ...<3 lines>...
    |     )
    |     ^
    |   File "D:\smartnews\.venv\Lib\site-packages\fastapi\routing.py", line 245, in run_endpoint_function
    |     return await run_in_threadpool(dependant.call, **values)
    |            ^^^^^^^^^^^^^^^^^^^^^^^^^^^^^^^^^^^^^^^^^^^^^^^^^
    |   File "D:\smartnews\.venv\Lib\site-packages\starlette\concurrency.py", line 32, in run_in_threadpool
    |     return await anyio.to_thread.run_sync(func)
    |            ^^^^^^^^^^^^^^^^^^^^^^^^^^^^^^^^^^^^
    |   File "D:\smartnews\.venv\Lib\site-packages\anyio\to_thread.py", line 63, in run_sync
    |     return await get_async_backend().run_sync_in_worker_thread(
    |            ^^^^^^^^^^^^^^^^^^^^^^^^^^^^^^^^^^^^^^^^^^^^^^^^^^^^
    |         func, args, abandon_on_cancel=abandon_on_cancel, limiter=limiter
    |         ^^^^^^^^^^^^^^^^^^^^^^^^^^^^^^^^^^^^^^^^^^^^^^^^^^^^^^^^^^^^^^^^
    |     )
    |     ^
    |   File "D:\smartnews\.venv\Lib\site-packages\anyio\_backends\_asyncio.py", line 2502, in run_sync_in_worker_thread
    |     return await future
    |            ^^^^^^^^^^^^
    |   File "D:\smartnews\.venv\Lib\site-packages\anyio\_backends\_asyncio.py", line 986, in run
    |     result = context.run(func, *args)
    |   File "D:\smartnews\backend\app\api\v1\endpoints\auth.py", line 67, in signup
    |     hashed_password=auth.get_password_hash(password),
    |                     ~~~~~~~~~~~~~~~~~~~~~~^^^^^^^^^^
    |   File "D:\smartnews\backend\auth.py", line 20, in get_password_hash
    |     return pwd_context.hash(password)
    |            ~~~~~~~~~~~~~~~~^^^^^^^^^^
    |   File "D:\smartnews\.venv\Lib\site-packages\passlib\context.py", line 2258, in hash
    |     return record.hash(secret, **kwds)
    |            ~~~~~~~~~~~^^^^^^^^^^^^^^^^
    |   File "D:\smartnews\.venv\Lib\site-packages\passlib\utils\handlers.py", line 779, in hash
    |     self.checksum = self._calc_checksum(secret)
    |                     ~~~~~~~~~~~~~~~~~~~^^^^^^^^
    |   File "D:\smartnews\.venv\Lib\site-packages\passlib\handlers\bcrypt.py", line 591, in _calc_checksum
    |     self._stub_requires_backend()
    |     ~~~~~~~~~~~~~~~~~~~~~~~~~~~^^
    |   File "D:\smartnews\.venv\Lib\site-packages\passlib\utils\handlers.py", line 2254, in _stub_requires_backend
    |     cls.set_backend()
    |     ~~~~~~~~~~~~~~~^^
    |   File "D:\smartnews\.venv\Lib\site-packages\passlib\utils\handlers.py", line 2156, in set_backend
    |     return owner.set_backend(name, dryrun=dryrun)
    |            ~~~~~~~~~~~~~~~~~^^^^^^^^^^^^^^^^^^^^^
    |   File "D:\smartnews\.venv\Lib\site-packages\passlib\utils\handlers.py", line 2163, in set_backend
    |     return cls.set_backend(name, dryrun=dryrun)
    |            ~~~~~~~~~~~~~~~^^^^^^^^^^^^^^^^^^^^^
    |   File "D:\smartnews\.venv\Lib\site-packages\passlib\utils\handlers.py", line 2188, in set_backend
    |     cls._set_backend(name, dryrun)
    |     ~~~~~~~~~~~~~~~~^^^^^^^^^^^^^^
    |   File "D:\smartnews\.venv\Lib\site-packages\passlib\utils\handlers.py", line 2311, in _set_backend
    |     super(SubclassBackendMixin, cls)._set_backend(name, dryrun)
    |     ~~~~~~~~~~~~~~~~~~~~~~~~~~~~~~~~~~~~~~~~~~~~~^^^^^^^^^^^^^^
    |   File "D:\smartnews\.venv\Lib\site-packages\passlib\utils\handlers.py", line 2224, in _set_backend
    |     ok = loader(**kwds)
    |   File "D:\smartnews\.venv\Lib\site-packages\passlib\handlers\bcrypt.py", line 626, in _load_backend_mixin
    |     return mixin_cls._finalize_backend_mixin(name, dryrun)
    |            ~~~~~~~~~~~~~~~~~~~~~~~~~~~~~~~~~^^^^^^^^^^^^^^
    |   File "D:\smartnews\.venv\Lib\site-packages\passlib\handlers\bcrypt.py", line 421, in _finalize_backend_mixin
    |     if detect_wrap_bug(IDENT_2A):
    |        ~~~~~~~~~~~~~~~^^^^^^^^^^
    |   File "D:\smartnews\.venv\Lib\site-packages\passlib\handlers\bcrypt.py", line 380, in detect_wrap_bug
    |     if verify(secret, bug_hash):
    |        ~~~~~~^^^^^^^^^^^^^^^^^^
    |   File "D:\smartnews\.venv\Lib\site-packages\passlib\utils\handlers.py", line 792, in verify
    |     return consteq(self._calc_checksum(secret), chk)
    |                    ~~~~~~~~~~~~~~~~~~~^^^^^^^^
    |   File "D:\smartnews\.venv\Lib\site-packages\passlib\handlers\bcrypt.py", line 655, in _calc_checksum
    |     hash = _bcrypt.hashpw(secret, config)
    | ValueError: password cannot be longer than 72 bytes, truncate manually if necessary (e.g. my_password[:72])
    +------------------------------------

The above exception was the direct cause of the following exception:

Traceback (most recent call last):
  File "D:\smartnews\backend\app\main.py", line 83, in add_process_time_and_error_handling
    response = await call_next(request)
               ^^^^^^^^^^^^^^^^^^^^^^^^
  File "D:\smartnews\.venv\Lib\site-packages\starlette\middleware\base.py", line 168, in call_next
    raise app_exc from app_exc.__cause__ or app_exc.__context__
  File "D:\smartnews\.venv\Lib\site-packages\starlette\middleware\base.py", line 144, in coro
    await self.app(scope, receive_or_disconnect, send_no_error)
  File "D:\smartnews\.venv\Lib\site-packages\starlette\middleware\cors.py", line 85, in __call__
    await self.app(scope, receive, send)
  File "D:\smartnews\.venv\Lib\site-packages\starlette\middleware\base.py", line 191, in __call__
    with recv_stream, send_stream, collapse_excgroups():
                                   ~~~~~~~~~~~~~~~~~~^^
  File "C:\Users\binod\AppData\Local\Programs\Python\Python314\Lib\contextlib.py", line 162, in __exit__
    self.gen.throw(value)
    ~~~~~~~~~~~~~~^^^^^^^
  File "D:\smartnews\.venv\Lib\site-packages\starlette\_utils.py", line 85, in collapse_excgroups
    raise exc
  File "D:\smartnews\.venv\Lib\site-packages\starlette\middleware\base.py", line 193, in __call__
    response = await self.dispatch_func(request, call_next)
               ^^^^^^^^^^^^^^^^^^^^^^^^^^^^^^^^^^^^^^^^^^^^
  File "D:\smartnews\backend\app\core\security.py", line 34, in dispatch
    response = await call_next(request)
               ^^^^^^^^^^^^^^^^^^^^^^^^
  File "D:\smartnews\.venv\Lib\site-packages\starlette\middleware\base.py", line 168, in call_next
    raise app_exc from app_exc.__cause__ or app_exc.__context__
  File "D:\smartnews\.venv\Lib\site-packages\starlette\middleware\base.py", line 144, in coro
    await self.app(scope, receive_or_disconnect, send_no_error)
  File "D:\smartnews\.venv\Lib\site-packages\starlette\middleware\base.py", line 191, in __call__
    with recv_stream, send_stream, collapse_excgroups():
                                   ~~~~~~~~~~~~~~~~~~^^
  File "C:\Users\binod\AppData\Local\Programs\Python\Python314\Lib\contextlib.py", line 162, in __exit__
    self.gen.throw(value)
    ~~~~~~~~~~~~~~^^^^^^^
  File "D:\smartnews\.venv\Lib\site-packages\starlette\_utils.py", line 85, in collapse_excgroups
    raise exc
  File "D:\smartnews\.venv\Lib\site-packages\starlette\middleware\base.py", line 193, in __call__
    response = await self.dispatch_func(request, call_next)
               ^^^^^^^^^^^^^^^^^^^^^^^^^^^^^^^^^^^^^^^^^^^^
  File "D:\smartnews\backend\app\core\security.py", line 9, in dispatch
    response = await call_next(request)
               ^^^^^^^^^^^^^^^^^^^^^^^^
  File "D:\smartnews\.venv\Lib\site-packages\starlette\middleware\base.py", line 168, in call_next
    raise app_exc from app_exc.__cause__ or app_exc.__context__
  File "D:\smartnews\.venv\Lib\site-packages\starlette\middleware\base.py", line 144, in coro
    await self.app(scope, receive_or_disconnect, send_no_error)
  File "D:\smartnews\.venv\Lib\site-packages\starlette\middleware\base.py", line 191, in __call__
    with recv_stream, send_stream, collapse_excgroups():
                                   ~~~~~~~~~~~~~~~~~~^^
  File "C:\Users\binod\AppData\Local\Programs\Python\Python314\Lib\contextlib.py", line 162, in __exit__
    self.gen.throw(value)
    ~~~~~~~~~~~~~~^^^^^^^
  File "D:\smartnews\.venv\Lib\site-packages\starlette\_utils.py", line 85, in collapse_excgroups
    raise exc
  File "D:\smartnews\.venv\Lib\site-packages\starlette\middleware\base.py", line 193, in __call__
    response = await self.dispatch_func(request, call_next)
               ^^^^^^^^^^^^^^^^^^^^^^^^^^^^^^^^^^^^^^^^^^^^
  File "D:\smartnews\.venv\Lib\site-packages\slowapi\middleware.py", line 136, in dispatch
    response = await call_next(request)
               ^^^^^^^^^^^^^^^^^^^^^^^^
  File "D:\smartnews\.venv\Lib\site-packages\starlette\middleware\base.py", line 168, in call_next
    raise app_exc from app_exc.__cause__ or app_exc.__context__
  File "D:\smartnews\.venv\Lib\site-packages\starlette\middleware\base.py", line 144, in coro
    await self.app(scope, receive_or_disconnect, send_no_error)
  File "D:\smartnews\.venv\Lib\site-packages\starlette\middleware\exceptions.py", line 63, in __call__
    await wrap_app_handling_exceptions(self.app, conn)(scope, receive, send)
  File "D:\smartnews\.venv\Lib\site-packages\starlette\_exception_handler.py", line 53, in wrapped_app
    raise exc
  File "D:\smartnews\.venv\Lib\site-packages\starlette\_exception_handler.py", line 42, in wrapped_app
    await app(scope, receive, sender)
  File "D:\smartnews\.venv\Lib\site-packages\fastapi\middleware\asyncexitstack.py", line 18, in __call__
    await self.app(scope, receive, send)
  File "D:\smartnews\.venv\Lib\site-packages\starlette\routing.py", line 716, in __call__
    await self.middleware_stack(scope, receive, send)
  File "D:\smartnews\.venv\Lib\site-packages\starlette\routing.py", line 736, in app
    await route.handle(scope, receive, send)
  File "D:\smartnews\.venv\Lib\site-packages\starlette\routing.py", line 290, in handle
    await self.app(scope, receive, send)
  File "D:\smartnews\.venv\Lib\site-packages\fastapi\routing.py", line 115, in app
    await wrap_app_handling_exceptions(app, request)(scope, receive, send)
  File "D:\smartnews\.venv\Lib\site-packages\starlette\_exception_handler.py", line 53, in wrapped_app
    raise exc
  File "D:\smartnews\.venv\Lib\site-packages\starlette\_exception_handler.py", line 42, in wrapped_app
    await app(scope, receive, sender)
  File "D:\smartnews\.venv\Lib\site-packages\fastapi\routing.py", line 101, in app
    response = await f(request)
               ^^^^^^^^^^^^^^^^
  File "D:\smartnews\.venv\Lib\site-packages\fastapi\routing.py", line 355, in app
    raw_response = await run_endpoint_function(
                   ^^^^^^^^^^^^^^^^^^^^^^^^^^^^
    ...<3 lines>...
    )
    ^
  File "D:\smartnews\.venv\Lib\site-packages\fastapi\routing.py", line 245, in run_endpoint_function
    return await run_in_threadpool(dependant.call, **values)
           ^^^^^^^^^^^^^^^^^^^^^^^^^^^^^^^^^^^^^^^^^^^^^^^^^
  File "D:\smartnews\.venv\Lib\site-packages\starlette\concurrency.py", line 32, in run_in_threadpool
    return await anyio.to_thread.run_sync(func)
           ^^^^^^^^^^^^^^^^^^^^^^^^^^^^^^^^^^^^
  File "D:\smartnews\.venv\Lib\site-packages\anyio\to_thread.py", line 63, in run_sync
    return await get_async_backend().run_sync_in_worker_thread(
           ^^^^^^^^^^^^^^^^^^^^^^^^^^^^^^^^^^^^^^^^^^^^^^^^^^^^
        func, args, abandon_on_cancel=abandon_on_cancel, limiter=limiter
        ^^^^^^^^^^^^^^^^^^^^^^^^^^^^^^^^^^^^^^^^^^^^^^^^^^^^^^^^^^^^^^^^
    )
    ^
  File "D:\smartnews\.venv\Lib\site-packages\anyio\_backends\_asyncio.py", line 2502, in run_sync_in_worker_thread
    return await future
           ^^^^^^^^^^^^
  File "D:\smartnews\.venv\Lib\site-packages\anyio\_backends\_asyncio.py", line 986, in run
    result = context.run(func, *args)
  File "D:\smartnews\backend\app\api\v1\endpoints\auth.py", line 67, in signup
    hashed_password=auth.get_password_hash(password),
                    ~~~~~~~~~~~~~~~~~~~~~~^^^^^^^^^^
  File "D:\smartnews\backend\auth.py", line 20, in get_password_hash
    return pwd_context.hash(password)
           ~~~~~~~~~~~~~~~~^^^^^^^^^^
  File "D:\smartnews\.venv\Lib\site-packages\passlib\context.py", line 2258, in hash
    return record.hash(secret, **kwds)
           ~~~~~~~~~~~^^^^^^^^^^^^^^^^
  File "D:\smartnews\.venv\Lib\site-packages\passlib\utils\handlers.py", line 779, in hash
    self.checksum = self._calc_checksum(secret)
                    ~~~~~~~~~~~~~~~~~~~^^^^^^^^
  File "D:\smartnews\.venv\Lib\site-packages\passlib\handlers\bcrypt.py", line 591, in _calc_checksum
    self._stub_requires_backend()
    ~~~~~~~~~~~~~~~~~~~~~~~~~~~^^
  File "D:\smartnews\.venv\Lib\site-packages\passlib\utils\handlers.py", line 2254, in _stub_requires_backend
    cls.set_backend()
    ~~~~~~~~~~~~~~~^^
  File "D:\smartnews\.venv\Lib\site-packages\passlib\utils\handlers.py", line 2156, in set_backend
    return owner.set_backend(name, dryrun=dryrun)
           ~~~~~~~~~~~~~~~~~^^^^^^^^^^^^^^^^^^^^^
  File "D:\smartnews\.venv\Lib\site-packages\passlib\utils\handlers.py", line 2163, in set_backend
    return cls.set_backend(name, dryrun=dryrun)
           ~~~~~~~~~~~~~~~^^^^^^^^^^^^^^^^^^^^^
  File "D:\smartnews\.venv\Lib\site-packages\passlib\utils\handlers.py", line 2188, in set_backend
    cls._set_backend(name, dryrun)
    ~~~~~~~~~~~~~~~~^^^^^^^^^^^^^^
  File "D:\smartnews\.venv\Lib\site-packages\passlib\utils\handlers.py", line 2311, in _set_backend
    super(SubclassBackendMixin, cls)._set_backend(name, dryrun)
    ~~~~~~~~~~~~~~~~~~~~~~~~~~~~~~~~~~~~~~~~~~~~~^^^^^^^^^^^^^^
  File "D:\smartnews\.venv\Lib\site-packages\passlib\utils\handlers.py", line 2224, in _set_backend
    ok = loader(**kwds)
  File "D:\smartnews\.venv\Lib\site-packages\passlib\handlers\bcrypt.py", line 626, in _load_backend_mixin
    return mixin_cls._finalize_backend_mixin(name, dryrun)
           ~~~~~~~~~~~~~~~~~~~~~~~~~~~~~~~~~^^^^^^^^^^^^^^
  File "D:\smartnews\.venv\Lib\site-packages\passlib\handlers\bcrypt.py", line 421, in _finalize_backend_mixin
    if detect_wrap_bug(IDENT_2A):
       ~~~~~~~~~~~~~~~^^^^^^^^^^
  File "D:\smartnews\.venv\Lib\site-packages\passlib\handlers\bcrypt.py", line 380, in detect_wrap_bug
    if verify(secret, bug_hash):
       ~~~~~~^^^^^^^^^^^^^^^^^^
  File "D:\smartnews\.venv\Lib\site-packages\passlib\utils\handlers.py", line 792, in verify
    return consteq(self._calc_checksum(secret), chk)
                   ~~~~~~~~~~~~~~~~~~~^^^^^^^^
  File "D:\smartnews\.venv\Lib\site-packages\passlib\handlers\bcrypt.py", line 655, in _calc_checksum
    hash = _bcrypt.hashpw(secret, config)
ValueError: password cannot be longer than 72 bytes, truncate manually if necessary (e.g. my_password[:72])
2026-02-07 11:05:22 - app.core.logging - INFO - setup_logging:70 - Logging system initialized
2026-02-07 11:05:23 - uvicorn.error - INFO - serve:76 - Started server process [14064]
2026-02-07 11:05:23 - uvicorn.error - INFO - startup:48 - Waiting for application startup.
2026-02-07 11:05:23 - app.main - INFO - startup_event:51 - Background News Scraper Started
2026-02-07 11:05:23 - jobs - INFO - init_db:15 - Initializing database...
2026-02-07 11:05:23 - jobs - INFO - run_scraper_loop:25 - Starting Newsroom Ingestion Cycle #1 at 2026-02-07 11:05:23.893670
2026-02-07 11:05:23 - jobs - INFO - run_scraper_loop:30 - Scraping source: Reuters
2026-02-07 11:05:23 - app.services.scraper_v2 - INFO - get_links:108 - Scraping feed: https://www.reuters.com/world/
2026-02-07 11:05:23 - uvicorn.error - INFO - startup:62 - Application startup complete.
2026-02-07 11:05:34 - app.services.scraper_v2 - INFO - get_links:108 - Scraping feed: https://www.reuters.com/business/
2026-02-07 11:05:37 - app.services.scraper_v2 - INFO - get_links:108 - Scraping feed: https://www.reuters.com/technology/
2026-02-07 11:05:40 - app.services.scraper_v2 - INFO - get_links:108 - Scraping feed: https://www.reuters.com/science/
2026-02-07 11:05:41 - app.core.security - INFO - dispatch:32 - GET /health - 127.0.0.1
2026-02-07 11:05:41 - app.core.security - INFO - dispatch:40 - Response: 200 - 0.004s
2026-02-07 11:05:41 - uvicorn.access - INFO - send:505 - 127.0.0.1:55881 - "GET /health HTTP/1.1" 200
2026-02-07 11:05:43 - jobs - INFO - run_scraper_loop:30 - Scraping source: Associated Press
2026-02-07 11:05:43 - app.services.scraper_v2 - INFO - get_links:108 - Scraping feed: https://apnews.com/hub/politics
2026-02-07 11:06:15 - app.services.scraper_v2 - INFO - get_links:108 - Scraping feed: https://apnews.com/hub/business
2026-02-07 11:06:42 - app.services.scraper_v2 - INFO - get_links:108 - Scraping feed: https://apnews.com/hub/science
2026-02-07 11:07:15 - app.services.scraper_v2 - INFO - get_links:108 - Scraping feed: https://apnews.com/hub/health
2026-02-07 11:08:00 - jobs - INFO - run_scraper_loop:30 - Scraping source: Bloomberg
2026-02-07 11:08:00 - app.services.scraper_v2 - INFO - get_links:108 - Scraping feed: https://www.bloomberg.com/technology
2026-02-07 11:08:02 - app.services.scraper_v2 - INFO - get_links:108 - Scraping feed: https://www.bloomberg.com/markets
2026-02-07 11:08:04 - app.services.scraper_v2 - INFO - get_links:108 - Scraping feed: https://www.bloomberg.com/politics
2026-02-07 11:08:07 - jobs - INFO - run_scraper_loop:30 - Scraping source: VentureBeat AI
2026-02-07 11:08:07 - app.services.scraper_v2 - INFO - get_links:108 - Scraping feed: https://venturebeat.com/category/ai/
2026-02-07 11:08:19 - jobs - INFO - run_scraper_loop:30 - Scraping source: AI News
2026-02-07 11:08:19 - app.services.scraper_v2 - INFO - get_links:108 - Scraping feed: https://www.artificialintelligence-news.com/
2026-02-07 11:08:21 - jobs - INFO - run_scraper_loop:30 - Scraping source: Sifted
2026-02-07 11:08:21 - app.services.scraper_v2 - INFO - get_links:108 - Scraping feed: https://sifted.eu/sections/artificial-intelligence/
2026-02-07 11:08:22 - app.services.scraper_v2 - INFO - get_links:108 - Scraping feed: https://sifted.eu/sections/startups/
2026-02-07 11:08:23 - jobs - INFO - run_scraper_loop:30 - Scraping source: Nature
2026-02-07 11:08:23 - app.services.scraper_v2 - INFO - get_links:108 - Scraping feed: https://www.nature.com/nature/articles?type=news
2026-02-07 11:08:27 - jobs - INFO - run_scraper_loop:30 - Scraping source: New Scientist
2026-02-07 11:08:27 - app.services.scraper_v2 - INFO - get_links:108 - Scraping feed: https://www.newscientist.com/section/news/
2026-02-07 11:08:55 - app.services.scraper_v2 - INFO - get_links:108 - Scraping feed: https://www.newscientist.com/subject/environment/
2026-04-02 10:15:31 - app.core.logging - INFO - setup_logging:71 - Logging system initialized
2026-04-02 10:36:03 - app.core.logging - INFO - setup_logging:71 - Logging system initialized
2026-04-02 10:36:04 - app.api.v1.endpoints.auth - WARNING - login_access_token:28 - Login failed for username=nobody123
2026-04-02 10:45:03 - app.api.v1.endpoints.auth - WARNING - login_access_token:28 - Login failed for username=nobody123
